-- phpMyAdmin SQL Dump
-- version 4.7.7
-- https://www.phpmyadmin.net/
--
-- Host: 127.0.0.1
-- Generation Time: 02-Out-2019 às 02:29
-- Versão do servidor: 10.1.30-MariaDB
-- PHP Version: 7.2.2

SET SQL_MODE = "NO_AUTO_VALUE_ON_ZERO";
SET AUTOCOMMIT = 0;
START TRANSACTION;
SET time_zone = "+00:00";


/*!40101 SET @OLD_CHARACTER_SET_CLIENT=@@CHARACTER_SET_CLIENT */;
/*!40101 SET @OLD_CHARACTER_SET_RESULTS=@@CHARACTER_SET_RESULTS */;
/*!40101 SET @OLD_COLLATION_CONNECTION=@@COLLATION_CONNECTION */;
/*!40101 SET NAMES utf8mb4 */;

--
-- Database: `dentallivramento2`
--

-- --------------------------------------------------------

--
-- Estrutura da tabela `carrinho`
--

CREATE TABLE `carrinho` (
  `id_carrinho` int(11) NOT NULL
) ENGINE=InnoDB DEFAULT CHARSET=latin1;

-- --------------------------------------------------------

--
-- Estrutura da tabela `categoria`
--

CREATE TABLE `categoria` (
  `id_categoria` int(11) NOT NULL,
  `nome` varchar(100) NOT NULL,
  `descricao` varchar(5000) NOT NULL,
  `imagem` varchar(5000) NOT NULL
) ENGINE=InnoDB DEFAULT CHARSET=latin1;

--
-- Extraindo dados da tabela `categoria`
--

INSERT INTO `categoria` (`id_categoria`, `nome`, `descricao`, `imagem`) VALUES
(6, 'Equipamentos', 'Equipamentos e acessórios odontológicos para o seu consultório disponíveis para venda.', 'https://conteudo.imguol.com.br/blogs/125/files/2016/10/utensilios-e-equipamentos-de-dentista-odontologia-broca-espatula-1452201753205_1920x1127.jpg'),
(7, 'Ortodontia', 'A categoria não possui descrição.', 'https://www.sindicatometal.org.br/wp-content/uploads/2018/02/ortodontia-e1517842522535-860x450_c.png'),
(8, 'Dentística', '..', 'https://wallpapercave.com/wp/wp1957138.jpg'),
(9, '', '', ''),
(10, 'Cirurgia e periodontia', '', ''),
(11, 'Protese e laboratorio', '', ''),
(12, 'Dentistica e estetica', '', ''),
(13, 'Brocas e pontas diamantada', '', ''),
(14, 'Descartaveis e limpeza', '', ''),
(15, 'Instrumentais e compartimentos', '', ''),
(16, 'Kit', '', ''),
(17, 'Anestesicos e agulha ', '', ''),
(18, 'Moldagem', '', ''),
(19, 'Endodontia e medicamentos', '', '');

-- --------------------------------------------------------

--
-- Estrutura da tabela `destaque`
--

CREATE TABLE `destaque` (
  `id_destaque` int(11) NOT NULL,
  `nome` varchar(100) DEFAULT NULL,
  `imagem` varchar(5000) NOT NULL,
  `id_grupo` int(11) NOT NULL
) ENGINE=InnoDB DEFAULT CHARSET=latin1;

--
-- Extraindo dados da tabela `destaque`
--

INSERT INTO `destaque` (`id_destaque`, `nome`, `imagem`, `id_grupo`) VALUES
(1, NULL, 'https://thirdforcenews.org.uk/images/uploads/articles/214331/web_dad_helping_children_do_homework.jpg', 15),
(3, 'Promo teste surpresa', 'https://lh3.googleusercontent.com/JfmPqZCVQmMHvNTh5Wt0c_cnB2dR-j8vT3ryGvCgRkrWY3c5UJjRB70IgOPVEKDv-8cHaYzvCSZDhTpJXxKkAYtR6QINe0LgdT8sXIcabyAeseOqq3ly6EAsjinKrgUWH6BUTqayZrczVfMnGmGBIjVLq8V75qgBFvHEl8Q2oyrzo4odxJJjlq92M5HrcV318ZPjQ662CiP7lca_g769POhUyxHw4e5blbD6WskFljtkjA14x3PKPGrGCcPD4bbg44x1DCOAItXknHbpV-wESEiHJbaPU9Hlo1FcOK2o-2upHg3Cy96NjBmVSzaPVLTb6O22KLmJXBoxMXYTbO53YPVduOFnJy0dGiOmSrDIutfoB21l0yMxPBtbDYigbm1rHUcvfQHE-ciw5qLXAwb9K1yqz0warp_HtcL3CEzi_SRSQ286Yo7UZcccDAlB2buwK9o3IbYuDSC7hP3yukSFmb7nRGBFqjg5chBTVSrLBKokeOuYIuvHbbzzfGaiwifPdqp6bQy7DGJkMR0WoVFefR5eN4cH9f9DZcbzNRe1bwIxoC5K1HaR9mx9p0uoF97BS9h4QT4jBM12rFxXty72xrS2nTJ9MepwKt-FqqcWK1x5qIC-Mt-c3-cijmiQ2QkWi1m30uXtPUxyD0b5lZHecl8=w956-h500-no', 30),
(4, NULL, 'https://inepo.com.br/pacientes/wp-content/uploads/2018/09/banner-inicio-orto.png', 19);

-- --------------------------------------------------------

--
-- Estrutura da tabela `estilo`
--

CREATE TABLE `estilo` (
  `id_estilo` int(11) NOT NULL,
  `hexadecimal` varchar(7) NOT NULL,
  `local` varchar(250) NOT NULL,
  `nome` varchar(25) NOT NULL,
  `status` int(11) NOT NULL
) ENGINE=InnoDB DEFAULT CHARSET=latin1;

--
-- Extraindo dados da tabela `estilo`
--

INSERT INTO `estilo` (`id_estilo`, `hexadecimal`, `local`, `nome`, `status`) VALUES
(1, '#00BAFA', 'default.css', 'Azul', 1),
(2, '#FFB548', 'color-option2.css', 'Amarelo', 0),
(3, '#F45C5D', 'color-option4.css', 'Vermelho', 0),
(4, '#9B59B6', 'color-option1.css', 'Roxo', 0);

-- --------------------------------------------------------

--
-- Estrutura da tabela `foto`
--

CREATE TABLE `foto` (
  `id_foto` int(11) NOT NULL,
  `src` varchar(2000) NOT NULL
) ENGINE=InnoDB DEFAULT CHARSET=latin1;

--
-- Extraindo dados da tabela `foto`
--

INSERT INTO `foto` (`id_foto`, `src`) VALUES
(1, 'menu-photo_1.jpg'),
(2, 'menu-photo_2.jpg'),
(4, 'bg-testimoni.jpg'),
(5, 'about.png'),
(6, 'bg-about.jpg'),
(7, 'people-01.jpg'),
(8, 'people-04.jpg'),
(9, 'title-img.jpg'),
(10, 'blog-small-03.jpg'),
(11, 'blog-01.jpg'),
(12, 'blog-03.jpg'),
(13, 'featured-collection-02.jpg'),
(14, 'featurporch1.jpg');

-- --------------------------------------------------------

--
-- Estrutura da tabela `grupo`
--

CREATE TABLE `grupo` (
  `id_grupo` int(11) NOT NULL,
  `nome` varchar(100) NOT NULL,
  `id_categoria` int(11) NOT NULL
) ENGINE=InnoDB DEFAULT CHARSET=latin1;

--
-- Extraindo dados da tabela `grupo`
--

INSERT INTO `grupo` (`id_grupo`, `nome`, `id_categoria`) VALUES
(15, 'Acessórios', 6),
(16, 'Peças de mão', 6),
(17, 'Raio X', 6),
(19, 'Acessórios Ortodônticos', 7),
(20, 'Adesivos para braquetes', 7),
(21, 'Afastadores Labiais', 7),
(22, 'Alicates', 7),
(23, 'Arcos Braided', 7),
(24, 'Arcos Curva Reversa', 7),
(25, 'Arcos de Aço', 7),
(26, 'Arcos de Niti Copper', 7),
(27, 'Arcos de Niti Superelástico', 7),
(28, 'Arcos de Niti Termoativado', 7),
(29, 'Arcos Estéticos', 7),
(30, 'Bandas Inferiores com Tubos', 8),
(31, '', 9),
(32, 'Ucla plastica', 10),
(33, 'Ligadura tematica', 7),
(34, 'Geral', 11),
(35, 'Insolante para resina ', 11),
(36, 'Bionix', 11),
(37, 'Ligadura modular', 7),
(38, 'Ligadura em corrente', 7),
(39, 'Cimentacao', 12),
(40, 'Forrador', 12),
(41, 'Restauracao', 12),
(42, 'Restauracoes', 12),
(43, 'Resina acrilica p/ provisorio', 11),
(44, 'Resina', 7),
(45, 'Cera', 11),
(46, 'Resina acrilica auto liquido', 11),
(47, 'Resina acrilica termo po', 11),
(48, 'Sonda', 10),
(49, 'Intra oral', 7),
(50, 'Preminun', 14),
(51, 'Resina acrilica termo liquido', 11),
(52, 'Componente oring', 10),
(53, 'Ceramico', 7),
(54, 'Orthogalaxy', 7),
(55, 'Metalico convencional', 7),
(56, 'Autoligado metalico', 7),
(57, 'Braquete metalico lingual', 7),
(58, 'Safiro', 7),
(59, 'Autoligado ceramico', 7),
(60, 'Simple roth', 7),
(61, 'Duplo roth', 7),
(62, 'Autoclave', 6),
(63, 'Guia de mordida', 7),
(64, 'Stop retangulares', 7),
(65, 'Gancho ponta bola', 7),
(66, 'Fita para contencao lingual', 7),
(67, 'Ganchos longos', 7),
(68, 'Botao para solda', 7),
(69, 'Botao para colagem', 7),
(70, 'Gancho longo', 7),
(71, 'Cirurgico', 12),
(72, 'Transfer', 10),
(73, 'Ucla titanio', 10),
(74, 'Suporte embalagem', 14),
(75, 'Rolo', 14),
(76, 'Sensor digital', 6),
(77, 'Filme', 6),
(78, 'Cofia', 10),
(79, 'Ucla base cromo', 10),
(80, 'Mini conico', 10),
(81, 'Bicarbonato', 12),
(82, 'Laminas', 15),
(83, 'Tampa', 10),
(84, 'Barra clip', 10),
(85, 'Alicate sem tampa', 15),
(86, 'Arcos', 15),
(87, 'Bengalinha', 15),
(88, 'Alicate com tampa', 15),
(89, 'Corrente', 15),
(90, 'Alicate deitado', 15),
(91, 'Maleta para alicates', 15),
(92, 'Algodao rolete', 15),
(93, 'Porta resina', 15),
(94, 'Toucador', 15),
(95, 'Babador', 15),
(96, 'Caixa de luvas', 15),
(97, 'Analogo', 10),
(98, 'Munhao hi e he', 10),
(99, 'Kit', 10),
(100, 'Implante', 16),
(101, 'Cicatrizador hi', 10),
(102, 'Cicatrizador he', 10),
(103, 'Cicatrizador cm', 10),
(104, 'Marcador de instrumento', 15),
(105, 'Silicone', 11),
(106, 'Munhao cone morse ', 10),
(107, 'Protecao radiologa', 6),
(108, 'Implante conico hi', 10),
(109, 'Implante cone morse', 10),
(110, 'Parafuso', 10),
(111, 'Afastador labial', 15),
(112, 'Para clariamento', 15),
(113, 'Para foto', 15),
(114, 'Com retrator', 15),
(115, 'Resinoso', 12),
(116, 'Resina acrilica auto po', 11),
(117, 'Acionamento', 6),
(118, 'Triunfo', 11),
(119, 'Seladora', 6),
(120, 'Acessorio para raio-x', 6),
(121, 'Cuba de ultrassom', 6),
(122, 'Resina acrilica auto kit', 11),
(123, 'Agulha gengival', 17),
(124, 'Kit esteril', 14),
(125, 'Negatoscopio', 6),
(126, 'Tipo 4', 11),
(127, 'Envelope', 14),
(128, 'Indicador quimico', 14),
(129, 'Anestesico topico', 17),
(130, 'Tipo 2', 18),
(131, 'Protecao', 6),
(132, 'Microcanulas', 17),
(133, 'Maniquin', 12),
(134, 'Aco redondo', 7),
(135, 'Aco retangular', 7),
(136, 'Niti fechada', 7),
(137, 'Niti superelastico redondo', 7),
(138, 'Niti superelastico retangular', 7),
(139, 'Niti termo redondo', 7),
(140, 'Niti termo retangular', 7),
(141, 'Curva reversa redondo', 7),
(142, 'Estetico redondo', 7),
(143, 'Estetico retangular', 7),
(144, 'Niti aberta', 7),
(145, 'Copper niti redondo', 7),
(146, 'Copper niti retangular', 7),
(147, 'Corte amarrilho for her', 7),
(148, 'Corte amarrilho', 7),
(149, 'Corte distal confort', 7),
(150, 'Corte fio grosso', 7),
(151, 'Alihnadores', 7),
(152, '109 de la rosa', 7),
(153, '110 how reto', 7),
(154, '111 how curvo', 7),
(155, '139 angle', 7),
(156, '158 formar amarrilho', 7),
(157, '168 dobrar em v', 7),
(158, 'Dobrador de arco de niti', 7),
(159, '200 tridente', 7),
(160, '120 weingart', 7),
(161, '325 universal', 7),
(162, 'Removedor de braquete curvo', 7),
(163, '347 removedor de banda', 7),
(164, 'Alicate 350 tweed omega loop', 12),
(165, '400 w torque individual', 7),
(166, '410 atkinson', 7),
(167, '442 c tweed', 7),
(168, '001 nance', 7),
(169, '053 meia cana', 7),
(170, '074 young', 7),
(171, 'Removedor de braquete reto', 7),
(172, 'Gancho bola', 7),
(173, 'Porta agulha mathieu', 15),
(174, 'Pinca para braquetes', 7),
(175, 'Pinca para tubos', 7),
(176, 'Acalcador', 7),
(177, 'Posicionador', 7),
(178, 'Dobrador de amarrilho', 7),
(179, 'Para bandas foto', 7),
(180, 'Resinas e adesivos', 7),
(181, 'Ionomero para bandas auto', 7),
(182, 'Adicao', 18),
(183, 'Tira de lixa resina', 12),
(184, 'Ponta de guta ', 19),
(185, 'Ponta de papel', 19),
(186, 'Para metal', 12),
(187, 'Resina protetora', 7),
(188, 'Clareador interno', 12),
(189, 'Fibra de vidro', 11),
(190, 'Pastilhas parra limpeza', 7),
(191, 'Caixa concha', 7),
(192, 'Nitrilo', 14),
(193, 'Flow', 12),
(194, 'Esponja', 10),
(195, 'Cordada', 10),
(196, 'Zinco', 12),
(197, 'Endodontico', 19),
(198, 'Verniz de fluor', 12),
(199, 'Fosforico', 12),
(200, 'Com vaso', 17),
(201, 'Hidroxido auto', 12),
(202, 'Provisorio', 12),
(203, 'Fluor em gel', 12),
(204, 'Pedra pomes', 12),
(205, 'Pasta profilatica', 12),
(206, 'Extroral', 7),
(207, 'Curva reversa retangular', 7),
(208, 'Solda prata rolo', 7),
(209, 'Tracionador', 7),
(210, 'Dobrador de expansor', 7),
(211, 'Colocador de elasticos', 7),
(212, 'Torre ortodontica', 7),
(213, 'Tensiometro', 7),
(214, 'Aco aberta', 7),
(215, 'Aco fechada', 7),
(216, 'Embalagem para paciente', 15),
(217, 'Universal', 7),
(218, 'Caixa para bandas', 7),
(219, 'Extra oral', 7),
(220, 'Ligadura bengalinha', 7),
(221, 'Elastico separador', 7),
(222, 'Expansor', 7),
(223, 'Expansor hyrax', 7),
(224, 'Rolo duro elastico inox', 7),
(225, 'Fio amarrilho', 7),
(226, 'Vareta azul morealloy', 7),
(227, 'Vareta standard de aco', 7),
(228, 'Triplo roth', 7),
(229, 'Vareta twist flex ', 7),
(230, 'Elastico rotador', 7),
(231, 'Barra palatina com loop mesial', 7),
(232, 'Gurin sem gancho', 7),
(233, 'Chave para gurin', 7),
(234, 'Gancho para tracao', 7),
(235, 'Light', 7),
(236, 'Diversos', 7),
(237, 'Vareta standard  aco', 7),
(238, 'Gurin com gancho', 7),
(239, 'Template', 7),
(240, 'Destacador de tampa', 7),
(241, 'Dobrador de distal', 7),
(242, 'Policarbonato', 7),
(243, 'Composite', 7),
(244, 'Advanced', 7),
(245, 'Vareta tma', 7),
(246, 'Pinca plic', 7),
(247, 'Completa dentado', 18),
(248, 'Completa', 18),
(249, 'Adesivo', 7),
(250, 'Expansor universal', 7),
(251, 'Max', 7),
(252, 'Gurin haste longa', 7),
(253, 'Fio meia cana', 7),
(254, 'Protetor de fio', 7),
(255, 'Caixa de aparelho', 7),
(256, 'Tala ortodonitca', 7),
(257, 'Stop redondos', 7),
(258, 'Miniparafuso', 7),
(259, 'Lingual', 7),
(260, 'Chaves', 7),
(261, 'Cera protecao', 7),
(262, 'Simple mbt', 7),
(263, 'Mascara para tracao', 7),
(264, 'Pre-molar', 7),
(265, 'Mini esporao', 7),
(266, 'Autoligado', 7),
(267, 'Tubo simples', 7),
(268, 'Tubo duplo', 7),
(269, 'Tubo triplo', 7),
(270, 'Tubo triplo com tubo lingual', 7),
(271, 'Caixa multiuso', 7),
(272, 'Cursor mesializador', 7),
(273, 'Kit de arcos', 7),
(274, 'Polimento e remacao', 7),
(275, 'Dispensador', 18),
(276, 'Descartavel', 14),
(277, 'Obturador provisorio', 12),
(278, 'Hidroxido de calcio foto', 12),
(279, 'Fluoridrico', 12),
(280, 'Silano', 12),
(281, 'Barreira gengival', 12),
(282, 'Caseiro', 12),
(283, 'Fio', 18),
(284, 'Evidenciador', 19),
(285, 'Selante', 12),
(286, 'Curativo', 10),
(287, 'Cariostatico', 12),
(288, 'Solucao', 19),
(289, 'Gel', 18),
(290, 'Solvente', 19),
(291, 'Dessensibilizante', 12),
(292, 'Bisacrilica', 11),
(293, 'Discos diversos', 12),
(294, 'Disco de lixa', 13),
(295, 'Cunha de madeira', 12),
(296, 'Tira de lixa aco', 12),
(297, 'Cunha elastica', 12),
(298, 'Matriz de poliester', 12),
(299, 'Pasta de polimento', 9),
(300, 'Pincel', 12),
(301, 'Instrumentais para diversos', 12),
(302, 'Po e liquido', 11),
(303, 'Matriz metalica', 12),
(304, 'Coroa de poliester', 11),
(305, 'Matriz cervical', 12),
(306, 'Aplicador descartavel', 12),
(307, 'K', 19),
(308, 'H', 19),
(309, 'Materila para consultorio', 12),
(310, 'Broca largo', 13),
(311, 'Moldeira kit', 18),
(312, 'Moldeiras parciais', 18),
(313, 'Moldeira descartavel', 18),
(314, 'Saliva', 14),
(315, 'Para fundicao', 11),
(316, 'Soft', 18),
(317, 'Consultorio', 12),
(318, 'Arco', 19),
(319, 'Isolamento', 19),
(320, 'Arcada', 12),
(321, 'Reto', 12),
(322, 'Brindes para pacientes', 7),
(323, 'Abridor de boca', 15),
(324, 'Molderira para fluor', 18),
(325, 'Espacador', 19),
(326, 'Stop de silicone', 19),
(327, 'Broca gates', 13),
(328, 'Evidenciador de placa', 12),
(329, 'Metalico', 11),
(330, 'Tamborel de apoio', 19),
(331, 'Ponta de aspiracao', 19),
(332, 'Regua', 19),
(333, 'Algodao hidrofilo', 14),
(334, 'Articulador', 6),
(335, 'Fotoplimerizador', 6),
(336, 'Plastificadora', 10),
(337, 'Cristal ', 18),
(338, 'Lupa', 6),
(339, 'Inox dentad kit', 18),
(340, 'Hipoclorito', 19),
(341, 'Para alta rotacao', 13),
(342, 'Taca de borracha', 12),
(343, 'Mandril ca', 13),
(344, 'Broca carbide', 13),
(345, 'Colmeia diamantada', 12),
(346, 'Kit polimento', 12),
(347, 'Escovas', 12),
(348, 'Cavitador e ultrassom', 6),
(349, 'Avental', 14),
(350, 'Desincrustante', 14),
(351, 'Touca', 14),
(352, 'Espatula para gesso', 11),
(353, 'Typodont metal', 7),
(354, 'Base', 11),
(355, 'De latao', 11),
(356, 'Macarico blaster', 11),
(357, 'Zolacdor pastico', 11),
(358, 'Fio de latao', 7),
(359, 'Lecron', 15),
(360, 'Porta algodao', 15),
(361, 'Prendedor jacare corrente', 15),
(362, 'Camara escura', 6),
(363, 'Eliminadora de bolhas', 11),
(364, 'Jateamento e desgaste', 11),
(365, 'Oxido aluminio', 11),
(366, 'Vibrador de gesso', 6),
(367, 'Solda ponto', 7),
(368, 'Prensa', 11),
(369, 'Carpule', 15),
(370, 'Corte distal master', 7),
(371, 'Corte amarrilho master', 7),
(372, 'Cimento', 15),
(373, '114 jonson conformador d banda', 7),
(374, '350 tweed omega loop', 7),
(375, 'Corte amarrilho premiu', 7),
(376, 'Corte distal gold', 7),
(377, 'Jaraback', 7),
(378, 'Tesoura', 15),
(379, 'Pinca auxiliar', 15),
(380, 'Pinca palmer', 15),
(381, 'Alavanca', 15),
(382, 'Para resina', 15),
(383, 'Pinca mosquito', 15),
(384, 'Clinico', 15),
(385, 'Descolador', 15),
(386, 'Removedor de braquete ceramico', 7),
(387, 'Bandeja plastica', 15),
(388, 'Braided', 7),
(389, 'Corte distal', 7),
(390, 'Reposicao metalico', 7),
(391, 'Simples conversivel', 7),
(392, 'Motor para implante', 13),
(393, 'Micro motor', 6),
(394, 'Contra angulo', 6),
(395, 'Contra angulo para implante', 15),
(396, 'Peca cirurgica', 6),
(397, 'Peca reta', 6),
(398, 'Academico', 6),
(399, 'Caneta alta rotacao', 6),
(400, 'Seringa triplice', 6),
(401, 'Jato para bicarbonato', 6),
(402, 'Edta', 19),
(403, 'Idoformio', 19),
(404, 'Paramono', 19),
(405, 'Tigela de borracha', 18),
(406, 'Espatula para alginato', 18),
(407, 'Fg/ca', 15),
(408, 'Fg', 15),
(409, 'Refil', 19),
(410, 'Restaurador provisorio', 12),
(411, 'Bolsa termica', 10),
(412, 'Cimento de zinco', 12),
(413, 'Mascara tipla com elastico', 14),
(414, 'Plastico', 14),
(415, 'Oleo spray', 6),
(416, 'Ponta diamantada', 13),
(417, 'Condensacao', 18),
(418, 'Nylon', 10),
(419, 'Seda', 10),
(420, 'Agua destilada', 14),
(421, 'Ortodontico', 11),
(422, 'Tipo 3', 11),
(423, 'Baixa fusao', 11),
(424, 'Sabonete', 14),
(425, 'De gesso', 11),
(426, 'Solucao de milton', 19),
(427, 'Alcool gel', 14),
(428, 'Detergente para instrumentos', 14),
(429, 'Alcool solucao', 14),
(430, 'Detergente enzimatico', 14),
(431, 'Vicryl', 10),
(432, 'Bolinha de espuma', 12),
(433, 'Em gel', 11),
(434, 'Corante para resina', 12),
(435, 'Registro de mordida', 18),
(436, 'Admira fusion', 12),
(437, 'Modelos', 18),
(438, 'Teste de vitalidade', 19),
(439, 'Oleo de laranja', 19),
(440, 'Cirurgico descartavel', 14),
(441, 'Tira de poliester', 12),
(442, 'Eugenol', 19),
(443, 'Formacrecol', 12),
(444, 'Teicresol', 19),
(445, 'Espatula para ionomero', 12),
(446, 'De alginato', 11),
(447, 'De cera', 11),
(448, 'Limpador aco inox', 14),
(449, 'Detergente neutro', 14),
(450, 'Para copia dental', 18),
(451, 'Ativador', 18),
(452, 'Cimento para lentes', 12),
(453, 'Gengiva', 18),
(454, 'Pontas automistura', 18),
(455, 'Laboratorio', 18),
(456, 'Condensador', 19),
(457, 'Broca lentulo mecanisado', 19),
(458, 'Flexile', 19),
(459, 'Resina composta p/ laboratorio', 11),
(460, 'Algodao em rolete', 14),
(461, '121 bico chato', 7),
(462, 'Lima rotatoria', 19),
(463, 'Osso', 10),
(464, 'Membrana', 10),
(465, 'Simples damon', 7),
(466, 'Sequencia', 7),
(467, 'Contour niti', 7),
(468, 'Cabo para espelho', 15),
(469, 'Forceps adulto', 15),
(470, 'Saca coroa', 15),
(471, 'Cabo de bisturi', 15),
(472, 'Pinca clinica', 15),
(473, 'Latex', 14);

-- --------------------------------------------------------

--
-- Estrutura da tabela `item`
--

CREATE TABLE `item` (
  `id_item` int(11) NOT NULL,
  `descricao` varchar(1000) NOT NULL,
  `imagem` varchar(5000) NOT NULL,
  `destaque` enum('1','0') NOT NULL,
  `tipo` varchar(100) NOT NULL,
  `id_subgrupo` int(11) NOT NULL,
  `id_marca` int(11) NOT NULL
) ENGINE=InnoDB DEFAULT CHARSET=latin1;

--
-- Extraindo dados da tabela `item`
--

INSERT INTO `item` (`id_item`, `descricao`, `imagem`, `destaque`, `tipo`, `id_subgrupo`, `id_marca`) VALUES
(1, 'produto top demaisss', 'https://sparco.vteximg.com.br/arquivos/ids/157741-1000-1000/008007RNR_01.jpg', '1', '', 1, 1),
(2, 'outro top produtovsky.', '', '1', '', 1, 2),
(3, 'esse volante eh bom', 'http://img03.taobaocdn.com/imgextra/i3/155126098/T2D36jXaFaXXXXXXXX_!!155126098.jpg', '1', '', 2, 1),
(4, 'esse eh boom pow', 'https://http2.mlstatic.com/volante-esportivo-sparco-35cm-dimentro-camurca-D_NQ_NP_746149-MLB26636288403_012018-F.jpg', '1', '', 2, 2),
(5, '', '', '', '', 4, 4),
(6, '', '', '', '\r', 5, 5),
(7, '', '', '', '\r', 6, 6),
(8, '', '', '', '\r', 7, 7),
(9, '', '', '', '\r', 8, 7),
(10, '', '', '', 'Amarelo\r', 6, 6),
(11, '', '', '', 'Azul bebe\r', 6, 6),
(12, '', '', '', 'Azul celeste\r', 6, 6),
(13, '', '', '', 'Azul claro\r', 6, 6),
(14, '', '', '', 'Azul crisatal\r', 6, 6),
(15, '', '', '', 'Azul jeans\r', 6, 6),
(16, '', '', '', 'Azul metalizado\r', 6, 6),
(17, '', '', '', 'Azul royal\r', 6, 6),
(18, '', '', '', 'Branco\r', 6, 6),
(19, '', '', '', 'Cereja\r', 6, 6),
(20, '', '', '', 'Laranja\r', 6, 6),
(21, '', '', '', 'Laranja escuro\r', 6, 6),
(22, '', '', '', 'Lilas\r', 6, 6),
(23, '', '', '', 'Perola\r', 6, 6),
(24, '', '', '', 'Pink\r', 6, 6),
(25, '', '', '', 'Pink escuro\r', 6, 6),
(26, '', '', '', 'Prata\r', 6, 6),
(27, '', '', '', 'Preto\r', 6, 6),
(28, '', '', '', 'Rosa bebe\r', 6, 6),
(29, '', '', '', 'Rosa perola\r', 6, 6),
(30, '', '', '', 'Sortido\r', 6, 6),
(31, '', '', '', 'Sortido estetica\r', 6, 6),
(32, '', '', '', 'Sortido metalisado\r', 6, 6),
(33, '', '', '', 'Trasmparente\r', 6, 6),
(34, '', '', '', 'Turquesa\r', 6, 6),
(35, '', '', '', 'Uva\r', 6, 6),
(36, '', '', '', 'Uva cristal\r', 6, 6),
(37, '', '', '', 'Verde\r', 6, 6),
(38, '', '', '', 'Verde neon\r', 6, 6),
(39, '', '', '', 'Vermelho\r', 6, 6),
(40, '', '', '', 'Vermelho intenso\r', 6, 6),
(41, '', '', '', '\r', 9, 8),
(42, '', '', '', 'Espesial 2\r', 9, 8),
(43, '', '', '', 'Especial\r', 9, 8),
(44, '', '', '', '\r', 10, 9),
(45, '', '', '', '\r', 11, 8),
(46, '', '', '', '\r', 12, 8),
(47, '', '', '', 'Azul perolizado\r', 6, 6),
(48, '', '', '', '\r', 13, 10),
(49, '', '', '', '\r', 12, 7),
(50, '', '', '', '\r', 14, 11),
(51, '', '', '', '\r', 14, 1),
(52, '', '', '', '\r', 15, 12),
(53, '', '', '', '\r', 15, 6),
(54, '', '', '', 'Roth \r', 16, 6),
(55, '', '', '', '\r', 16, 6),
(56, '', '', '', 'Mbt\r', 16, 6),
(57, '', '', '', '\r', 17, 6),
(58, '', '', '', '\r', 18, 13),
(59, '', '', '', '\r', 19, 6),
(60, '', '', '', '\r', 20, 6),
(61, '', '', '', 'Especial\r', 20, 6),
(62, '', '', '', '\r', 21, 8),
(63, '', '', '', '\r', 22, 1),
(64, '', '', '', '\r', 23, 14),
(65, '', '', '', '\r', 18, 1),
(66, '', '', '', 'Especial\r', 23, 1),
(67, '', '', '', '\r', 24, 15),
(68, '', '', '', '\r', 25, 16),
(69, '', '', '', '\r', 26, 17),
(70, '', '', '', '\r', 27, 18),
(71, '', '', '', '\r', 27, 1),
(72, '', '', '', '\r', 28, 1),
(73, '', '', '', 'Especial\r', 5, 5),
(74, '', '', '', 'Kit', 29, 19),
(75, '', '', '', '\r', 30, 20),
(76, '', '', '', '\r', 30, 2),
(77, '', '', '', '\r', 31, 2),
(78, '', '', '', '\r', 23, 21),
(79, '', '', '', '\r', 32, 6),
(80, '', '', '', '\r', 21, 1),
(81, '', '', '', '\r', 11, 1),
(82, '', '', '', '\r', 23, 1),
(83, '', '', '', '\r', 33, 22),
(84, '', '', '', '\r', 33, 2),
(85, '', '', '', '\r', 34, 23),
(86, '', '', '', '\r', 23, 24),
(87, '', '', '', '\r', 35, 8),
(88, '', '', '', '\r', 36, 2),
(89, '', '', '', '\r', 37, 2),
(90, '', '', '', '\r', 18, 2),
(91, '', '', '', '\r', 33, 25),
(92, '', '', '', '\r', 38, 26),
(93, '', '', '', '\r', 39, 6),
(94, '', '', '', '\r', 40, 6),
(95, '', '', '', '\r', 26, 1),
(96, '', '', '', '\r', 41, 6),
(97, '', '', '', '\r', 42, 6),
(98, '', '', '', '\r', 38, 6),
(99, '', '', '', '\r', 13, 8),
(100, '', '', '', '\r', 13, 6),
(101, '', '', '', '\r', 43, 6),
(102, '', '', '', 'Espesial 2\r', 18, 1),
(103, '', '', '', '\r', 44, 27),
(104, '', '', '', '\r', 45, 8),
(105, '', '', '', '\r', 46, 28),
(106, '', '', '', '\r', 46, 2),
(107, '', '', '', '\r', 47, 2),
(108, '', '', '', '\r', 48, 2),
(109, '', '', '', '\r', 49, 29),
(110, '', '', '', '\r', 50, 30),
(111, '', '', '', '\r', 48, 6),
(112, '', '', '', '\r', 27, 6),
(113, '', '', '', 'Espesial 3\r', 51, 1),
(114, '', '', '', '\r', 52, 31),
(115, '', '', '', '\r', 21, 32),
(116, '', '', '', '\r', 21, 3),
(117, '', '', '', '\r', 9, 3),
(118, '', '', '', '\r', 24, 3),
(119, '', '', '', '\r', 53, 3),
(120, '', '', '', '\r', 36, 3),
(121, '', '', '', '\r', 8, 3),
(122, '', '', '', '\r', 36, 33),
(123, '', '', '', '\r', 39, 34),
(124, '', '', '', '\r', 39, 3),
(125, '', '', '', 'Especial\r', 38, 3),
(126, '', '', '', '\r', 38, 3),
(127, '', '', '', '\r', 54, 3),
(128, '', '', '', '\r', 40, 3),
(129, '', '', '', '\r', 27, 3),
(130, '', '', '', '\r', 55, 3),
(131, '', '', '', '\r', 6, 3),
(132, '', '', '', 'Trasmparente\r', 6, 3),
(133, '', '', '', 'Cinza\r', 6, 3),
(134, '', '', '', 'Sortido\r', 6, 3),
(135, '', '', '', 'Azul bebe\r', 6, 3),
(136, '', '', '', 'Amarelo\r', 6, 3),
(137, '', '', '', 'Verde musgo\r', 6, 3),
(138, '', '', '', 'Azul\r', 6, 3),
(139, '', '', '', 'Vermelho\r', 6, 3),
(140, '', '', '', 'Preto\r', 6, 3),
(141, '', '', '', 'Rosa\r', 6, 3),
(142, '', '', '', 'Roxo\r', 6, 3),
(143, '', '', '', 'Verde mar\r', 6, 3),
(144, '', '', '', 'Verde\r', 6, 3),
(145, '', '', '', '\r', 56, 3),
(146, '', '', '', '\r', 20, 3),
(147, '', '', '', '\r', 57, 3),
(148, '', '', '', 'Espesial 2\r', 20, 3),
(149, '', '', '', '\r', 17, 3),
(150, '', '', '', '\r', 19, 3),
(151, '', '', '', '\r', 15, 3),
(152, '', '', '', 'Azul marinho\r', 6, 3),
(153, '', '', '', 'Prata\r', 6, 3),
(154, '', '', '', 'Rosa bebe\r', 6, 3),
(155, '', '', '', 'Azul claro\r', 6, 3),
(156, '', '', '', 'Roth 2\r', 16, 3),
(157, '', '', '', 'Especial\r', 16, 3),
(158, '', '', '', '\r', 16, 3),
(159, '', '', '', 'Verde limao cristal\r', 6, 3),
(160, '', '', '', 'Vermelho cristal\r', 6, 3),
(161, '', '', '', 'Laranja crisatal\r', 6, 3),
(162, '', '', '', 'Verde cristal\r', 6, 3),
(163, '', '', '', 'Azul crisatal\r', 6, 3),
(164, '', '', '', 'Marfim\r', 6, 3),
(165, '', '', '', '\r', 32, 3),
(166, '', '', '', '\r', 58, 3),
(167, '', '', '', '\r', 13, 3),
(168, '', '', '', 'Roth \r', 16, 3),
(169, '', '', '', 'Pink crisatal\r', 6, 3),
(170, '', '', '', 'Especial\r', 54, 3),
(171, '', '', '', 'Vinho\r', 6, 3),
(172, '', '', '', 'Verde perola\r', 6, 3),
(173, '', '', '', 'Rosa perola\r', 6, 3),
(174, '', '', '', 'Especial\r', 19, 3),
(175, '', '', '', '\r', 59, 3),
(176, '', '', '', '\r', 60, 3),
(177, '', '', '', 'Especial\r', 40, 3),
(178, '', '', '', 'Espesial 3\r', 59, 3),
(179, '', '', '', 'Especial\r', 59, 3),
(180, '', '', '', 'Espesial 2\r', 59, 3),
(181, '', '', '', 'Espacial 4\r', 59, 3),
(182, '', '', '', 'Mbt\r', 16, 3),
(183, '', '', '', 'Branco renda\r', 6, 3),
(184, '', '', '', 'Lilas\r', 6, 3),
(185, '', '', '', 'Sortido cristal\r', 6, 3),
(186, '', '', '', 'Especial 5\r', 59, 3),
(187, '', '', '', '\r', 48, 3),
(188, '', '', '', 'Especial\r', 56, 3),
(189, '', '', '', 'Especial\r', 15, 3),
(190, '', '', '', 'Espesial 2\r', 16, 3),
(191, '', '', '', 'Espesial 2\r', 15, 3),
(192, '', '', '', 'Uva cristal\r', 6, 3),
(193, '', '', '', '\r', 44, 1),
(194, '', '', '', '\r', 61, 1),
(195, '', '', '', '\r', 9, 1),
(196, '', '', '', '\r', 48, 1),
(197, '', '', '', '\r', 53, 1),
(198, '', '', '', '\r', 62, 1),
(199, '', '', '', '\r', 49, 1),
(200, '', '', '', '\r', 63, 1),
(201, '', '', '', '\r', 64, 1),
(202, '', '', '', '\r', 24, 1),
(203, '', '', '', '\r', 65, 1),
(204, '', '', '', '\r', 66, 1),
(205, '', '', '', '\r', 51, 1),
(206, '', '', '', '\r', 67, 1),
(207, '', '', '', '\r', 46, 1),
(208, '', '', '', '\r', 68, 1),
(209, '', '', '', '\r', 13, 1),
(210, '', '', '', '\r', 47, 1),
(211, '', '', '', '\r', 12, 1),
(212, '', '', '', '\r', 10, 35),
(213, '', '', '', '\r', 10, 36),
(214, '', '', '', '\r', 45, 37),
(215, '', '', '', '\r', 45, 3),
(216, '', '', '', '\r', 69, 3),
(217, '', '', '', '\r', 70, 3),
(218, '', '', '', '\r', 71, 3),
(219, '', '', '', '\r', 72, 3),
(220, '', '', '', '\r', 73, 3),
(221, '', '', '', '\r', 36, 38),
(222, '', '', '', '\r', 50, 39),
(223, '', '', '', '\r', 74, 3),
(224, '', '', '', '\r', 75, 3),
(225, '', '', '', '\r', 76, 3),
(226, '', '', '', '\r', 77, 3),
(227, '', '', '', '\r', 78, 3),
(228, '', '', '', '\r', 50, 3),
(229, '', '', '', '\r', 79, 3),
(230, '', '', '', '\r', 49, 3),
(231, '', '', '', '\r', 80, 3),
(232, '', '', '', '\r', 11, 3),
(233, '', '', '', '\r', 81, 3),
(234, '', '', '', 'Especial\r', 75, 3),
(235, '', '', '', 'Especial\r', 50, 3),
(236, '', '', '', '\r', 64, 3),
(237, '', '', '', '\r', 82, 3),
(238, '', '', '', '\r', 83, 3),
(239, '', '', '', '\r', 22, 40),
(240, '', '', '', '\r', 52, 41),
(241, '', '', '', '\r', 18, 42),
(242, '', '', '', '\r', 18, 4),
(243, '', '', '', '\r', 84, 4),
(244, '', '', '', '\r', 79, 4),
(245, '', '', '', '\r', 58, 4),
(246, '', '', '', '\r', 85, 43),
(247, '', '', '', '\r', 10, 3),
(248, '', '', '', 'Especial\r', 86, 3),
(249, '', '', '', '\r', 86, 3),
(250, '', '', '', 'Especial\r', 77, 3),
(251, '', '', '', 'Especial\r', 45, 3),
(252, '', '', '', 'Espesial 2\r', 45, 3),
(253, '', '', '', 'Espesial 3\r', 45, 3),
(254, '', '', '', '\r', 18, 3),
(255, '', '', '', 'Espesial 2\r', 51, 1),
(256, '', '', '', 'Especial\r', 51, 1),
(257, '', '', '', 'Especial\r', 22, 2),
(258, '', '', '', '\r', 38, 1),
(259, '', '', '', '\r', 34, 2),
(260, '', '', '', '\r', 87, 44),
(261, '', '', '', 'Especial\r', 38, 4),
(262, '', '', '', '\r', 88, 4),
(263, '', '', '', '\r', 23, 4),
(264, '', '', '', '\r', 89, 4),
(265, '', '', '', 'Espesial 2\r', 88, 4),
(266, '', '', '', 'Especial\r', 88, 4),
(267, '', '', '', 'Espesial 2\r', 38, 4),
(268, '', '', '', '\r', 38, 4),
(269, '', '', '', '\r', 30, 4),
(270, '', '', '', '\r', 27, 4),
(271, '', '', '', '\r', 23, 2),
(272, '', '', '', '\r', 84, 2),
(273, '', '', '', '\r', 90, 2),
(274, '', '', '', '\r', 38, 2),
(275, '', '', '', '\r', 91, 2),
(276, '', '', '', '\r', 41, 2),
(277, '', '', '', '\r', 87, 2),
(278, '', '', '', '\r', 42, 2),
(279, '', '', '', 'Especial\r', 92, 2),
(280, '', '', '', '\r', 92, 2),
(281, '', '', '', 'Espacial 4\r', 92, 2),
(282, '', '', '', 'Espesial 3\r', 92, 2),
(283, '', '', '', '\r', 27, 2),
(284, '', '', '', 'Espesial 2\r', 87, 2),
(285, '', '', '', 'Especial\r', 87, 2),
(286, '', '', '', 'Especial 5\r', 92, 2),
(287, '', '', '', '\r', 78, 2),
(288, '', '', '', '\r', 28, 2),
(289, '', '', '', '\r', 93, 2),
(290, '', '', '', 'Especial 5\r', 87, 2),
(291, '', '', '', 'Espacial 4\r', 87, 2),
(292, '', '', '', 'Espesial 3\r', 87, 2),
(293, '', '', '', '\r', 94, 2),
(294, '', '', '', '\r', 39, 1),
(295, '', '', '', '\r', 40, 1),
(296, '', '', '', 'Roth \r', 16, 1),
(297, '', '', '', '\r', 15, 1),
(298, '', '', '', 'Mbt\r', 16, 1),
(299, '', '', '', '\r', 41, 1),
(300, '', '', '', '\r', 17, 1),
(301, '', '', '', 'Roth 2\r', 16, 1),
(302, '', '', '', 'Mbt 2\r', 16, 1),
(303, '', '', '', 'Azul\r', 6, 1),
(304, '', '', '', 'Vermelho\r', 6, 1),
(305, '', '', '', 'Rosa pink\r', 6, 1),
(306, '', '', '', 'Preto\r', 6, 1),
(307, '', '', '', 'Verde mar\r', 6, 1),
(308, '', '', '', 'Verde cristal\r', 6, 1),
(309, '', '', '', 'Pink crisatal\r', 6, 1),
(310, '', '', '', 'Cinza\r', 6, 1),
(311, '', '', '', 'Trasmparente\r', 6, 1),
(312, '', '', '', 'Azul crisatal\r', 6, 1),
(313, '', '', '', 'Azul marinho\r', 6, 1),
(314, '', '', '', 'Roxo\r', 6, 1),
(315, '', '', '', '\r', 6, 1),
(316, '', '', '', 'Amarelo\r', 6, 1),
(317, '', '', '', 'Amarelo cristal\r', 6, 1),
(318, '', '', '', 'Lilas\r', 6, 1),
(319, '', '', '', 'Amarelo limao\r', 6, 1),
(320, '', '', '', 'Prata\r', 6, 1),
(321, '', '', '', 'Rosa cristal\r', 6, 1),
(322, '', '', '', 'Azul bebe\r', 6, 1),
(323, '', '', '', 'Rosa bebe\r', 6, 1),
(324, '', '', '', 'Vermelho cristal\r', 6, 1),
(325, '', '', '', 'Laranja crisatal\r', 6, 1),
(326, '', '', '', 'Pearl\r', 6, 1),
(327, '', '', '', 'Pearl blue\r', 6, 1),
(328, '', '', '', 'Sortido\r', 6, 1),
(329, '', '', '', 'Sortido cristal\r', 6, 1),
(330, '', '', '', 'Branco\r', 6, 1),
(331, '', '', '', 'Especial\r', 17, 1),
(332, '', '', '', 'Especial\r', 18, 45),
(333, '', '', '', '\r', 95, 4),
(334, '', '', '', 'Espesial 2\r', 18, 4),
(335, '', '', '', 'Especial\r', 18, 4),
(336, '', '', '', 'Especial\r', 67, 1),
(337, '', '', '', '\r', 45, 1),
(338, '', '', '', '\r', 50, 1),
(339, '', '', '', '\r', 32, 1),
(340, '', '', '', '\r', 80, 1),
(341, '', '', '', '\r', 96, 1),
(342, '', '', '', '\r', 58, 1),
(343, '', '', '', '\r', 87, 1),
(344, '', '', '', '\r', 54, 1),
(345, '', '', '', '\r', 97, 1),
(346, '', '', '', '\r', 82, 1),
(347, '', '', '', '\r', 30, 1),
(348, '', '', '', '\r', 37, 1),
(349, '', '', '', 'Especial\r', 11, 1),
(350, '', '', '', '\r', 69, 1),
(351, '', '', '', 'Espesial 2\r', 70, 1),
(352, '', '', '', 'Especial\r', 70, 1),
(353, '', '', '', 'Especial\r', 49, 3),
(354, '', '', '', 'Espesial 3\r', 49, 3),
(355, '', '', '', 'Espesial 2\r', 49, 3),
(356, '', '', '', '\r', 47, 3),
(357, '', '', '', '\r', 24, 2),
(358, '', '', '', '\r', 21, 2),
(359, '', '', '', '\r', 49, 2),
(360, '', '', '', '\r', 63, 2),
(361, '', '', '', '\r', 51, 2),
(362, '', '', '', '\r', 45, 2),
(363, '', '', '', 'Especial\r', 49, 2),
(364, '', '', '', '\r', 67, 2),
(365, '', '', '', '\r', 11, 2),
(366, '', '', '', '\r', 53, 2),
(367, '', '', '', '\r', 34, 46),
(368, '', '', '', '\r', 76, 4),
(369, '', '', '', '\r', 34, 4),
(370, '', '', '', '\r', 61, 4),
(371, '', '', '', 'Espesial 2\r', 77, 9),
(372, '', '', '', 'Espesial 3\r', 77, 9),
(373, '', '', '', '\r', 77, 9),
(374, '', '', '', '\r', 38, 9),
(375, '', '', '', 'Especial\r', 77, 9),
(376, '', '', '', '\r', 44, 2),
(377, '', '', '', '\r', 98, 47),
(378, '', '', '', '\r', 98, 4),
(379, '', '', '', '\r', 22, 2),
(380, '', '', '', '\r', 61, 2),
(381, '', '', '', '\r', 35, 4),
(382, '', '', '', '\r', 99, 4),
(383, '', '', '', '\r', 22, 48),
(384, '', '', '', '\r', 22, 4),
(385, '', '', '', '\r', 100, 4),
(386, '', '', '', '\r', 85, 4),
(387, '', '', '', '\r', 74, 49),
(388, '', '', '', '\r', 74, 4),
(389, '', '', '', '\r', 11, 4),
(390, '', '', '', '\r', 24, 4),
(391, '', '', '', '\r', 47, 4),
(392, '', '', '', '\r', 9, 4),
(393, '', '', '', '\r', 21, 4),
(394, '', '', '', '\r', 12, 4),
(395, '', '', '', '\r', 101, 4),
(396, '', '', '', 'Especial\r', 11, 4),
(397, '', '', '', '\r', 50, 4),
(398, '', '', '', '\r', 44, 4),
(399, '', '', '', '\r', 13, 4),
(400, '', '', '', 'Espesial 2\r', 23, 1),
(401, '', '', '', '\r', 78, 1),
(402, '', '', '', 'Espesial 3\r', 70, 1),
(403, '', '', '', 'Espacial 4\r', 70, 1),
(404, '', '', '', '\r', 81, 1),
(405, '', '', '', 'Especial\r', 83, 1),
(406, '', '', '', '\r', 83, 1),
(407, '', '', '', '\r', 62, 2),
(408, '', '', '', '\r', 12, 2),
(409, '', '', '', '\r', 44, 50),
(410, '', '', '', '\r', 44, 5),
(411, '', '', '', '\r', 35, 5),
(412, '', '', '', '\r', 75, 51),
(413, '', '', '', '\r', 75, 5),
(414, '', '', '', '\r', 102, 5),
(415, '', '', '', '\r', 12, 52),
(416, '', '', '', '\r', 12, 5),
(417, '', '', '', '\r', 22, 53),
(418, '', '', '', '\r', 45, 54),
(419, '', '', '', '\r', 41, 5),
(420, '', '', '', '\r', 22, 5),
(421, '', '', '', '\r', 81, 55),
(422, '', '', '', '\r', 28, 5),
(423, '', '', '', 'Espacial 4\r', 103, 56),
(424, '', '', '', 'Espesial 2\r', 103, 5),
(425, '', '', '', '\r', 103, 5),
(426, '', '', '', 'Especial\r', 103, 5),
(427, '', '', '', 'Espesial 3\r', 103, 5),
(428, '', '', '', '\r', 17, 57),
(429, '', '', '', '\r', 17, 5),
(430, '', '', '', '\r', 19, 5),
(431, '', '', '', 'Especial\r', 16, 5),
(432, '', '', '', 'Roth \r', 16, 5),
(433, '', '', '', '\r', 39, 5),
(434, '', '', '', 'Roth 2\r', 16, 5),
(435, '', '', '', '\r', 16, 5),
(436, '', '', '', 'Espesial 2\r', 92, 2),
(437, '', '', '', '\r', 83, 2),
(438, '', '', '', '\r', 104, 2),
(439, '', '', '', '\r', 71, 2),
(440, '', '', '', '001\r', 92, 2),
(441, '', '', '', '150\r', 92, 2),
(442, '', '', '', '151\r', 92, 2),
(443, '', '', '', '\r', 25, 1),
(444, '', '', '', '\r', 78, 58),
(445, '', '', '', '\r', 78, 5);

-- --------------------------------------------------------

--
-- Estrutura da tabela `itemcarrinho`
--

CREATE TABLE `itemcarrinho` (
  `id_itemcarrinho` int(11) NOT NULL,
  `id_produto` int(11) NOT NULL,
  `quantidade` int(11) NOT NULL,
  `id_carrinho` int(11) NOT NULL
) ENGINE=InnoDB DEFAULT CHARSET=latin1;

-- --------------------------------------------------------

--
-- Estrutura da tabela `marca`
--

CREATE TABLE `marca` (
  `id_marca` int(11) NOT NULL,
  `nome` varchar(100) NOT NULL,
  `imagem` varchar(5000) NOT NULL,
  `catalogo` varchar(1000) NOT NULL,
  `slider` enum('1','0') NOT NULL,
  `single_prod` enum('0','1') NOT NULL
) ENGINE=InnoDB DEFAULT CHARSET=latin1;

--
-- Extraindo dados da tabela `marca`
--

INSERT INTO `marca` (`id_marca`, `nome`, `imagem`, `catalogo`, `slider`, `single_prod`) VALUES
(1, 'Adidas', 'https://vandal-us.s3.amazonaws.com/spree/products/49846/original/open-uri20181203-14-1jczs.jpg', 'https://static.morelli.com.br/arquivos/midias/folhetos/br/Midia_284_4_1520622302610.pdf', '1', '1'),
(2, 'Puma', 'http://pluspng.com/img-png/puma-png-puma-png-240.png', 'https://static.morelli.com.br/arquivos/midias/folhetos/br/Midia_284_4_1520622302610.pdf', '1', '0'),
(3, 'qwert', 'https://logodownload.org/wp-content/uploads/2014/04/nike-logo-1.png', 'https://google.com.br', '1', '1'),
(4, '', '', '', '1', '0'),
(5, 'Implacil', '', '', '1', '0'),
(6, 'Orthomundi', '', '', '1', '0'),
(7, 'Triunfo', '', '', '1', '0'),
(8, 'Gc', '', '', '1', '0'),
(9, 'Prima dental ', '', '', '1', '0'),
(10, 'Biodinamica', '', '', '1', '0'),
(11, 'Unigloves', '', '', '1', '0'),
(12, 'Orthometric', '', '', '1', '0'),
(13, 'Cristofoli', '', '', '1', '0'),
(14, 'Carestream', '', '', '1', '0'),
(15, 'Maquira', '', '', '1', '0'),
(16, 'Advantive', '', '', '1', '0'),
(17, 'Xdent', '', '', '1', '0'),
(18, 'Orto guaru', '', '', '1', '0'),
(19, '0', '', '', '1', '0'),
(20, 'Ice', '', '', '1', '0'),
(21, 'Unemol', '', '', '1', '0'),
(22, 'Septodont', '', '', '1', '0'),
(23, 'S.s.plus', '', '', '1', '0'),
(24, 'Essence dental', '', '', '1', '0'),
(25, 'Fine flex', '', '', '1', '0'),
(26, 'Ossos nacional ', '', '', '1', '0'),
(27, 'Yller', '', '', '1', '0'),
(28, 'Gap', '', '', '1', '0'),
(29, 'Ultradent', '', '', '1', '0'),
(30, 'Bm4', '', '', '1', '0'),
(31, 'Medical', '', '', '1', '0'),
(32, 'Ss white', '', '', '1', '0'),
(33, 'Dfl', '', '', '1', '0'),
(34, 'Morelli', '', '', '1', '0'),
(35, 'Microdont', '', '', '1', '0'),
(36, 'Kg', '', '', '1', '0'),
(37, 'Tdv', '', '', '1', '0'),
(38, 'Dla pharma', '', '', '1', '0'),
(39, 'Angelus', '', '', '1', '0'),
(40, 'Farol', '', '', '1', '0'),
(41, 'Clean', '', '', '1', '0'),
(42, 'Bio art', '', '', '1', '0'),
(43, 'Asfer', '', '', '1', '0'),
(44, 'Orto central', '', '', '1', '0'),
(45, 'Dentfelx', '', '', '1', '0'),
(46, 'Funmask', '', '', '1', '0'),
(47, 'Shalon', '', '', '1', '0'),
(48, 'Biosoma', '', '', '1', '0'),
(49, 'Voco', '', '', '1', '0'),
(50, 'Flexsiv', '', '', '1', '0'),
(51, 'Mani', '', '', '1', '0'),
(52, 'Wilcos', '', '', '1', '0'),
(53, 'Roeko', '', '', '1', '0'),
(54, 'Horico', '', '', '1', '0'),
(55, 'Parkell', '', '', '1', '0'),
(56, 'Baumer', '', '', '1', '0'),
(57, 'Aditek', '', '', '1', '0'),
(58, 'Euronda monoart', '', '', '1', '0');

-- --------------------------------------------------------

--
-- Estrutura da tabela `mensagem`
--

CREATE TABLE `mensagem` (
  `id_mensagem` int(11) NOT NULL,
  `email` varchar(200) NOT NULL,
  `mensagem` text NOT NULL,
  `data` date NOT NULL
) ENGINE=InnoDB DEFAULT CHARSET=latin1;

--
-- Extraindo dados da tabela `mensagem`
--

INSERT INTO `mensagem` (`id_mensagem`, `email`, `mensagem`, `data`) VALUES
(3, 'dudumaciel2011@hotmail.com', 'que top boi', '2019-04-26'),
(4, 'dudumaciel2011@hotmail.com', 'gostaria de saber algo topperson', '2019-05-27');

-- --------------------------------------------------------

--
-- Estrutura da tabela `pedido`
--

CREATE TABLE `pedido` (
  `id_pedido` int(11) NOT NULL,
  `nome` varchar(500) NOT NULL,
  `endereco` varchar(2000) DEFAULT NULL,
  `cep` varchar(30) DEFAULT NULL,
  `cidade` varchar(100) DEFAULT NULL,
  `uf` varchar(2) DEFAULT NULL,
  `telefone` varchar(20) NOT NULL,
  `email` varchar(100) DEFAULT NULL,
  `mensagem` text,
  `precototal` float NOT NULL,
  `data` date NOT NULL,
  `status` enum('INCONCLUSO','NAO ENTREGUE','ENTREGUE') NOT NULL,
  `id_carrinho` int(11) NOT NULL
) ENGINE=InnoDB DEFAULT CHARSET=latin1;

-- --------------------------------------------------------

--
-- Estrutura da tabela `produto`
--

CREATE TABLE `produto` (
  `id_produto` int(11) NOT NULL,
  `barcode` varchar(50) NOT NULL,
  `preco` float NOT NULL,
  `estoque` int(11) NOT NULL,
  `especificacao` varchar(500) NOT NULL,
  `tipo` varchar(100) NOT NULL,
  `id_subgrupo` int(11) NOT NULL,
  `id_marca` int(11) NOT NULL
) ENGINE=InnoDB DEFAULT CHARSET=latin1;

--
-- Extraindo dados da tabela `produto`
--

INSERT INTO `produto` (`id_produto`, `barcode`, `preco`, `estoque`, `especificacao`, `tipo`, `id_subgrupo`, `id_marca`) VALUES
(1, '134562522', 499.99, 20, 'Para Ferrari', '', 1, 1),
(2, '12344412', 100.5, 23, 'Para Lamborghini', '', 1, 1),
(3, '12412312221112', 200, 12, 'Tamanho Universal preto', '', 1, 2),
(4, '236666662348', 234, 11, 'preto e amarelo', '', 2, 1),
(5, '99931423', 432.5, 15, 'vermelho e preto', '', 2, 2),
(6, '000000003698', 35, 80, 'Ucla Plastica HI com Hexagono sim Ombro 3.5', '\r', 5, 5),
(7, '00000003', 19.9, 0, 'Ligadura Tematica Premium Gatinho cor Surtida', '\r', 6, 6),
(8, '00000004', 19.9, 0, 'Ligadura Tematica Premium Orelhas cor Surtida', '\r', 6, 6),
(9, '000000117029', 4.2, 17, 'Triunfo Superior 3P Cor 60', '\r', 7, 7),
(10, '000000117043', 4.2, 15, 'Triunfo Superior 264 Cor 60', '\r', 7, 7),
(11, '000000117074', 4.2, 12, 'Triunfo Inferior A26 Cor 62', '\r', 7, 7),
(12, '000000117081', 4.2, 6, 'Triunfo Superior 30M Cor 62', '\r', 7, 7),
(13, '000000117159', 4.2, 15, 'Triunfo Superior 32L Cor 66', '\r', 7, 7),
(14, '000000255400', 24, 5, 'Isolante', '\r', 8, 7),
(15, '000000292719', 8.5, 20, 'Bionix TG3 Cor 62', '\r', 7, 7),
(16, '000000292733', 8.5, 16, 'Bionix R4B Cor 66', '\r', 7, 7),
(17, '000000292757', 8.5, 11, 'Bionix IL7 Cor 66', '\r', 7, 7),
(18, '000000292771', 8.5, 13, 'Bionix IK 6 Cor 69', '\r', 7, 7),
(19, '000000292795', 8.5, 8, 'Bionix Superior TM5 Cor 69', '\r', 7, 7),
(20, '000000292825', 8.5, 9, 'Bionix Inferior TM5 Cor 69', '\r', 7, 7),
(21, '000000292832', 8.5, 16, 'Bionix TL4 Cor 60', '\r', 7, 7),
(22, '000000292849', 8.5, 16, 'Bionix R25 Cor 69', '\r', 7, 7),
(23, '000000292856', 8.5, 16, 'Bionix IK 12 Cor 60', '\r', 7, 7),
(24, '00000051', 9.9, 3, 'Ligadura Modular Amarelo', 'Amarelo\r', 6, 6),
(25, '00000052', 9.9, 3, 'Ligadura Modular Azul Bebe', 'Azul bebe\r', 6, 6),
(26, '00000053', 9.9, 5, 'Ligadura Modular Azul Celeste', 'Azul celeste\r', 6, 6),
(27, '00000055', 9.9, 7, 'Ligadura Modular Azul Claro', 'Azul claro\r', 6, 6),
(28, '00000056', 9.9, 4, 'Ligadura Modular Azul Cristal', 'Azul crisatal\r', 6, 6),
(29, '00000057', 9.9, 6, 'Ligadura Modular Azul Jeans', 'Azul jeans\r', 6, 6),
(30, '00000058', 9.9, 4, 'Ligadura Modular Azul Metalizado', 'Azul metalizado\r', 6, 6),
(31, '00000059', 9.9, 3, 'Ligadura Modular Azul Royal', 'Azul royal\r', 6, 6),
(32, '00000060', 9.9, 5, 'Ligadura Modular Branco', 'Branco\r', 6, 6),
(33, '00000061', 9.9, 7, 'Ligadura Modular Cereja', 'Cereja\r', 6, 6),
(34, '00000064', 9.9, 5, 'Ligadura Modular Laranja', 'Laranja\r', 6, 6),
(35, '00000065', 9.9, 3, 'Ligadura Modular Laranja Escuro', 'Laranja escuro\r', 6, 6),
(36, '00000066', 9.9, 3, 'Ligadura Modular Lilas', 'Lilas\r', 6, 6),
(37, '00000068', 9.9, 3, 'Ligadura Modular Perola', 'Perola\r', 6, 6),
(38, '00000071', 9.9, 3, 'Ligadura Modular Pink', 'Pink\r', 6, 6),
(39, '00000072', 9.9, 3, 'Ligadura Modular Pink Escuro', 'Pink escuro\r', 6, 6),
(40, '00000073', 9.9, 4, 'Ligadura Modular Prata', 'Prata\r', 6, 6),
(41, '00000074', 9.9, 4, 'Ligadura Modular Preto', 'Preto\r', 6, 6),
(42, '00000075', 9.9, 5, 'Ligadura Modular Rosa Bebe', 'Rosa bebe\r', 6, 6),
(43, '00000079', 9.9, 3, 'Ligadura Modular Rosa Perola', 'Rosa perola\r', 6, 6),
(44, '00000081', 9.9, 17, 'Ligadura Modular Sortido', 'Sortido\r', 6, 6),
(45, '00000085', 9.9, 10, 'Ligadura Modular Sortido Estetica', 'Sortido estetica\r', 6, 6),
(46, '00000086', 9.9, 9, 'Ligadura Modular Sortido Metalisado', 'Sortido metalisado\r', 6, 6),
(47, '00000107', 9.9, 7, 'Ligadura Modular Transparente', 'Trasmparente\r', 6, 6),
(48, '00000108', 9.9, 6, 'Ligadura Modular Turquesa', 'Turquesa\r', 6, 6),
(49, '00000109', 9.9, 4, 'Ligadura Modular Uva', 'Uva\r', 6, 6),
(50, '00000110', 9.9, 2, 'Ligadura Modular Uva Cristal', 'Uva cristal\r', 6, 6),
(51, '00000111', 9.9, 0, 'Ligadura Modular Verde', 'Verde\r', 6, 6),
(52, '00000113', 9.9, 2, 'Ligadura Modular Verde Neon', 'Verde neon\r', 6, 6),
(53, '00000114', 9.9, 4, 'Ligadura Modular Vermelho', 'Vermelho\r', 6, 6),
(54, '00000115', 9.9, 3, 'Ligadura Modular Vermelho Intenso', 'Vermelho intenso\r', 6, 6),
(55, '00000116', 19.9, 0, 'Ligadura Tematica Flor cor Surtida', '\r', 6, 6),
(56, '00000121', 7.99, 2, 'Elastico Corrente Curto Azul Bebe', 'Azul bebe\r', 6, 6),
(57, '00000122', 7.99, 2, 'Elastico Corrente Curto Azul Celeste', 'Azul celeste\r', 6, 6),
(58, '00000123', 7.99, 1, 'Elastico Corrente Curto Azul Jeans', 'Azul jeans\r', 6, 6),
(59, '00000125', 7.99, 2, 'Elastico Corrente Curto Azul Metalizado', 'Azul metalizado\r', 6, 6),
(60, '00000126', 7.99, 2, 'Elastico Corrente Curto Azul Royal', 'Azul royal\r', 6, 6),
(61, '00000127', 7.99, 2, 'Elastico Corrente Curto Branco', 'Branco\r', 6, 6),
(62, '00000128', 7.99, 1, 'Elastico Corrente Curto Cereja', 'Cereja\r', 6, 6),
(63, '00000130', 7.99, 1, 'Elastico Corrente Curto Laranja', 'Laranja\r', 6, 6),
(64, '00000131', 7.99, 1, 'Elastico Corrente Curto Laranja Escuro', 'Laranja escuro\r', 6, 6),
(65, '00000132', 7.99, 2, 'Elastico Corrente Curto Pink', 'Pink\r', 6, 6),
(66, '00000133', 7.99, 2, 'Elastico Corrente Curto Pink Escuro', 'Pink escuro\r', 6, 6),
(67, '00000134', 7.99, 1, 'Elastico Corrente Curto Prata', 'Prata\r', 6, 6),
(68, '00000135', 7.99, 2, 'Elastico Corrente Curto Preto', 'Preto\r', 6, 6),
(69, '00000136', 7.99, 2, 'Elastico Corrente Curto Rosa Bebe', 'Rosa bebe\r', 6, 6),
(70, '00000137', 7.99, 4, 'Elastico Corrente Curto Rosa Perola', 'Rosa perola\r', 6, 6),
(71, '00000138', 7.99, 3, 'Elastico Corrente Curto Transparente', 'Trasmparente\r', 6, 6),
(72, '00000139', 7.99, 2, 'Elastico Corrente Curto Turqesa', 'Turquesa\r', 6, 6),
(73, '00000140', 7.99, 1, 'Elastico Corrente Curto Uva', 'Uva\r', 6, 6),
(74, '00000141', 7.99, 1, 'Elastico Corrente Curto Uva Cristal', 'Uva cristal\r', 6, 6),
(75, '00000142', 7.99, 1, 'Elastico Corrente Curto Verde', 'Verde\r', 6, 6),
(76, '00000143', 7.99, 1, 'Elastico Corrente Curto Verde Neon', 'Verde neon\r', 6, 6),
(77, '00000144', 7.99, 4, 'Elastico Corrente Curto Vermelho', 'Vermelho\r', 6, 6),
(78, '00000145', 7.99, 1, 'Elastico Corrente Curto Vermelho Intenso', 'Vermelho intenso\r', 6, 6),
(79, '00000146', 7.99, 1, 'Elastico Corrente Longo Azul Bebe', 'Azul bebe\r', 6, 6),
(80, '00000147', 7.99, 1, 'Elastico Corrente Longo Azul Celeste', 'Azul celeste\r', 6, 6),
(81, '00000148', 7.99, 1, 'Elastico Corrente Longo Azul Jeans', 'Azul jeans\r', 6, 6),
(82, '00000150', 7.99, 1, 'Elastico Corrente Longo Azul Metalizado', 'Azul metalizado\r', 6, 6),
(83, '00000151', 7.99, 1, 'Elastico Corrente Longo Azul Royal', 'Azul royal\r', 6, 6),
(84, '00000152', 7.99, 1, 'Elastico Corrente Longo Branco', 'Branco\r', 6, 6),
(85, '00000153', 7.99, 1, 'Elastico Corrente Longo Cereja', 'Cereja\r', 6, 6),
(86, '00000155', 7.99, 2, 'Elastico Corrente Longo Laranja', 'Laranja\r', 6, 6),
(87, '00000156', 7.99, 1, 'Elastico Corrente Longo Laranja Escuro', 'Laranja escuro\r', 6, 6),
(88, '00000157', 7.99, 1, 'Elastico Corrente Longo Lilias', 'Lilas\r', 6, 6),
(89, '00000158', 7.99, 1, 'Elastico Corrente Longo Prata', 'Prata\r', 6, 6),
(90, '00000159', 7.99, 1, 'Elastico Corrente Longo Pink', 'Pink\r', 6, 6),
(91, '00000160', 7.99, 1, 'Elastico Corrente Longo Pink Escuro', 'Pink escuro\r', 6, 6),
(92, '00000161', 7.99, 1, 'Elastico Corrente Longo Preto', 'Preto\r', 6, 6),
(93, '00000163', 7.99, 1, 'Elastico Corrente Longo Rosa Bebe', 'Rosa bebe\r', 6, 6),
(94, '00000164', 7.99, 1, 'Elastico Corrente Longo Rosa Perola', 'Rosa perola\r', 6, 6),
(95, '00000165', 7.99, 3, 'Elastico Corrente Longo Trasmparente', 'Trasmparente\r', 6, 6),
(96, '00000167', 7.99, 1, 'Elastico Corrente Longo Turquesa', 'Turquesa\r', 6, 6),
(97, '00000168', 7.99, 1, 'Elastico Corrente Longo Uva', 'Uva\r', 6, 6),
(98, '00000169', 7.99, 1, 'Elastico Corrente Longo Uva Cristal', 'Uva cristal\r', 6, 6),
(99, '00000170', 7.99, 1, 'Elastico Corrente Longo Verde', 'Verde\r', 6, 6),
(100, '00000171', 7.99, 1, 'Elastico Corrente Longo Verde Neon', 'Verde neon\r', 6, 6),
(101, '00000172', 7.99, 1, 'Elastico Corrente Longo Vermelho', 'Vermelho\r', 6, 6),
(102, '00000173', 7.99, 1, 'Elastico Corrente Longo Vermelho Intenso', 'Vermelho intenso\r', 6, 6),
(103, '00000174', 7.99, 0, 'Elastico Corrente Medio Amarelo', 'Amarelo\r', 6, 6),
(104, '00000175', 7.99, 2, 'Elastico Corrente Medio Azul Bebe', 'Azul bebe\r', 6, 6),
(105, '00000176', 7.99, 2, 'Elastico Corrente Medio Azul Celeste', 'Azul celeste\r', 6, 6),
(106, '00000177', 7.99, 1, 'Elastico Corrente Medio Azul Jeans', 'Azul jeans\r', 6, 6),
(107, '00000179', 7.99, 2, 'Elastico Corrente Medio Azul Metalizado', 'Azul metalizado\r', 6, 6),
(108, '00000180', 7.99, 2, 'Elastico Corrente Medio Azul Royal', 'Azul royal\r', 6, 6),
(109, '00000181', 7.99, 2, 'Elastico Corrente Medio Branco', 'Branco\r', 6, 6),
(110, '00000182', 7.99, 0, 'Elastico Corrente Medio Cereja', 'Cereja\r', 6, 6),
(111, '00000183', 7.99, 2, 'Elastico Corrente Medio Turqesa', 'Turquesa\r', 6, 6),
(112, '00000184', 7.99, 1, 'Elastico Corrente Medio Laranja', 'Laranja\r', 6, 6),
(113, '00000185', 7.99, 1, 'Elastico Corrente Medio Laranja Escuro', 'Laranja escuro\r', 6, 6),
(114, '00000186', 7.99, 1, 'Elastico Corrente Medio Lilas', 'Lilas\r', 6, 6),
(115, '00000187', 7.99, 2, 'Elastico Corrente Medio Pink', 'Pink\r', 6, 6),
(116, '00000188', 7.99, 2, 'Elastico Corrente Medio Pink Escuro', 'Pink escuro\r', 6, 6),
(117, '00000189', 7.99, 1, 'Elastico Corrente Medio Prata', 'Prata\r', 6, 6),
(118, '00000190', 7.99, 2, 'Elastico Corrente Medio Rosa Perola', 'Rosa perola\r', 6, 6),
(119, '00000191', 7.99, 2, 'Elastico Corrente Medio Rosas Bebe', 'Rosa bebe\r', 6, 6),
(120, '00000192', 7.99, 3, 'Elastico Corrente Medio Trasmparente', 'Trasmparente\r', 6, 6),
(121, '00000194', 7.99, 1, 'Elastico Corrente Medio Uva', 'Uva\r', 6, 6),
(122, '00000196', 7.99, 1, 'Elastico Corrente Medio Verde', 'Verde\r', 6, 6),
(123, '00000197', 7.99, 1, 'Elastico Corrente Medio Verde Neon', 'Verde neon\r', 6, 6),
(124, '00000198', 7.99, 2, 'Elastico Corrente Medio Vermelho', 'Vermelho\r', 6, 6),
(125, '00000199', 7.99, 1, 'Elastico Corrente Medio Vermelho Intenso', 'Vermelho intenso\r', 6, 6),
(126, '00000636', 7.99, 2, 'Elastico Corrente Medio Preto', 'Preto\r', 6, 6),
(127, '00000639', 7.99, 1, 'Elastico Corrente Medio Uva Cristal', 'Uva cristal\r', 6, 6),
(128, '00002232', 177, 12, 'Ionomero Auto Cimentacao Fuji PluS', '\r', 9, 8),
(129, '00002233', 125, 17, 'Ionomero Foto Forrador LC Fuji Lining', 'Espesial 2\r', 9, 8),
(130, '00002563', 110, 43, 'Ionomero Foto Restaurador LC Gold Label Tipo 2 A2', '\r', 9, 8),
(131, '00002564', 110, 39, 'Ionomero Foto Restaurador LC Gold Label Tipo 2 A3', '\r', 9, 8),
(132, '00002565', 110, 26, 'Ionomero Foto Restaurador LC Gold Label Tipo 2 A3.5', '\r', 9, 8),
(133, '00002577', 95, 27, 'Ionomero Auto Restaurador Gold Label Tipo 9 A2', 'Espesial 2\r', 9, 8),
(134, '00002579', 95, 28, 'Ionomero Auto Restauracao Gold Label Tipo 9 A3.5', 'Espesial 2\r', 9, 8),
(135, '00002580', 139, 31, 'Ionomero Auto Cimentacao Gold Label Tipo 1', 'Especial\r', 9, 8),
(136, '00025783', 95, 39, 'Ionomero Auto Restaurador Gold Label Tipo 9 A3', 'Espesial 2\r', 9, 8),
(137, '001', 10.3, 0, 'Ponta Diamantada FG 1012', '\r', 10, 9),
(138, '012812800000', 115, 5, 'Ionomero Liquido LC Fuji Lining', '\r', 9, 8),
(139, '0198819880', 60, 15, 'Resina Gradia Direct cor A1', '\r', 11, 8),
(140, '034051300000', 62, 3, 'Resina Auto Alike cor 65', '\r', 12, 8),
(141, '034051400000', 62, 1, 'Resina Auto Alike cor 67', '\r', 12, 8),
(142, '06030107', 9.9, 5, 'Ligadura Modular Azul Perolizado', 'Azul perolizado\r', 6, 6),
(143, '06056360', 45, 0, 'Adesivo para Braquetes Foto Biofix + Brinde 3 seringas Acido Fosforico 37%', '\r', 13, 10),
(144, '1000000117028', 4.2, 47, 'Triunfo Superior 263 Cor 60', '\r', 7, 7),
(145, '1000000117042', 4.2, 23, 'Triunfo Inferior 2P Cor 60', '\r', 7, 7),
(146, '1000000117066', 4.2, 18, 'Triunfo Superior 3N Cor 62', '\r', 7, 7),
(147, '1000000117073', 4.2, 16, 'Triunfo Superior A26 Cor 62', '\r', 7, 7),
(148, '1000000117080', 4.2, 14, 'Triunfo Superior 38 Cor 62', '\r', 7, 7),
(149, '1000000117134', 4.2, 13, 'Triunfo Superior 3D Cor 66', '\r', 7, 7),
(150, '1000000117141', 4.2, 17, 'Triunfo Superior 3P Cor 66', '\r', 7, 7),
(151, '1000000117219', 4.2, 12, 'Triunfo Superior 264 Cor 69', '\r', 7, 7),
(152, '1000000117226', 4.2, 18, 'Triunfo Inferior 32M Cor 69', '\r', 7, 7),
(153, '1000000255751', 14, 3, 'Cera Articulacao', '\r', 8, 7),
(154, '1000000255805', 42, 8, 'Liquido Auto Sem Crosslink', '\r', 12, 7),
(155, '1000000255812', 53, 4, 'Liquido Auto Com Crosslink', '\r', 12, 7),
(156, '1000000266429', 27, 0, 'Resina Termo Po Incolor', '\r', 12, 7),
(157, '1000000266993', 85, 5, 'Resina Termo Po Rosa Medio', '\r', 12, 7),
(158, '1000000267099', 45, 4, 'Resina Termo Po Rosa Claro', '\r', 12, 7),
(159, '1000000292671', 8.5, 14, 'Bionix TE2 Cor 62', '\r', 7, 7),
(160, '1000000292688', 8.5, 15, 'Bionix TH4 Cor 60', '\r', 7, 7),
(161, '1000000292695', 8.5, 15, 'Bionix TF4 Cor 62', '\r', 7, 7),
(162, '1000000292701', 8.5, 15, 'Bionix TE4 Cor 62', '\r', 7, 7),
(163, '1000000292718', 8.5, 16, 'Bionix TG3 Cor 60', '\r', 7, 7),
(164, '1000000292725', 8.5, 12, 'Bionix T12 Cor 62', '\r', 7, 7),
(165, '1000000292749', 8.5, 10, 'Bionix IL5 Cor 62', '\r', 7, 7),
(166, '1000000292763', 8.5, 15, 'Bionix I10 Cor  66', '\r', 7, 7),
(167, '1000000292787', 8.5, 16, 'Bionix Superior TM4 Cor 66', '\r', 7, 7),
(168, '1000000292817', 8.5, 28, 'Bionix Inferior TM4 Cor 66', '\r', 7, 7),
(169, '1000000292831', 8.5, 9, 'Bionix Inferior TM6 Cor 69', '\r', 7, 7),
(170, '1000000292855', 8.5, 15, 'Bionix IK 10 Cor 69', '\r', 7, 7),
(171, '1000000293296', 27, 2, 'Resina Termo Po Black', '\r', 12, 7),
(172, '1000024708', 99, 6, 'Sonda', '\r', 5, 5),
(173, '1000024823', 76, 6, 'Fresa Conica 3.5 x 9 Longa', '\r', 5, 5),
(174, '10000812', 19.9, 10, 'Elastico Intra Oral 3/16 Leve', '\r', 6, 6),
(175, '10047', 27, 20, 'Luva Laranja Media Premium', '\r', 14, 11),
(176, '1033', 29, 20, 'Luva Verde Extra Pequena Premium', '\r', 14, 1),
(177, '1034', 29, 9, 'Luva Verde Pequena Premium', '\r', 14, 1),
(178, '1035', 29, 21, 'Luva Verde Media Premium', '\r', 14, 1),
(179, '103939', 85, 2, 'Liquido Auto Com Crosslink', '\r', 12, 7),
(180, '1044', 77, 7, 'Liquido Auto Sem Crosslink', '\r', 12, 7),
(181, '1045', 27, 32, 'Luva Laranja Extra Pequena Premium', '\r', 14, 1),
(182, '1046', 27, 10, 'Luva Laranja Pequena Premium', '\r', 14, 1),
(183, '1049', 8.5, 0, 'Liquido Auto Sem Crosslink', '\r', 12, 7),
(184, '1060', 25, 3, 'Liquido Termo Com Crosslink', '\r', 12, 7),
(185, '1061', 10, 1, 'Liquido Termo Com Crosslink', '\r', 12, 7),
(186, '1063', 77, 2, 'Liquido Termo Sem Crosslink', '\r', 12, 7),
(187, '1066', 22, 4, 'Liquido Termo Sem Crosslink', '\r', 12, 7),
(188, '1067', 8, 3, 'Liquido Termo Sem Crosslink', '\r', 12, 7),
(189, '1068', 37, 6, 'Liquido Termo Sem Crosslink', '\r', 12, 7),
(190, '10733', 12, 8, 'BORRACHA O?RING', '\r', 5, 5),
(191, '10802124', 13, 6, 'Reposicao Ceramico Roth Iceram Peca 24/25 .022\"', '\r', 15, 12),
(192, '1100201100000', 10.2, 10, 'Reposicao Metalico Roth OrthoGalaxy Peca 11 .022\"', '\r', 15, 6),
(193, '1100201200007', 10.2, 10, 'Reposicao Matalico Roth OrthoGalaxy Peca 12 .022\"', '\r', 15, 6),
(194, '1100202100009', 10.2, 10, 'Reposicao Metalico Roth OrthoGalaxy Peca 21 .022\"', '\r', 15, 6),
(195, '1100202200006', 10.2, 10, 'Reposicao Metalico Roth OrthoGalaxy Peca 22 .022\"', '\r', 15, 6),
(196, '1100203100008', 10.2, 17, 'Reposicao Metalico Roth OrthoGalaxy Peca 31/32/41/42 .022\"', '\r', 15, 6),
(197, '1100206300009', 12.5, 9, 'Reposicao Metalico Roth OrthoGalaxy Peca 13 .022\"', '\r', 15, 6),
(198, '1100206400006', 12.5, 10, 'Reposicao Metalico Roth OrthoGalaxy Peca 15/14 .022\"', '\r', 15, 6),
(199, '1100207300008', 12.5, 7, 'Reposicao Metalico Roth OrthoGalaxy Peca 23 .022\"', '\r', 15, 6),
(200, '1100207400005', 12.5, 10, 'Reposicao Metalico Roth OrthoGalaxy Peca 25/24 .022\"', '\r', 15, 6),
(201, '1100208300007', 12.5, 36, 'Reposicao Metalico Roth OrthoGalaxy Peca 33 .022\"', '\r', 15, 6),
(202, '1100208400004', 12.5, 4, 'Reposicao Metalico Roth OrthoGalaxy Peca 34 .022\"', '\r', 15, 6),
(203, '1100208500001', 12.5, 3, 'Reposicao Matalico Roth OrthoGalaxy Peca 35 .022\"', '\r', 15, 6),
(204, '1100209300006', 12.5, 12, 'Reposicao Metalico Roth OrthoGalaxy Peca 43 .022\"', '\r', 15, 6),
(205, '1100209400003', 12.5, 8, 'Reposicao Matalico Roth OrthoGalaxy Peca 44  .022\"', '\r', 15, 6),
(206, '1100209500000', 12.5, 6, 'Reposicao Metalico Roth OrthoGalaxy Peca 45 .022\"', '\r', 15, 6),
(207, '1100212100006', 22.9, 20, 'Braquetes Metalico Roth OrthoGalaxy .022\"', 'Roth \r', 16, 6),
(208, '1100212300000', 199, 21, 'Braquetes Metalico Roth OrthoGalaxy .022\"', 'Roth \r', 16, 6),
(209, '1100212500004', 949, 5, 'Braquetes Metalico Roth OrthoGalaxy .022\"', 'Roth \r', 16, 6),
(210, '1100212600001', 1749, 4, 'Braquetes Metalico Roth OrthoGalaxy+Brinde 1 caso de ElegnPro .022\"', 'Roth \r', 16, 6),
(211, '1101212100003', 22.9, 5, 'Braquetes Metalico MBT OrthoGalaxy .022\"', 'Roth \r', 16, 6),
(212, '1101212300007', 199, 1, 'Braquetes Metalico MBT OrthoGalaxy .022\"', 'Roth \r', 16, 6),
(213, '1101212900009', 1749, 0, 'Braquetes Metalico MBT OrthoGalaxy+Brinde 1caso EleganPro .022\"', '\r', 16, 6),
(214, '1110212100005', 129, 14, 'Braquetes Autoligado Metalico  Roth Interativo Smart .022\"', 'Roth \r', 16, 6),
(215, '1111212100002', 145, 5, 'Braquetes Autoligado Metalico MBT Interativa Smart .022\"', 'Mbt\r', 16, 6),
(216, '1123113100005', 390, 3, 'Braquetes Metalico LingualTech .018\"', '\r', 16, 6),
(217, '1140201200003', 35.7, 0, 'Reposicao Safiro Roth Ultra Clear Peca 12 .022\"', '\r', 15, 6),
(218, '1140202100005', 35.7, 0, 'Reposicao Safiro Roth Ultra Clear Peca 21 .022\"', '\r', 15, 6),
(219, '1140203100004', 35.7, 0, 'Reposicao Safiro Roth Ultra Clear Peca 32/31/41/42 .022\"', '\r', 15, 6),
(220, '1140212100002', 559, 12, 'Braquetes Safiro Roth Ultra Clear .022\"', 'Roth \r', 16, 6),
(221, '1152212100005', 299, 2, 'Braquetes Autoligado Metalico Passivo Low Torque Thomas .022\"', '\r', 16, 6),
(222, '1153212100002', 299, 5, 'Braquetes Autoligado Metalico Passivo Standard Thomas .022\"', '\r', 16, 6),
(223, '1160201100004', 27.7, 5, 'Reposicao Ceramico Roth Elegan Pro Peca 11 .022\"', '\r', 15, 6),
(224, '1160201200001', 27.7, 2, 'Reposicao Ceramico Roth Elegan Pro Peca 12', '\r', 15, 6),
(225, '1160202100003', 27.7, 2, 'Reposicao Ceramico Roth Elegan Pro Peca 21 .022\"', '\r', 15, 6),
(226, '1160202200000', 27.7, 2, 'Reposicao Ceramico Roth Elegan Pro Peca 22 .022\"', '\r', 15, 6),
(227, '1160203100002', 27.7, 2, 'Reposicao Ceramico Roth Elegan Pro Peca 31/32/41/42 .022\"', '\r', 15, 6),
(228, '1160206300003', 27.7, 2, 'Reposicao Ceramico Roth Elegan Pro Peca 13 .022\"', '\r', 15, 6),
(229, '1160206400000', 27.5, 2, 'Reposicao Ceramico Roth Elegan Pro Peca 15/14 .022\"', '\r', 15, 6),
(230, '1160207300002', 27.7, 2, 'Reposicao Ceramico Roth Elegan Pro Peca 23 .022\"', '\r', 15, 6),
(231, '1160207400009', 27.7, 2, 'Reposicao Ceramico Roth Elegan Pro Peca 24/25 .022\"', '\r', 15, 6),
(232, '1160208300001', 27.7, 2, 'Reposicao Ceramico Roth Elegan Pro Peca 33 .022\"', '\r', 15, 6),
(233, '1160208400008', 27.7, 2, 'Reposicao Ceramico Roth Elegan Pro Peca 34 .022\"', '\r', 15, 6),
(234, '1160208500005', 27.7, 2, 'Reposicao Ceramico Roth Elegan Pro Peca 35 .022\"', '\r', 15, 6),
(235, '1160209300000', 27.7, 2, 'Reposicao Ceramico Roth Elegan Pro Peca 43 .022\"', '\r', 15, 6),
(236, '1160209400007', 27.7, 2, 'Reposicao Ceramico Roth Elegan Pro Peca 44 .022\"', '\r', 15, 6),
(237, '1160209500004', 27.7, 2, 'Reposicao Ceramico Roth Elegan Pro Peca 45 .022\"', '\r', 15, 6),
(238, '1160212100000', 110, 15, 'Braquetes Ceramico Roth EleganPro .022\"', 'Roth \r', 16, 6),
(239, '1161212100007', 110, 5, 'Braquetes Ceramico MBT EleganPro .022\"', 'Mbt\r', 16, 6),
(240, '117', 19.9, 10, 'Elastico Intra Oral 1/8 Leve', '\r', 6, 6),
(241, '1170212100009', 1590, 1, 'Braquetes Autoligado Ceramico Roth Passivo Nobel .022\"', 'Roth \r', 16, 6),
(242, '117058', 4.2, 20, 'Triunfo Inferior 3M Cor 62', '\r', 7, 7),
(243, '117059', 4.2, 12, 'Triunfo Superior A23 Cor 62', '\r', 7, 7),
(244, '117067', 4.2, 12, 'Triunfo Inferior 3N Cor 62', '\r', 7, 7),
(245, '117135', 4.2, 13, 'Triunfo Inferior 3D Cor 66', '\r', 7, 7),
(246, '117142', 4.2, 15, 'Triunfo Inferior 3P Cor 66', '\r', 7, 7),
(247, '117149', 4.2, 14, 'Triunfo Superior 264 Cor 66', '\r', 7, 7),
(248, '117201', 4.2, 14, 'Triunfo Inferior 3M Cor 69', '\r', 7, 7),
(249, '117202', 4.2, 15, 'Triunfo Superior A23 Cor 69', '\r', 7, 7),
(250, '117203', 4.2, 14, 'Triunfo Superior 2D Cor 69', '\r', 7, 7),
(251, '117206', 4.2, 13, 'Triunfo Inferior 3D Cor 69', '\r', 7, 7),
(252, '117210', 4.2, 11, 'Triunfo Inferior 3N Cor 69', '\r', 7, 7),
(253, '117227', 4.2, 13, 'Triunfo Superior 30L Cor 69', '\r', 7, 7),
(254, '120', 19.9, 9, 'Elastico Intra Oral 1/8 Media', '\r', 6, 6),
(255, '1210211000006', 19.6, 15, 'Tubo Roth Cola Simples Peca 16 / 17', '\r', 17, 6),
(256, '1210212000005', 19.6, 18, 'Tubo Roth Cola Simples Peca 26 / 27', '\r', 17, 6),
(257, '1210213000004', 19.6, 25, 'Tubo Roth Cola Simples Peca 36 / 37', '\r', 17, 6),
(258, '1210214000003', 19.6, 21, 'Tubo Roth Cola Simples Peca 46 / 47', '\r', 17, 6),
(259, '1210221600005', 21.6, 11, 'Tubo Roth Cola Duplo Peca 16', '\r', 17, 6),
(260, '1210222600004', 21.6, 10, 'Tubo Roth Cola Duplo Peca 26', '\r', 17, 6),
(261, '1210223600003', 21.6, 14, 'Tubo Roth Cola Duplo Peca 36', '\r', 17, 6),
(262, '1210224600002', 21.6, 15, 'Tubo Roth Cola Duplo Peca 46', '\r', 17, 6),
(263, '1231', 4875, 0, 'Autoclave Vitale Class CD 12 Litros', '\r', 18, 13),
(264, '1300000100007', 27.9, 5, 'Stop e Guia de Mordida o Bite Turbo', '\r', 19, 6),
(265, '1300000700009', 10.5, 9, 'Stop Para Arcos Redondos e Retangulares', '\r', 19, 6),
(266, '1300000900003', 9.8, 17, 'Gancho Ponta Bola Universal', '\r', 19, 6),
(267, '1300001200003', 11.9, 9, 'Fita para Contencao Lingual 1,2mm', '\r', 20, 6),
(268, '1300002000008', 11.9, 6, 'Fita para Contencao Lingual 2mm', '\r', 20, 6),
(269, '1300010500002', 6.2, 4, 'Botao Lingual Para Solda', '\r', 20, 6),
(270, '1300020500009', 8.9, 19, 'Botao Lingual para Colagem', '\r', 20, 6),
(271, '1300030100008', 14.5, 8, 'Gancho Curto 7mm Espuerdo', '\r', 19, 6),
(272, '1300030200005', 14.5, 8, 'Gancho Curto 7mm Direito', '\r', 19, 6),
(273, '1300030300002', 14.5, 6, 'Gancho Longo 10mm Esquerdo', '\r', 19, 6),
(274, '1300030400009', 14.5, 6, 'Gancho Longo 10mm Direito', '\r', 19, 6),
(275, '1300040200002', 5.9, 8, 'Botao Ceramico Lingual para Colagem', 'Especial\r', 20, 6),
(276, '135001', 100, 6, 'Cimento Cirurgico Periodontal Coe-Pak', '\r', 21, 8),
(277, '13512', 29, 40, 'Transfer Mini Conico Moldeira Aberta', '\r', 5, 5),
(278, '14083', 40, 20, 'Ucla Titanio HI 4.0', '\r', 5, 5),
(279, '14250', 40, 15, 'Ucla Titanio HI Ar 4.0', '\r', 5, 5),
(280, '14793', 40, 5, 'Ucla Titanio HE 4.0', '\r', 5, 5),
(281, '14809', 40, 20, 'Ucla Titanio HI 3.5', '\r', 5, 5),
(282, '14816', 40, 5, 'Ucla Titanio HI Ar 3.5', '\r', 5, 5),
(283, '14854', 29, 7, 'Transfer HI Moldeira Aberta 3.5', '\r', 5, 5),
(284, '150015', 65, 6, 'Suporte para 13 Embalagem de Esteriliaca', '\r', 22, 1),
(285, '1514', 49, 6, 'Rolo Para Esterilizacao', '\r', 22, 1),
(286, '1515', 3805, 0, 'Software Cs Carestream Imaging Suite', '\r', 23, 14),
(287, '151515', 69, 16, 'Rolo Para Esterilizacao', '\r', 22, 1),
(288, '1516', 95, 11, 'Rolo Para Esterilizacao', '\r', 22, 1),
(289, '1517', 110, 12, 'Rolo Para Esterilizacao', '\r', 22, 1),
(290, '1518', 165, 6, 'Rolo Para Esterilizacao', '\r', 22, 1),
(291, '15899', 29, 17, 'Transfer HI Moldeira Aberta 4.0', '\r', 5, 5),
(292, '165187', 6295, 0, 'Autoclave Vitale Class CD 21 Litros', '\r', 18, 1),
(293, '1656', 365, 1, 'Filme DVE 20X25', 'Especial\r', 23, 1),
(294, '17428', 20, 12, 'Transfer para Munhao CM 3.5x4', '\r', 5, 5),
(295, '17435', 20, 15, 'Transfer para Munhao CM 3.5x6', '\r', 5, 5),
(296, '17442', 20, 19, 'Transfer para Munhao CM 4.5x4', '\r', 5, 5),
(297, '17459', 20, 6, 'Transfer para Munhao CM 4.5x6', '\r', 5, 5),
(298, '17466', 21, 8, 'Cofia Plastica Cimentada Munhao Anti-Rot CM 3.5 x 4', '\r', 5, 5),
(299, '17473', 21, 10, 'Cofia Plastica Cimentada Munhao Anti-Rot CM 4.5 x 4', '\r', 5, 5),
(300, '17480', 21, 8, 'Cofia Plastica Cimentada Munhao Anti-RotCM 4.5 x 6', '\r', 5, 5),
(301, '17503', 21, 5, 'Cofia Plastica Cimentada Munhao Anti-Rot CM 3.5 x 6', '\r', 5, 5),
(302, '17657', 65, 20, 'Ucla HE Base Cromo AR CC 4.0', '\r', 5, 5),
(303, '17664', 63, 4, 'Ucla HE Base Cromo CC 4.0', '\r', 5, 5),
(304, '17688', 63, 80, 'Ucla HI Base Cromo AR CC 3.5', '\r', 5, 5),
(305, '17695', 63, 80, 'Ucla HI Base Cromo CC 3.5', '\r', 5, 5),
(306, '17701', 63, 0, 'Ucla HI Base Cromo AR CC 4.0', '\r', 5, 5),
(307, '17718', 63, 23, 'Ucla HI Base Cromo CC 4.0', '\r', 5, 5),
(308, '17749', 34, 52, 'Cofia Plastica Mini Conica L11', '\r', 5, 5),
(309, '1789856154011', 9.9, 5, 'Bicarbonato Sabor Morango Airon', '\r', 24, 15),
(310, '17898958254480', 33, 19, 'Lamina de Bisturi de 15C', '\r', 25, 16),
(311, '18302', 36, 20, 'Cofia Titanio Mini Conico', '\r', 5, 5),
(312, '18548', 24, 20, 'Tampa de Cicatrizacao Mini Conico', '\r', 5, 5),
(313, '18722', 109, 1, 'Barra Clip Conjunto', '\r', 5, 5),
(314, '18920', 38, 0, 'CAPSULA DO ORING TITANIO', '\r', 5, 5),
(315, '19088', 65, 3, 'O?Ring Clacinavel para Posicionamento', '\r', 5, 5),
(316, '19095', 12, 10, 'Borracha Microcapsula', '\r', 5, 5),
(317, '19217', 45, 4, 'Barra Clip 35?', '\r', 5, 5),
(318, '19224', 45, 5, 'Barra Clip 70?', '\r', 5, 5),
(319, '19231', 45, 5, 'Barra Clip Reta', '\r', 5, 5),
(320, '19316', 25, 8, 'Micro Capsula de Titanio', '\r', 5, 5),
(321, '19668', 12, 8, 'Anel Espacadro Oring', '\r', 5, 5),
(322, '1989198900', 60, 15, 'Resina Gradia Direct cor A2', '\r', 11, 8),
(323, '1990199000', 60, 13, 'Resina Gradia Direct cor A3', '\r', 11, 8),
(324, '1991199100', 60, 13, 'Resina Gradia Direct cor A3.5', '\r', 11, 8),
(325, '1992', 60, 3, 'Resina Gradia Direct cor AO3', '\r', 11, 8),
(326, '1996', 60, 5, 'Resina Gradia Direct cor NT', '\r', 11, 8),
(327, '2000000117027', 4.2, 23, 'Triunfo Inferior 3N Cor 60', '\r', 7, 7),
(328, '2000000117034', 4.2, 16, 'Triunfo Inferior A26 Cor 60', '\r', 7, 7),
(329, '2000000117041', 4.2, 15, 'Triunfo Superior 2P Cor 60', '\r', 7, 7),
(330, '2000000117072', 4.2, 14, 'Triunfo Inferior A25 Cor 62', '\r', 7, 7),
(331, '2000000117089', 4.2, 16, 'Triunfo Superior 34L Cor 62', '\r', 7, 7),
(332, '2000000117133', 4.2, 15, 'Triunfo Inferior 2D Cor 66', '\r', 7, 7),
(333, '2000000117140', 4.2, 17, 'Triunfo Superior 263 Cor 66', '\r', 7, 7),
(334, '2000000117157', 4.2, 9, 'Triunfo Superior 30L Cor 66', '\r', 7, 7),
(335, '2000000117218', 4.2, 14, 'Triunfo Inferior 2P Cor 69', '\r', 7, 7),
(336, '2000000117225', 4.2, 19, 'Triunfo Superior 32M Cor 69', '\r', 7, 7),
(337, '2000000117232', 4.2, 19, 'Triunfo Inferior 34L Cor 69', '\r', 7, 7),
(338, '2000000255804', 27, 8, 'Liquido Auto Sem Crosslink', '\r', 12, 7),
(339, '2000000269764', 21, 4, 'Resina Acrilica Bivalente cor 69', '\r', 12, 7),
(340, '2000000286761', 85, 2, 'Resina Termo Po Cristal', '\r', 12, 7),
(341, '2000000292670', 8.5, 15, 'Bionix TE2 Cor 60', '\r', 7, 7),
(342, '2000000292687', 8.5, 13, 'Bionix T13 Cor 69', '\r', 7, 7),
(343, '2000000292694', 8.5, 13, 'Bionix TF4 Cor 60', '\r', 7, 7),
(344, '2000000292700', 8.5, 16, 'Bionix TE4 Cor 60', '\r', 7, 7),
(345, '2000000292717', 8.5, 16, 'Bionix T36 Cor 69', '\r', 7, 7),
(346, '2000000292724', 8.5, 15, 'Bionix T12 Cor 60', '\r', 7, 7),
(347, '2000000292731', 8.5, 19, 'Bionix R4B Cor 62', '\r', 7, 7),
(348, '2000000292748', 8.5, 16, 'Bionix IL5 Cor 60', '\r', 7, 7),
(349, '2000000292755', 8.5, 17, 'Bionix IL7 Cor 62', '\r', 7, 7),
(350, '2000000292779', 8.5, 4, 'Bionix Superior TM3 Cor 62', '\r', 7, 7),
(351, '2000000292793', 8.5, 10, 'Bionix Superior TM5 Cor 66', '\r', 7, 7),
(352, '2000000292809', 8.5, 5, 'Bionix Inferior TM3 Cor 62', '\r', 7, 7),
(353, '2000000292823', 8.5, 21, 'Bionix Inferior TM5 Cor 66', '\r', 7, 7),
(354, '2000000292847', 8.5, 16, 'Bionix R25 Cor 66', '\r', 7, 7),
(355, '2000000292861', 8.5, 15, 'Bionix IK 12 Cor 69', '\r', 7, 7),
(356, '2000000293295', 45, 2, 'Resina Termo Black', '\r', 12, 7),
(357, '2001329000007', 85, 0, 'Resina Termo Po Rosa Especial', '\r', 12, 7),
(358, '2001330000003', 45, 1, 'Resina Termo Po Rosa Especial', '\r', 12, 7),
(359, '20039', 23, 10, 'Capsula Plastica', '\r', 5, 5),
(360, '20040003', 5800, 0, 'Aparelho de RX - X70 de Parede com Braco Pantografico', '\r', 26, 17),
(361, '20077', 124, 2, 'Mini Conico Angulado HI 4.0 17?', '\r', 5, 5),
(362, '20084', 124, 2, 'Mini Conico Angulado HI 3.5 17?', '\r', 5, 5),
(363, '201', 19.9, 6, 'Elastico Intra Oral 3/16 Media', '\r', 6, 6),
(364, '202', 19.9, 9, 'Elastico Intra Oral 5/16 Leve', '\r', 6, 6),
(365, '2025010327136', 40, 4, 'Suporte Alicate sem Tampa Cor Cristal', '\r', 27, 18),
(366, '2025110327135', 60, 11, 'Porta Arcos Cor Cristal 18 Dezenas', '\r', 27, 1),
(367, '2025120327132', 65, 10, 'Porta Arcos Cor Azul 18 Dezenas', '\r', 27, 1),
(368, '2025130327139', 65, 3, 'Porta Arcos Cor Rosa 18 Dezenas', '\r', 27, 1),
(369, '2025410327132', 60, 9, 'Porta Bengalinha Cor Cristal (16 Cores)', '\r', 27, 1),
(370, '2025720327136', 70, 5, 'Suporte Alicate Com Tampa Cor Azul', '\r', 27, 1),
(371, '2025730327133', 70, 5, 'Suporte Alicate Com Tampa Cor Rosa', '\r', 27, 1),
(372, '2025740327130', 70, 4, 'Suporte Alicate Com Tampa Cor Verde', '\r', 27, 1),
(373, '2025760327134', 70, 5, 'Suporte Alicate Com Tampa Cor Laranja', '\r', 27, 1),
(374, '2026210327131', 55, 11, 'Porta Corrente Cor Cristal (12 Correntes)', '\r', 27, 1),
(375, '2026710327136', 90, 1, 'Suporte Alicate Deitado Com Tampa Cor Cristal', '\r', 27, 1),
(376, '2026910327134', 100, 5, 'Maleta para Alicates (Capasidade 15)', '\r', 27, 1),
(377, '2027110327139', 45, 9, 'Porta Algodao Rolete Cor Cristal', '\r', 27, 1),
(378, '2027120327136', 50, 10, 'Porta Algodao Rolete Cor Azul', '\r', 27, 1),
(379, '2027130327133', 50, 10, 'Porta Algodao Rolete Cor Rosa', '\r', 27, 1),
(380, '2027140327130', 50, 9, 'Porta Algodao Rolete Cor Verde', '\r', 27, 1),
(381, '2027150327137', 50, 5, 'Porta Algodao Rolete Cor Amarelo', '\r', 27, 1),
(382, '2027160327134', 50, 5, 'Porta Algodao Rolete Cor Laranja', '\r', 27, 1),
(383, '2027310327137', 45, 5, 'Porta Resina Simples Cor Cristal (28 Seringas)', '\r', 27, 1),
(384, '2027320327134', 45, 5, 'Porta Resina Simples Cor Azul (28 Seringas)', '\r', 27, 1),
(385, '2027330327131', 45, 5, 'Porta Resina Simples Cor Rosa (28 Seringas)', '\r', 27, 1),
(386, '2027340327138', 45, 5, 'Porta Resina Simples Verde (28 Seringas)', '\r', 27, 1),
(387, '2027350327135', 40, 2, 'Porta Resina Simples Cor Amarelo (28 Seringas)', '\r', 27, 1),
(388, '2027360327132', 45, 3, 'Porta Resina SimplesCor Laranja (28 Seringas)', '\r', 27, 1),
(389, '2027710327133', 95, 4, 'Porta Ligadura Modular Cor Cristal (28 Cores)', '\r', 27, 1),
(390, '2027810327132', 70, 5, 'Porta Ligadura Modular Cor Cristal (16 Cores)', '\r', 27, 1),
(391, '2028310327134', 21, 7, 'Espelho Toucador com Cabo Cor Cristal', '\r', 28, 1),
(392, '2028320327131', 21, 8, 'Espelho Toucador Com Cabo Azul', '\r', 28, 1),
(393, '2028330327138', 21, 5, 'Espelho Toucador com Cabo Cor Rosa', '\r', 28, 1),
(394, '2028340327135', 21, 10, 'Espelho Toucador com Cabo Cor Verde', '\r', 28, 1),
(395, '2028350327132', 21, 8, 'Espelho Toucador com Cabo Cor Amarelo', '\r', 28, 1),
(396, '2028360327139', 17, 8, 'Espelho Toucador com Cabo Cor Laranja', '\r', 28, 1),
(397, '2028810327139', 55, 3, 'Suporte para Babador Cor Cristal', '\r', 27, 1),
(398, '2028910327138', 52, 3, 'Suporte para Caixa De Luvas Cor Cristal', '\r', 27, 1),
(399, '203', 19.9, 7, 'Elastico Intra Oral 5/16 Pesada', '\r', 6, 6),
(400, '204071', 28, 45, 'Analogo HE 3.5', '\r', 5, 5),
(401, '2043', 60, 6, 'Resina Gradia Direct cor B2', '\r', 11, 8),
(402, '204330', 71, 1, 'Munhao Angulado HE 3.5 15?', '\r', 5, 5),
(403, '204354', 71, 1, 'Munhao Angulado HE 3.5 25?', '\r', 5, 5),
(404, '204378', 42, 1, 'Munhao Reto HE AR 3.5', '\r', 5, 5),
(405, '204392', 124, 2, 'Mini Conico Angulado HE 3.5 17?', '\r', 5, 5),
(406, '204415', 124, 2, 'Mini Conico Angulado HE 3.5 30?', '\r', 5, 5),
(407, '204439', 71, 10, 'Mini Conico HE 3.5 x 1', '\r', 5, 5),
(408, '204453', 71, 20, 'Mini Conico HE 3.5 x 2', '\r', 5, 5),
(409, '204477', 71, 10, 'Mini Conico HE 3.5 x 3', '\r', 5, 5),
(410, '204514', 48, 2, 'O`Ring HE 3.5 x 1', 'Especial\r', 5, 5),
(411, '204538', 48, 2, 'O`Ring HE 3.5 x 2', 'Especial\r', 5, 5),
(412, '204552', 48, 2, 'O`Ring HE 3.5 x 3', 'Especial\r', 5, 5),
(413, '204576', 48, 2, 'O`Ring HE 3.5 x 4', 'Especial\r', 5, 5),
(414, '204590', 48, 2, 'O`Ring HE 3.5 x 5', 'Especial\r', 5, 5),
(415, '2046', 60, 4, 'Resina Gradia Direct cor AO2', '\r', 11, 8),
(416, '204699', 29, 48, 'Transfer HE Moldeira Aberta 3.5', '\r', 5, 5),
(417, '2049', 60, 7, 'Resina Gradia Direct cor CT', '\r', 11, 8),
(418, '204941', 63, 20, 'Ucla HE Base Cromo AR CC 3.5', '\r', 5, 5),
(419, '204965', 63, 6, 'Ucla HE Base Cromo CC3.5', '\r', 5, 5),
(420, '204989', 35, 9, 'Ucla Plastica HE sim Hexagono com Ombro 3.5', '\r', 5, 5),
(421, '205009', 35, 4, 'Ucla Plastica HE com Hexagano com Ombro 3.5', '\r', 5, 5),
(422, '20503', 124, 2, 'Mini Conico Angulado HE 4.0 17?', '\r', 5, 5),
(423, '2051', 60, 7, 'Resina Gradia Direct cor WT', '\r', 11, 8),
(424, '20563987', 690, 0, 'Kit Jogo de Chaves para  Protetico (Boloinha)', '\r', 5, 5),
(425, '20598536', 1600, 0, 'Kit Protetico Completo', '\r', 5, 5),
(426, '20598743', 0, 950, 'Kit Upgrade HI ', 'Kit', 29, 19),
(427, '20652793', 3800, 0, 'kit Cirurgico Master Cilindrico e Conico HE/HI/CM', '\r', 5, 5),
(428, '20718', 124, 2, 'Mini Conico Angulado HI 3.5 30?', '\r', 5, 5),
(429, '208482', 30, 10, 'Cicatrizador HI 3.5 x 2', '\r', 5, 5),
(430, '208499', 30, 6, 'Cicatrizador HI 3.5 X 3', '\r', 5, 5),
(431, '208505', 30, 9, 'Cicatrizador HI 3.5 X 4', '\r', 5, 5),
(432, '208512', 28, 5, 'Cicatrizador HI 3.5 X 5', '\r', 5, 5),
(433, '208529', 28, 8, 'Cicatrizador HI 3.5 X 6', '\r', 5, 5),
(434, '208536', 28, 7, 'Cicatrizador HI 3.5 X 7', '\r', 5, 5),
(435, '208550', 30, 11, 'Cicatrizador HI 4.0 X 2', '\r', 5, 5),
(436, '208567', 30, 6, 'Cicatrizador HI 4.0 x 3', '\r', 5, 5),
(437, '208574', 30, 9, 'Cicatrizador HI 4.0 X 4', '\r', 5, 5),
(438, '208581', 30, 8, 'Cicatrizador HI 4.0 X 5', '\r', 5, 5),
(439, '208598', 28, 6, 'Cicatrizador HI 4.0 X 6', '\r', 5, 5),
(440, '208604', 28, 8, 'Cicatrizador HI 4.0 X 7', '\r', 5, 5),
(441, '208765', 28, 7, 'Cicatrizador HE 4.0 X 2', '\r', 5, 5),
(442, '208772', 28, 1, 'Cicatrizador HE 4.0 X 3', '\r', 5, 5),
(443, '208789', 28, 4, 'Cicatrizador HE 4.0 X 4', '\r', 5, 5),
(444, '208796', 28, 10, 'Cicatrizador HE 4.0 X 5', '\r', 5, 5),
(445, '208802', 28, 10, 'Cicatrizador HE 4.0 X 6', '\r', 5, 5),
(446, '208819', 28, 10, 'Cicatrizador HE 4.0 X 7', '\r', 5, 5),
(447, '208918', 32, 4, 'Cicatrizador CM 3.5 X 2.5', '\r', 5, 5),
(448, '208925', 32, 9, 'Cicatrizador CM 3.5 X 3.5', '\r', 5, 5),
(449, '208932', 32, 8, 'Cicatrizador CM 3.5 X 4.5', '\r', 5, 5),
(450, '208949', 32, 0, 'Cicatrizador CM 3.5 X 5.5', '\r', 5, 5),
(451, '208987', 32, 6, 'Cicatrizador CM 4.5 X 2.5', '\r', 5, 5),
(452, '208994', 32, 10, 'Cicatrizador CM 4.5 X 3.5', '\r', 5, 5),
(453, '209007', 32, 6, 'Cicatrizador CM 4.5 X 4.5', '\r', 5, 5),
(454, '209014', 32, 10, 'Cicatrizador CM 4.5 X 5.5', '\r', 5, 5),
(455, '2114160', 10.5, 0, 'Marcador de Instrumento Verde', '\r', 30, 20),
(456, '2114170', 10.5, 0, 'Marcador de Instrumento Azul Bebe', '\r', 30, 2),
(457, '2114180', 10.5, 0, 'Marcador de Instrumento Rosa Bebe', '\r', 30, 2),
(458, '2114190', 10.5, 1, 'Marcador de Instrumento Roxo', '\r', 30, 2),
(459, '2114260', 9.6, 3, 'Pote Dappen Silicone Grande Rosa', '\r', 31, 2),
(460, '2114270', 9.6, 3, 'Pote Dappen Silicone Grande Azul', '\r', 31, 2),
(461, '2114370', 6.6, 0, 'Pote Dappen de Silicone Cinza', '\r', 31, 2),
(462, '2114380', 6.6, 0, 'Pote Dappen de Silicone Rosa', '\r', 31, 2),
(463, '2114390', 6.6, 0, 'Pote Dappen de Silicone Azul', '\r', 31, 2),
(464, '21449', 124, 2, 'Mini Conico Angulado HI 4.0 30?', '\r', 5, 5),
(465, '217392', 34, 9, 'Cofia Plastica Parafusada Munhao Rot CM 3.5 x 4', '\r', 5, 5),
(466, '217408', 34, 8, 'Cofia Plastica Parafusada Munhao Rot/CM 3.5 x 6', '\r', 5, 5),
(467, '217415', 34, 16, 'Cofia Plastica Parafusada Munhao Anti-Rot CM 3.5 x 4', '\r', 5, 5),
(468, '217422', 34, 4, 'Cofia Plastica Parafusada Munhao Anti-Rot CM 3.5 x 6', '\r', 5, 5),
(469, '217507', 28, 14, 'Analogo Munhao Cone Morse 3.5x4', '\r', 5, 5),
(470, '217521', 28, 15, 'Analogo Munhao Cone Morse 3.5x6', '\r', 5, 5),
(471, '217545', 28, 20, 'Analogo Munhao Cone Morse 4.5x4', '\r', 5, 5),
(472, '217569', 28, 14, 'Analogo Munhao Cone Morse 4.5x6', '\r', 5, 5),
(473, '217637', 42, 4, 'Munhao Reto Ar com Cinta HI 4.0X1.0', '\r', 5, 5),
(474, '217651', 42, 8, 'Munhao Reto Ar com Cinta HI 4.0X2.0', '\r', 5, 5),
(475, '217675', 42, 9, 'Munhao Reto Ar com Cinta HI 4.0 X 3.0', '\r', 5, 5),
(476, '217699', 42, 9, 'Munhao Reto Ar com Cinta HI 4.0 X 4.0', '\r', 5, 5),
(477, '217712', 42, 10, 'Munhao Reto Ar com Cinta HI 4.0 X 5.0', '\r', 5, 5),
(478, '217910', 57, 6, 'Munhao Cone Morse C/P 3.5 x 4 x 0.8', '\r', 5, 5),
(479, '217934', 56, 10, 'Munhao Cone Morse C/P 3.5 x 4 x 1.5', '\r', 5, 5),
(480, '217958', 56, 6, 'Munhao Cone Morse C/P 3.5 x 4 x 2.5', '\r', 5, 5),
(481, '217972', 56, 10, 'Munhao Cone Morse C/P 3.5x4x3.5', '\r', 5, 5),
(482, '217996', 56, 0, 'Munhao Cone Morse C/P 3.5 x 4 x 4.5', '\r', 5, 5),
(483, '218030', 56, 8, 'Munhao Cone Morse C/P 3.5 x 6 x 0.8', '\r', 5, 5),
(484, '218054', 56, 8, 'Munhao Cone Morse C/P 3.5 x 6 x 1.5', '\r', 5, 5),
(485, '218078', 56, 10, 'Munhao Cone Morse C/P 3.5 x 6 x 2.5', '\r', 5, 5),
(486, '218092', 56, 8, 'Munhao Cone Morse C/P 3.5 x 6 x 3.5', '\r', 5, 5),
(487, '218115', 56, 9, 'Munhao Cone Morse C/P 3.5 x 6 x 4.5', '\r', 5, 5),
(488, '218177', 56, 10, 'Munhao Cone Morse C/P 4.5 x 4 x 0.8', '\r', 5, 5),
(489, '218191', 56, 7, 'Munhao Cone Morse C/P 4.5 x 4 x 1.5', '\r', 5, 5),
(490, '218214', 56, 7, 'Munhao Cone Morse C/P 4.5 x 4 x 2.5', '\r', 5, 5),
(491, '218238', 56, 10, 'Munhao Cone Morse C/P 4.5 x 4 x 3.5', '\r', 5, 5),
(492, '218252', 56, 10, 'Munhao Cone Morse C/P 4.5 x 4 x 4.5', '\r', 5, 5),
(493, '218290', 56, 6, 'Munhao Cone Morse C/P 4.5 x 6 x 0.8', '\r', 5, 5),
(494, '218313', 56, 5, 'Munhao Cone Morse C/P 4.5 x 6 x 1.5', '\r', 5, 5),
(495, '218337', 56, 9, 'Munhao Cone Morse C/P 4.5 x 6 x 2.5', '\r', 5, 5),
(496, '218351', 56, 2, 'Munhao Cone Morse C/P 4.5 x 6 x 3.5', '\r', 5, 5),
(497, '218375', 56, 7, 'Munhao Cone Morse C/P 4.5 x 6 x 4.5', '\r', 5, 5),
(498, '218399', 59, 1, 'Munhao Cone Morse C/P 4.5 X 6 X 5.5', '\r', 5, 5),
(499, '21951', 124, 2, 'Mini Conico Angulado HE 4.0 30?', '\r', 5, 5),
(500, '22050006', 290, 1, 'com Protetor Azul', '\r', 23, 21),
(501, '22077', 123, 0, 'Implante Conico HE 4.0 x 9', '\r', 5, 5),
(502, '22097', 123, 17, 'Implante Conico HI 3.5 x 7', '\r', 5, 5),
(503, '22099', 123, 16, 'Implante Conico HI 3.5 x 9', '\r', 5, 5),
(504, '221016', 123, 18, 'Implante Conico HI 3.5 x 11', '\r', 5, 5),
(505, '22103', 123, 11, 'Implante Conico HI 3.5 x 13', '\r', 5, 5),
(506, '221092', 42, 1, 'Munhao Reto Ar com Cinta HE 4.0 X 1.0', '\r', 5, 5),
(507, '221108', 42, 1, 'Munhao Reto Ar com Cinta HE 4.0X2.0', '\r', 5, 5),
(508, '221115', 42, 1, 'Munhao Reto Ar com Cinta HE 4.0 X 3.0', '\r', 5, 5),
(509, '221122', 42, 1, 'Munhao Reto Ar com Cinta HE 4.0 X 4.0', '\r', 5, 5),
(510, '221139', 42, 1, 'Munhao Reto Ar com Cinta HE 4.0 X 5.0', '\r', 5, 5),
(511, '22119', 123, 0, 'Implante Conico HI 4.0 x 7', '\r', 5, 5),
(512, '22121', 123, 17, 'Implante Conico HI 4.0 x 9', '\r', 5, 5),
(513, '22123', 123, 18, 'Implante Conico HI 4.0 x 11', '\r', 5, 5),
(514, '221252', 123, 10, 'Implante Conico HI 4.0 x 13', '\r', 5, 5),
(515, '22131', 123, 0, 'Implante Conico HI 5.0 x 7', '\r', 5, 5),
(516, '22133', 123, 0, 'Implante Conico HI 5.0 x 9', '\r', 5, 5),
(517, '22134', 123, 0, 'Implante Conico HI 5.0 x 10', '\r', 5, 5),
(518, '22135', 123, 0, 'Implante Conico HI 5.0 x 11', '\r', 5, 5),
(519, '22137', 123, 2, 'Implante Conico HI 5.0 x 13', '\r', 5, 5),
(520, '22274', 146, 8, 'Implante Due Cone Ar 3.5 x 7', '\r', 5, 5),
(521, '22276', 146, 6, 'Implante Due Cone Ar 3.5 x 9', '\r', 5, 5),
(522, '22278', 146, 8, 'Implante Due Cone Ar 3.5 x 11', '\r', 5, 5),
(523, '222860', 146, 8, 'Implante Due Cone Ar 4.0 x 7', '\r', 5, 5),
(524, '22288', 146, 9, 'Implante Due Cone Ar 4.0 x 9', '\r', 5, 5),
(525, '22290', 146, 5, 'Implante Due Cone Ar 4.0 x 11', '\r', 5, 5),
(526, '22298', 146, 3, 'Implante Due Cone Ar 4.5 x 7', '\r', 5, 5),
(527, '22300', 146, 7, 'Implante Due Cone Ar 4.5 x 9', '\r', 5, 5),
(528, '22302', 146, 6, 'Implante Due Cone Ar 4.5 x 11', '\r', 5, 5),
(529, '22304', 146, 5, 'Implante Due Cone Ar 4.5 x 13', '\r', 5, 5),
(530, '224284', 34, 19, 'Cofia Plastica Parafusada Munhao Anti-Rot CM 4.5 x 4', '\r', 5, 5),
(531, '224314', 34, 9, 'Cofia Plastica Parafusada Munhao Anti-RotCM 4.5 x 6', '\r', 5, 5),
(532, '224345', 34, 10, 'Cofia Plastica Parafusada Munhao Rot CM 4.5 x 4', '\r', 5, 5),
(533, '224369', 34, 10, 'Cofia Plastica Parafusada Munhao Rot CM 4.5 x 6', '\r', 5, 5),
(534, '2274', 60, 6, 'Resina Gradia Direct cor B1', '\r', 11, 8),
(535, '22894', 159, 1, 'Munhao Angulado CM Ar 3.5 x 4 x 0.8 15?', '\r', 5, 5),
(536, '22896', 159, 1, 'Munhao Angulado CM Ar 3.5 x 4 x 1.5 15?', '\r', 5, 5),
(537, '22898', 159, 1, 'Munhao Angulado CM Ar 3.5 x 4 x 2.5 15?', '\r', 5, 5),
(538, '22900', 159, 1, 'Munhao Angulado CM Ar 3.5 x 4 x 3.5 15?', '\r', 5, 5),
(539, '22902', 159, 1, 'Munhao Angulado CM Ar 3.5 X 4 X 0.8 25?', '\r', 5, 5),
(540, '22904', 159, 1, 'Munhao Angulado CM Ar 3.5 X 4 X 1.5 25?', '\r', 5, 5),
(541, '22906', 159, 1, 'Munhao Angulado CM Ar 3.5 X 4 X 2.5 25?', '\r', 5, 5),
(542, '22908', 159, 1, 'Munhao Angulado CM Ar  3.5 X 4 X 3.5 25?', '\r', 5, 5),
(543, '22910', 159, 1, 'Munhao Angulado CM Ar 3.5 x 6 x 0.8 15?', '\r', 5, 5),
(544, '22912', 159, 1, 'Munhao Angulado CM Ar 3.5 X 6 X 1.5 15?', '\r', 5, 5),
(545, '22914', 159, 0, 'Munhao Angulado CM Ar 3.5 X 6 X 2.5 15?', '\r', 5, 5),
(546, '22916', 159, 1, 'Munhao Angulado CM Ar 3.5 x 6 x 3.5 15?', '\r', 5, 5),
(547, '22918', 159, 1, 'Munhao Angulado CM Ar 3.5 X 6 X 0.8 25?', '\r', 5, 5),
(548, '22920', 159, 1, 'Munhao Angulado CM Ar 3.5 X 6 X 1.5 25?', '\r', 5, 5),
(549, '22922', 159, 0, 'Munhao Angulado CM Ar 3.5 x 6 x 2.5 25?', '\r', 5, 5),
(550, '22924', 159, 0, 'Munhao Angulado CM Ar 3.5 X 6 X 3.5 25?', '\r', 5, 5),
(551, '22926', 159, 1, 'Munhao Angulado CM Ar 4.5 X 4 X 0.8 15?', '\r', 5, 5),
(552, '22928', 159, 1, 'Munhao Angulado CM AR 4.5 X 4 X 2.5 15?', '\r', 5, 5),
(553, '22930', 159, 1, 'Munhao Angulado CM Ar 4.5 x 4 x 2.5 15?', '\r', 5, 5),
(554, '22932', 159, 1, 'Munhao Angulado CM Ar 4.5 X 4 X 3.5 15?', '\r', 5, 5),
(555, '22934', 159, 1, 'Munhao Angulado CM Ar 4.5 x 6 x 0.8 15?', '\r', 5, 5),
(556, '22936', 159, 1, 'Munhao Angulado CM AR 4.5 x 6 x 1.5 15?', '\r', 5, 5),
(557, '22938', 159, 0, 'Munhao Angulado CM Ar 4.5 X 6 X 2.5 15?', '\r', 5, 5),
(558, '22940', 159, 1, 'Munhao Angulado CM Ar 4.5 x 6 x 3.5 15?', '\r', 5, 5),
(559, '22942', 159, 1, 'Munhao Angulado CM Ar 4.5 X 4 X 0.8 25?', '\r', 5, 5),
(560, '22944', 159, 1, 'Munhao Angulado CM Ar 4.5 X 4 X 1.5 25?', '\r', 5, 5),
(561, '22946', 159, 1, 'Munhao Angulado CM Ar 4.5 X 4 X 2.5 25?', '\r', 5, 5),
(562, '22948', 159, 1, 'Munhao Angulado CM Ar 4.5 X 4 X 3.5 25?', '\r', 5, 5),
(563, '22950', 159, 1, 'Munhao Angulado CM Ar 4.5 X 6 X 0.8 25?', '\r', 5, 5),
(564, '22952', 159, 1, 'Munhao Angulado CM Ar 4.5 X 6 X 1.5 25?', '\r', 5, 5),
(565, '22954', 159, 1, 'Munhao Angulado CM Ar 4.5 X 6 X 2.5 25?', '\r', 5, 5),
(566, '22956', 159, 1, 'Munhao Angulado CM Ar 4.5 X 6 X 3.5 25?', '\r', 5, 5),
(567, '229951', 18, 18, 'parafuso Quadrado HI HE 3.5', '\r', 5, 5),
(568, '22996', 35, 10, 'Ucla Plastica HE s/ Hexagano c/Ombro 4.0', '\r', 5, 5),
(569, '229982', 18, 18, 'Parafuso Quadrado HI HE 4.0', '\r', 5, 5),
(570, '23009', 35, 2, 'Ucla Plastica HE com Hexagano com Ombro 4.0', '\r', 5, 5),
(571, '231442', 40, 10, 'Ucla Titanio HE 3.5', '\r', 5, 5),
(572, '231527', 40, 3, 'Ucla Titanio HE Ar 3.5', '\r', 5, 5),
(573, '231534', 28, 8, 'Cicatrizador HE 3.5 X 2', '\r', 5, 5),
(574, '231541', 28, 9, 'Cicatrizador HE 3.5 X 3', '\r', 5, 5),
(575, '231558', 28, 8, 'Cicatrizador HE 3.5 X 4', '\r', 5, 5),
(576, '231565', 28, 10, 'Cicatrizador HE 3.5 X 5', '\r', 5, 5),
(577, '231572', 28, 10, 'Cicatrizador HE 3.5 X 6', '\r', 5, 5),
(578, '231589', 28, 10, 'Cicatrizador HE 3.5 X 7', '\r', 5, 5),
(579, '24069', 146, 0, 'Implante Due Cone Ar 5.0 X 7', '\r', 5, 5),
(580, '24071', 146, 0, 'Implante Due Cone Ar 5.0 X 9', '\r', 5, 5),
(581, '24073', 146, 0, 'Implante Due Cone Ar 5.0 X 11', '\r', 5, 5),
(582, '2410000100002', 8.9, 2, 'Afastador Labial Autoclavavel cor Transparente Tamanho Grande', '\r', 32, 6),
(583, '2410001100001', 8.9, 0, 'Afastador Labial Autoclavavel cor Transparente Tamanho Pequeno', '\r', 32, 6),
(584, '2410004100008', 8.9, 2, 'Afastador Anterior Branco', '\r', 32, 6),
(585, '2410005200004', 9.9, 3, 'Afastador Autoclavavel para Foto em U Tamanho Grande', '\r', 32, 6),
(586, '2410005300001', 9.9, 3, 'Afastador Autoclavavel para Foto em U Tamanho Pequeno', '\r', 32, 6),
(587, '2410010200006', 9.9, 4, 'Afastador Labial Autoclavavel cor Branco Tamanho Grande', '\r', 32, 6),
(588, '2410011200005', 8.9, 6, 'Afastador Labial Autoclavavel cor Branco Tamanho Pequeno', '\r', 32, 6),
(589, '2410012200004', 8.9, 6, 'Afastador com Retrator Lingual  cor Branco Tamanho Grande', '\r', 32, 6),
(590, '2410013200003', 8.9, 2, 'Afastador Com Retrator Lingual cor Branco Tamanho  Medio', '\r', 32, 6),
(591, '2410020200003', 15.9, 2, 'Afastador Labial Autoclavavel cor Branco Tamanho Grande', '\r', 32, 6),
(592, '2410025100001', 18.9, 2, 'Afastador Autoclavavel para Foto em V', '\r', 32, 6),
(593, '2410030100003', 19.8, 2, 'Afastador Labial Autoclavavel cor Transparente Tamanho Grande', '\r', 32, 6),
(594, '2410030200000', 18.9, 2, 'Afastador Labial Autoclavavel cor Branco Tamanho Grande', '\r', 32, 6),
(595, '2410031200009', 18.9, 6, 'Afastador Labial Autoclavavel cor Branco Tamanho Pequeno', '\r', 32, 6),
(596, '24167', 130, 1, 'Munhao Angulado Cone Morse 4.5 x 6 x 1.5 15?', '\r', 5, 5),
(597, '251', 75.2, 9, 'Cimento Dual Master A3 + Brinde Try in', '\r', 21, 1),
(598, '2524252400', 148, 0, 'Ionomero Liquido LC Gold Label Tipo 2', '\r', 9, 8),
(599, '253', 75.2, 11, 'Cimento Dual Master A1 + Brinde Try in', '\r', 21, 1),
(600, '2554', 71, 10, 'Mini Conico HI 3.5 x 1', '\r', 5, 5),
(601, '2561', 71, 20, 'Mini Conico HI 3.5 x 2', '\r', 5, 5),
(602, '2578', 71, 10, 'Mini Conico HI 3.5 x 3', '\r', 5, 5),
(603, '2585', 71, 10, 'Mini Conico HI 4.0 x 1', '\r', 5, 5),
(604, '2592', 71, 20, 'Mini Conico HI 4.0 x 2', '\r', 5, 5),
(605, '2608', 71, 10, 'Mini Conico HI 4.0 X 3', '\r', 5, 5),
(606, '2622262200', 110, 2, 'Ionomero Liquido Gold Label Tipo 9', 'Especial\r', 9, 8),
(607, '266970', 14, 5, 'Cera Orto', '\r', 8, 7),
(608, '267045', 45, 4, 'Resina Acrilica Auto Po Rosa Com Veia', '\r', 12, 7),
(609, '269763', 21, 5, 'Resina Acrilica Bivalente cor 67', '\r', 12, 7),
(610, '26987', 21, 10, 'Cofia Plastica Parafusada Munhao Rot CM 4.5 x 4', '\r', 5, 5),
(611, '26994', 21, 9, 'Cofia Plastica Cimentada Munhao Rot CM 3.5 x 4', '\r', 5, 5),
(612, '27007', 21, 10, 'Cofia Plastica Cimentada Munhao Rot CM 3.5 x 6', '\r', 5, 5),
(613, '270137', 15, 5, 'Resina Acrilica Bivalente Cor 60', '\r', 12, 7),
(614, '27014', 21, 10, 'Cofia Plastica Parafusada Munhao Rot CM 4.5 x 6', '\r', 5, 5),
(615, '2745', 71, 10, 'Mini Conico HE 4.0 x 1', '\r', 5, 5),
(616, '2752', 71, 20, 'Mini Conico HE 4.0 x 2', '\r', 5, 5),
(617, '2769', 71, 10, 'Mini Conico HE 4.0 x 3', '\r', 5, 5),
(618, '2806', 45, 10, 'Munhao Reto HI AR 3.5', '\r', 5, 5),
(619, '28226', 1050, 1, 'Kit Selecao Protetica Cone Morse', '\r', 5, 5),
(620, '2851', 42, 11, 'Munhao Reto HI AR 4.0', '\r', 5, 5),
(621, '286763', 27, 4, 'Resina Termo Po Cristal', '\r', 12, 7),
(622, '2882', 71, 0, 'Munhao Angulado HI 3.5 15?', '\r', 5, 5),
(623, '2899', 71, 4, 'Munhao Angulado HI 3.5 25?', '\r', 5, 5),
(624, '2912', 71, 0, 'Munhao Angulado HI 4.0 15?', '\r', 5, 5),
(625, '291620', 10, 0, 'Liquido Auto Com Crosslink', '\r', 12, 7),
(626, '292689', 8.5, 12, 'Bionix TH4 Cor 62', '\r', 7, 7),
(627, '292801', 8.5, 11, 'Bionix Superior TM6 Cor 69', '\r', 7, 7),
(628, '293', 150, 1, 'Acionamento Electirco para Tornera Higipratic (220V)', '\r', 18, 1),
(629, '2936', 71, 2, 'Munhao Angulado HI 4.0 25?', '\r', 5, 5),
(630, '300', 20, 14, 'Resina Master Fill cor A1 + Beinde  Clareador Claridex 16%', '\r', 11, 1),
(631, '3000000117019', 4.2, 16, 'Triunfo Superior A23 Cor 60', '\r', 7, 7),
(632, '3000000117026', 4.2, 16, 'Triunfo Superior 3N Cor 60', '\r', 7, 7),
(633, '3000000117033', 4.2, 15, 'Triunfo Superior A26 Cor 60', '\r', 7, 7),
(634, '3000000117071', 4.2, 10, 'Triunfo Superior A25 Cor 62', '\r', 7, 7),
(635, '3000000117088', 4.2, 2, 'Triunfo Inferior 32L Cor 62', '\r', 7, 7),
(636, '3000000117132', 4.2, 15, 'Triunfo Superior 2D Cor 66', '\r', 7, 7),
(637, '3000000117156', 4.2, 46, 'Triunfo Inferior 32M Cor 66', '\r', 7, 7),
(638, '3000000117217', 4.2, 16, 'Triunfo Superior 2P Cor 69', '\r', 7, 7),
(639, '3000000117224', 4.2, 7, 'Triunfo Inferior 30M Cor 69', '\r', 7, 7),
(640, '3000000117231', 4.2, 8, 'Triunfo Superior 34L Cor 69', '\r', 7, 7),
(641, '3000000266076', 85, 2, 'Resina Acrilica Auto Po Incolor', '\r', 12, 7),
(642, '3000000266342', 27, 5, 'Resina Termo Po Rosa Medio', '\r', 12, 7),
(643, '3000000266427', 27, 7, 'Resina Acrilica Auto Po Rosa Sem Veia', '\r', 12, 7),
(644, '3000000266489', 85, 3, 'Resina Acrilica Auto Po Rosa Com Veia', '\r', 12, 7),
(645, '3000000266588', 45, 3, 'Resina Acrilica Auto Po Rosa Sem Veia', '\r', 12, 7),
(646, '3000000270141', 15, 4, 'Resina Acrilica Bivalente cor 69', '\r', 12, 7),
(647, '3000000286951', 85, 6, 'Resina Acrilica Auto Po Rosa Sem Veia', '\r', 12, 7),
(648, '3000000292693', 8.5, 8, 'Bionix TH4 Cor 69', '\r', 7, 7),
(649, '3000000292709', 8.5, 16, 'Bionix TE3 Cor 66', '\r', 7, 7),
(650, '3000000292723', 8.5, 20, 'Bionix TG3 Cor 69', '\r', 7, 7),
(651, '3000000292730', 8.5, 15, 'Bionix R4B Cor 60', '\r', 7, 7),
(652, '3000000292754', 8.5, 16, 'Bionix IL7 Cor 60', '\r', 7, 7),
(653, '3000000292761', 8.5, 11, 'Bionix I 10 Cor 62', '\r', 7, 7),
(654, '3000000292778', 8.5, 15, 'Bionix Superior TM3 Cor 60', '\r', 7, 7),
(655, '3000000292785', 8.5, 14, 'Bionix Superior TM4 Cor 62', '\r', 7, 7),
(656, '3000000292808', 8.5, 15, 'Bionix Inferior TM3 Cor 60', '\r', 7, 7),
(657, '3000000292815', 8.5, 9, 'Bionix Inferior TM4 Cor 62', '\r', 7, 7),
(658, '3000000292839', 8.5, 17, 'Bionix T14 Cor 62', '\r', 7, 7),
(659, '3000000292853', 8.5, 16, 'Bionix IK 10 Cor 66', '\r', 7, 7),
(660, '3000000293294', 85, 2, 'Resina Termo Po Black', '\r', 12, 7),
(661, '3018', 42, 0, 'Munhao Reto HE AR 4.0', '\r', 5, 5),
(662, '30301', 630, 0, 'Seladora', '\r', 18, 1),
(663, '3049', 71, 1, 'Munhao Angulado HE 4.0 15?', '\r', 5, 5),
(664, '304999', 15, 30, 'Fixador', '\r', 23, 1);
INSERT INTO `produto` (`id_produto`, `barcode`, `preco`, `estoque`, `especificacao`, `tipo`, `id_subgrupo`, `id_marca`) VALUES
(665, '3056', 71, 1, 'Munhao Angulado HE 4.0 25?', '\r', 5, 5),
(666, '3148', 48, 1, 'O`Ring HI 3.5 x 1', '\r', 5, 5),
(667, '3155', 76, 2, 'O`Ring HI 3.5 x 2', 'Especial\r', 5, 5),
(668, '3162', 76, 0, 'O`Ring HI 3.5 x 3', 'Especial\r', 5, 5),
(669, '3170100441', 600, 1, 'Cuba De Ultrassom 2,1L 220V', '\r', 18, 1),
(670, '3179', 48, 0, 'O`Ring HI 3.5 x 4', 'Especial\r', 5, 5),
(671, '3186', 48, 0, 'O`Ring HI 3.5 x 5', 'Especial\r', 5, 5),
(672, '3193', 76, 0, 'O`Ring HI 4.0 x 1', '\r', 5, 5),
(673, '3209', 76, 0, 'O`Ring HI 4.0 x 2', 'Especial\r', 5, 5),
(674, '3216', 76, 0, 'O`Ring HI 4.0 x 3', 'Especial\r', 5, 5),
(675, '3223', 48, 0, 'O`Ring HI 4.0 x 4', 'Especial\r', 5, 5),
(676, '3230', 48, 2, 'O`Ring HI 4.0 x 5', 'Especial\r', 5, 5),
(677, '326', 20, 20, 'Resina Master Fill cor B1 + Beinde  Clareador Claridex 16%', '\r', 11, 1),
(678, '327', 20, 24, 'Resina Master Fill cor B2 + Beinde  Clareador Claridex 16%', '\r', 11, 1),
(679, '328', 20, 18, 'Resina Master Fill cor C1 + Beinde  Clareador Claridex 16%', '\r', 11, 1),
(680, '329', 20, 12, 'Resina Master Fill cor C2 + Beinde  Clareador Claridex 16%', '\r', 11, 1),
(681, '330', 20, 16, 'Resina Master Fill cor C3 + Beinde  Clareador Claridex 16%', '\r', 11, 1),
(682, '3346', 48, 2, 'O`Ring HE 4.0 x 1', 'Especial\r', 5, 5),
(683, '335201', 290, 17, 'Resina Pattern Resin LS', '\r', 12, 8),
(684, '3353', 48, 1, 'O`Ring HE 4.0 x 2', 'Especial\r', 5, 5),
(685, '3360', 48, 0, 'O`Ring HE 4.0 x 3', '\r', 5, 5),
(686, '3377', 48, 2, 'O`Ring HE 4.0 x 4', 'Especial\r', 5, 5),
(687, '3384', 48, 2, 'O`Ring HE 4.0 x 5', '\r', 5, 5),
(688, '338783', 20, 7, 'Cera Rolete', '\r', 8, 7),
(689, '3400970002740', 55, 8, 'Agulha Gengival Extra Curta Septoject XL 30g', '\r', 33, 22),
(690, '3400970002764', 55, 7, 'Agulha Gengival Longa Septoject XL 27g', '\r', 33, 2),
(691, '3400970002771', 55, 9, 'Agulha Gengival Extra Longa Septoject XL 27g', '\r', 33, 2),
(692, '340501', 400, 9, 'Resina Auto Alike Kit', '\r', 12, 8),
(693, '3405120000', 62, 4, 'Resina Auto Alike cor 62', '\r', 12, 8),
(694, '340591', 150, 8, 'Resina Auto Alike Liquido', '\r', 12, 8),
(695, '35', 25, 29, 'kit Cirurgico Esteril Para Implante 30g', '\r', 34, 23),
(696, '3514', 300, 4, 'Negatoscopio Slim LED Panoramico', '\r', 23, 24),
(697, '3515009', 32, 15, 'Gesso Tipo 4 Golden Brown', '\r', 35, 8),
(698, '355', 20, 14, 'Resina Master Fill cor A4 + Beinde  Clareador Claridex 16%', '\r', 11, 1),
(699, '36', 59, 11, 'Envelope Para Estetilizacao', '\r', 22, 1),
(700, '37', 100, 3, 'Indicador Quimico SIL-250', '\r', 22, 1),
(701, '3711', 35, 56, 'Ucla Plastica HI com Hexagono sim Ombro 4.0', '\r', 5, 5),
(702, '3728', 35, 35, 'Ucla Plastica HI sim Hexagono sim Ombro 4.0', '\r', 5, 5),
(703, '3760140700105', 55, 0, 'Agulha Gengival Curta Septoject XL 30g', '\r', 33, 2),
(704, '3760140702543', 250, 4, 'Anestesico Topico Pharmaethyl Spray', '\r', 36, 2),
(705, '3760140702550', 48, 8, 'Alginato Plastalgin + Medidor de agua e Po', '\r', 37, 2),
(706, '38', 4.5, 85, 'Oculos De Protecao Incolor', '\r', 18, 2),
(707, '3841', 40, 10, 'Ucla Titanio HE Ar 4.0', '\r', 5, 5),
(708, '39', 100, 5, 'Microcanulas Needle Fine Flex 23GX50MM', '\r', 33, 25),
(709, '3919', 28, 60, 'Analogo Mini Conico', '\r', 5, 5),
(710, '3995', 28, 38, 'Analogo HE 4.0', '\r', 5, 5),
(711, '40', 100, 0, 'Microcanulas Needle Fine Flex 22GX50MM', '\r', 33, 2),
(712, '4000000117018', 4.2, 8, 'Triunfo Inferior 3M Cor 60', '\r', 7, 7),
(713, '4000000117032', 4.2, 14, 'Triunfo Inferior A25 Cor 60', '\r', 7, 7),
(714, '4000000117049', 4.2, 10, 'Triunfo Superior 32M Cor 60', '\r', 7, 7),
(715, '4000000117056', 4.2, 6, 'Triunfo Inferior 34L Cor 60', '\r', 7, 7),
(716, '4000000117063', 4.2, 12, 'Triunfo Inferior 3D Cor 62', '\r', 7, 7),
(717, '4000000117070', 4.2, 8, 'Triunfo Inferior 3P Cor 62', '\r', 7, 7),
(718, '4000000117087', 4.2, 10, 'Triunfo Superior 32L Cor 62', '\r', 7, 7),
(719, '4000000117131', 4.2, 17, 'Triunfo Superior A23 Cor 66', '\r', 7, 7),
(720, '4000000117148', 4.2, 15, 'Triunfo Inferior 2P Cor 66', '\r', 7, 7),
(721, '4000000117155', 4.2, 21, 'Triunfo Superior 32M Cor 66', '\r', 7, 7),
(722, '4000000117162', 4.2, 11, 'Triunfo Inferior 34L Cor 66', '\r', 7, 7),
(723, '4000000117209', 4.2, 14, 'Triunfo Superior 3N Cor 69', '\r', 7, 7),
(724, '4000000117216', 4.2, 19, 'Triunfo Inferior A26 Cor 69', '\r', 7, 7),
(725, '4000000117223', 4.2, 7, 'Triunfo Superior 30M Cor 69', '\r', 7, 7),
(726, '4000000117230', 4.2, 9, 'Triunfo Inferior 32L Cor 69', '\r', 7, 7),
(727, '4000000265900', 85, 3, 'Resina Termo Po Incolor', '\r', 12, 7),
(728, '4000000266341', 45, 5, 'Resina Termo Po Rosa Medio', '\r', 12, 7),
(729, '4000000266488', 27, 2, 'Resina Acrilica Auto Po Rosa Com Veia', '\r', 12, 7),
(730, '4000000269762', 21, 0, 'Resina Acrilica Bivalente cor 66', '\r', 12, 7),
(731, '4000000270140', 15, 5, 'Resina Acrilica Bivalente cor 67', '\r', 12, 7),
(732, '4000000286806', 27, 2, 'Resina Termo Po Rosa Escuro', '\r', 12, 7),
(733, '4000000292685', 8.5, 16, 'Bionix T13 Cor 66', '\r', 7, 7),
(734, '4000000292715', 8.5, 13, 'Bionix T36 Cor 66', '\r', 7, 7),
(735, '4000000292739', 8.5, 12, 'Bionix T17Cor 66', '\r', 7, 7),
(736, '4000000292753', 8.5, 14, 'Bionix IL5 Cor 69', '\r', 7, 7),
(737, '4000000292760', 8.5, 24, 'Bionix I 10 Cor 60', '\r', 7, 7),
(738, '4000000292777', 8.5, 9, 'Bionix Superior TM2 Cor 69', '\r', 7, 7),
(739, '4000000292784', 8.5, 13, 'Bionix Superior TM4 Cor 60', '\r', 7, 7),
(740, '4000000292791', 8.5, 8, 'Bionix Superior TM5 Cor 62', '\r', 7, 7),
(741, '4000000292807', 8.5, 10, 'Bionix Inferior TM2 Cor 69', '\r', 7, 7),
(742, '4000000292814', 8.5, 15, 'Bionix Inferior TM4 Cor 60', '\r', 7, 7),
(743, '4000000292821', 8.5, 15, 'Bionix Inferior TM5 Cor 62', '\r', 7, 7),
(744, '4000000292838', 8.5, 14, 'Bionix T14 Cor 60', '\r', 7, 7),
(745, '4000000292845', 8.5, 12, 'Bionix R25 Cor 62', '\r', 7, 7),
(746, '4084', 28, 26, 'Analogo HI 3.5', '\r', 5, 5),
(747, '4091', 28, 28, 'Analogo HI 4.0', '\r', 5, 5),
(748, '41', 100, 3, 'Microcanulas Needle Fine Flex 23GX38MM', '\r', 33, 2),
(749, '41004100', 199, 0, 'Maniquin com Todo os Dentes', '\r', 38, 26),
(750, '4103002000002', 6.9, 10, 'Arco Aco Inferior 0.20', '\r', 39, 6),
(751, '4103011800006', 7.9, 5, 'Arco Aco Inferior 0.18 x 0.25', '\r', 39, 6),
(752, '4103011900003', 7.9, 10, 'Arco Aco Inferior 0.19 x 0.25', '\r', 39, 6),
(753, '4103101600004', 6.9, 15, 'Arco Aco Superior 0.16', '\r', 39, 6),
(754, '4105001200001', 22.5, 0, 'Mola NiTi Fechada 13mm Pesada', '\r', 40, 6),
(755, '41053205', 5000, 0, 'Aparelhos De Raios-x 70KV Digital (De Pa', '\r', 26, 1),
(756, '42', 100, 4, 'Microcanulas Needle Fine Flex 21GX50MM', '\r', 33, 2),
(757, '4201001000006', 9.9, 6, 'Arco NiTi Superelastico Inferio 0.10', '\r', 39, 6),
(758, '4201001200000', 9.9, 23, 'Arco NiTi Superelastico Inferio 0.12', '\r', 39, 6),
(759, '4201001400004', 9.9, 19, 'Arco NiTi Superelastico Inferior 0.14', '\r', 39, 6),
(760, '4201001600008', 9.9, 21, 'Arco NiTi Superelastico Inferior 0.16', '\r', 39, 6),
(761, '4201001800002', 9.9, 18, 'Arco NiTi Superelastico Inferior 0.18', '\r', 39, 6),
(762, '4201002000005', 9.9, 16, 'Arco NiTi Superelastico Inferior 0.20', '\r', 39, 6),
(763, '4201011600005', 17.2, 22, 'Arco NiTi Superelastico Inferior 0.16 x 0.22', '\r', 39, 6),
(764, '4201011700002', 17.2, 24, 'Arco NiTi Superelastico Inferior 0.17 x 0.25', '\r', 39, 6),
(765, '4201011800009', 17.2, 11, 'Arco NiTi Superelastico Inferior 0.18 x 0.25', '\r', 39, 6),
(766, '4201011900006', 17.2, 20, 'Arco NiTi Superelastico Inferior 0.19 x 0.25', '\r', 39, 6),
(767, '4201021600002', 17.2, 10, 'Arco NiTi Superelastico Inferior 0.16 x 0.16', '\r', 39, 6),
(768, '4201101200009', 9.9, 19, 'Arco NiTi Superelastico Superior 0.12', '\r', 39, 6),
(769, '4201101400003', 9.9, 19, 'Arco NiTi Superelastico Superior 0.14', '\r', 39, 6),
(770, '4201101600007', 9.9, 17, 'Arco NiTi Superelastico Superior 0.16', '\r', 39, 6),
(771, '4201101800001', 9.9, 18, 'Arco NiTi Superelastico Superior 0.18', '\r', 39, 6),
(772, '4201102000004', 9.9, 17, 'Arco NiTi Superelastico Superior 0.20', '\r', 39, 6),
(773, '4201111600004', 17.2, 24, 'Arco NiTi Superelastico Superior 0.16 x 0.22', '\r', 39, 6),
(774, '4201111700001', 17.2, 21, 'Arco NiTi Superelastico Superior 0.17 x 0.25', '\r', 39, 6),
(775, '4201111800008', 17.2, 10, 'Arco NiTi Superelastico Superior 0.18 x 0.25', '\r', 39, 6),
(776, '4201111900005', 17.2, 33, 'Arco NiTi Superelastico Superior 0.19 x 0.25', '\r', 39, 6),
(777, '4201121600001', 17.2, 10, 'Arco NiTi Superelastico Superior 0.16 x 0.16', '\r', 39, 6),
(778, '4202001200007', 9.9, 20, 'Arco NiTi Termo Inferior 0.12', '\r', 39, 6),
(779, '4202001400001', 9.9, 29, 'Arco NiTi Termo Inferior 0.14', '\r', 39, 6),
(780, '4202001600005', 9.9, 33, 'Arco NiTi Termo Inferior 0.16', '\r', 39, 6),
(781, '4202001800009', 9.9, 33, 'Arco NiTi Termo Inferior 0.18', '\r', 39, 6),
(782, '4202002000002', 9.9, 25, 'Arco NiTi Termo Inferior 0.20', '\r', 39, 6),
(783, '4202011600002', 17.2, 25, 'Arco NiTi Termo Inferior 0.16 x 0.22', '\r', 39, 6),
(784, '4202011700009', 17.2, 32, 'Arco NiTi Termo Inferior 0.17 x 0.25', '\r', 39, 6),
(785, '4202011800006', 17.2, 9, 'Arco NiTi Termo Inferior 0.18 x 0.25', '\r', 39, 6),
(786, '4202011900003', 17.2, 29, 'Arco NiTi Termo Inferior 0.19 x 0.25', '\r', 39, 6),
(787, '4202021600009', 17.2, 10, 'Arco NiTi Termo Inferior 0.16 x 0.16', '\r', 39, 6),
(788, '4202101200006', 9.9, 22, 'Arco NiTi Termo Superior 0.12', '\r', 39, 6),
(789, '4202101400000', 9.9, 25, 'Arco NiTi Termo Superior 0.14', '\r', 39, 6),
(790, '4202101600004', 9.9, 33, 'Arco NiTi Termo Superior 0.16', '\r', 39, 6),
(791, '4202101800008', 9.9, 33, 'Arco NiTi Termo Superior 0.18', '\r', 39, 6),
(792, '4202102000001', 9.9, 25, 'Arco NiTi Termo Superior 0.20', '\r', 39, 6),
(793, '4202111600001', 17.2, 26, 'Arco NiTi Termo Superior 0.16 x 0.22', '\r', 39, 6),
(794, '4202111700008', 17.2, 26, 'Arco NiTi Termo Superior 0.17 x 0.25', '\r', 39, 6),
(795, '4202111800005', 17.2, 9, 'Arco NiTi Termo Superior 0.18 x 0.25', '\r', 39, 6),
(796, '4202111900002', 17.2, 33, 'Arco NiTi Termo Superior 0.19 x 0.25', '\r', 39, 6),
(797, '4202121600008', 17.2, 10, 'Arco NiTi Termo Superior 0.16 x 0.16', '\r', 39, 6),
(798, '4203001200004', 19.6, 2, 'Arco Curva Reversa Inferior 0.12', '\r', 39, 6),
(799, '4203001400008', 19.6, 2, 'Arco Curva Reversa Inferior 0.14', '\r', 39, 6),
(800, '4203001600002', 19.6, 2, 'Arco Curva Reversa Inferior 0.16', '\r', 39, 6),
(801, '4203001800006', 19.6, 2, 'Arco Curva Reversa inferior 0.18', '\r', 39, 6),
(802, '4203101200003', 19.6, 6, 'Arco Curva Reversa Superior 0.12', '\r', 39, 6),
(803, '4203101400007', 19.6, 2, 'Arco Curva Reversa Superior 0.14', '\r', 39, 6),
(804, '4203101600001', 19.6, 2, 'Arco Curva Reversa Superior 0.16', '\r', 39, 6),
(805, '4203101800005', 19.6, 2, 'Arco Curva Reversa Superior 0.18', '\r', 39, 6),
(806, '4204001200001', 4.9, 8, 'Arco Estetico Niti Inferior 0.12', '\r', 39, 6),
(807, '4204001400005', 4.9, 4, 'Arco Estetico Niti Inferior 0.14', '\r', 39, 6),
(808, '4204001600009', 4.9, 3, 'Arco Estetico Niti Inferior 0.16', '\r', 39, 6),
(809, '4204001800003', 4.9, 3, 'Arco Estetico Niti Inferior 0.18', '\r', 39, 6),
(810, '4204011600006', 4.9, 6, 'Arco Estetico Niti Inferior 0.16 x 0.22', '\r', 39, 6),
(811, '4204011700003', 4.9, 6, 'Arco Estetico Niti Inferior 0.17 x 0.25', '\r', 39, 6),
(812, '4204011800000', 4.9, 4, 'Arco Estetico Niti Inferior 0.18 x 0.25', '\r', 39, 6),
(813, '4204011900007', 4.9, 4, 'Arco Estetico Niti Inferior 0.19 x 0.25', '\r', 39, 6),
(814, '4204021600003', 4.9, 4, 'Arco Estetico Niti Inferior 0.16 x 0.22', '\r', 39, 6),
(815, '4204101200000', 4.9, 2, 'Arco Estetico Niti Superior 0.12', '\r', 39, 6),
(816, '4204101400004', 4.9, 3, 'Arco Estetico Niti Superior 0.14', '\r', 39, 6),
(817, '4204101600008', 4.9, 2, 'Arco Estetico Niti Superior 0.16', '\r', 39, 6),
(818, '4204101800002', 4.9, 3, 'Arco Estetico Niti Superior 0.18', '\r', 39, 6),
(819, '4204111600005', 4.9, 6, 'Arco Estetico Niti Superior 0.16 x 0.22', '\r', 39, 6),
(820, '4204111700002', 4.9, 2, 'Arco Estetico Niti Superior 0.17 x 0.25', '\r', 39, 6),
(821, '4204111800009', 4.9, 3, 'Arco Estetico Niti Superior 0.18 x 0.25', '\r', 39, 6),
(822, '4204111900006', 4.9, 3, 'Arco Estetico Niti Superior 0.19 x 0.25', '\r', 39, 6),
(823, '4204121600002', 4.9, 3, 'Arco Estetico Niti Superior 0.16 x 0.16', '\r', 39, 6),
(824, '4205000100002', 23.6, 8, 'Mola NiTi Aberta', '\r', 40, 6),
(825, '4205001100001', 21.2, 24, 'Mola NiTi Fechada 9mm Media', '\r', 40, 6),
(826, '4207001200002', 6.9, 10, 'Arco Aco Inferior 0.12', '\r', 39, 6),
(827, '4207001400006', 6.9, 9, 'Arco Aco Inferior 0.14', '\r', 39, 6),
(828, '4207001600000', 6.9, 7, 'Arco Aco Inferior 0.16', '\r', 39, 6),
(829, '4207001800004', 6.9, 8, 'Arco Aco Inferior 0.18', '\r', 39, 6),
(830, '4207011600007', 7.9, 11, 'Arco Aco Inferior 0.16 x 0.22', '\r', 39, 6),
(831, '4207011700004', 7.9, 6, 'Arco Aco Inferior 0.17 x 0.25', '\r', 39, 6),
(832, '4207021600004', 7.9, 5, 'Arco Aco Inferior 0.16 x 0.16', '\r', 39, 6),
(833, '4207101200001', 6.9, 11, 'Arco Aco Superior 0.12', '\r', 39, 6),
(834, '4207101400005', 6.9, 10, 'Arco Aco Superior 0.14', '\r', 39, 6),
(835, '4207101600009', 7.9, 3, 'Arco Aco Superior 0.16 x 0.16', '\r', 39, 6),
(836, '4207101800003', 6.9, 8, 'Arco Aco Superior 0.18', '\r', 39, 6),
(837, '4207102000006', 6.9, 11, 'Arco Aco Superior 0.20', '\r', 39, 6),
(838, '4207111600006', 7.9, 4, 'Arco Aco Superior 0.16 x 0.22', '\r', 39, 6),
(839, '4207111700003', 7.9, 6, 'Arco Aco Superior 0.17 x 0.25', '\r', 39, 6),
(840, '4207111800000', 7.9, 4, 'Arco Aco Superior 0.18 x 0.25', '\r', 39, 6),
(841, '4207111900007', 7.9, 13, 'Arco Aco Superior 0.19 x 0.25', '\r', 39, 6),
(842, '4208001400003', 9.9, 4, 'Arco Copper Niti Inferior 0.14', '\r', 39, 6),
(843, '4208001600007', 9.9, 5, 'Arco Copper Niti Inferior 0.16', '\r', 39, 6),
(844, '4208001800001', 9.9, 5, 'Arco Copper Niti Inferior 0.18', '\r', 39, 6),
(845, '4208011300003', 13.9, 5, 'Arco Copper Niti Inferior 0.18 x 0.25', '\r', 39, 6),
(846, '4208011400000', 13.9, 5, 'Arco Copper Niti Inferior 0.14 x 0.25', '\r', 39, 6),
(847, '4208011600004', 13.9, 5, 'Arco Copper Niti Inferior 0.16 x 0.22', '\r', 39, 6),
(848, '4208012000001', 13.9, 5, 'Arco Copper Niti Inferior 0.17 x 0.25', '\r', 39, 6),
(849, '4208101400002', 9.9, 4, 'Arco Copper Niti Superior 0.14', '\r', 39, 6),
(850, '4208101600006', 9.9, 5, 'Arco Copper Niti Superior 0.16', '\r', 39, 6),
(851, '4208101800000', 9.9, 5, 'Arco Copper Niti Superior 0.18', '\r', 39, 6),
(852, '4208111300002', 13.9, 5, 'Arco Copper Niti Superior 0.18 x 0.25', '\r', 39, 6),
(853, '4208111400009', 13.9, 5, 'Arco Copper Niti Superior 0.14 x 0.25', '\r', 39, 6),
(854, '4208111600003', 13.9, 5, 'Arco Copper Niti Superior 0.16 x 0.22', '\r', 39, 6),
(855, '4208112000000', 13.9, 5, 'Arco Copper Niti Superior 0.17 x 0.25', '\r', 39, 6),
(856, '4282', 29, 20, 'Transfer Mini Conico', '\r', 5, 5),
(857, '43', 100, 4, 'Microcanulas Needle Fine Flex 18GX50MM', '\r', 33, 2),
(858, '4300000100004', 399, 2, 'Alicate Corte Amarrilho For Her', '\r', 41, 6),
(859, '4300000200001', 399, 3, 'Alicate Corte Amarrilho', '\r', 41, 6),
(860, '4300001100003', 399, 2, 'Alicate Corte Distal Confort', '\r', 41, 6),
(861, '4300002200009', 399, 2, 'Alicate Corte Fio Grosso', '\r', 41, 6),
(862, '4300004100000', 369, 2, 'Alicate Alihnadores Formador De Cilindro 1', '\r', 41, 6),
(863, '4300004200007', 369, 2, 'Alicate Alihnadores Formador De Slot 2', '\r', 41, 6),
(864, '4300004300004', 369, 2, 'Alicate Alihnadores Formador De Retracao 3', '\r', 41, 6),
(865, '4300004400001', 369, 1, 'Alicate Alihnadores Formador De Pontos De Ativacao 4', '\r', 41, 6),
(866, '4300005000002', 1276, 4, 'Alicate Alihnadores Kit', '\r', 41, 6),
(867, '4300010900007', 145, 2, 'Alicate 109 De La Rosa com Mola', '\r', 41, 6),
(868, '4300011000003', 145, 3, 'Alicate 110 How Reto', '\r', 41, 6),
(869, '4300011100000', 145, 5, 'Alicate 111 How Curvo', '\r', 41, 6),
(870, '4300013900004', 145, 2, 'Alicate 139 Angle', '\r', 41, 6),
(871, '4300015800005', 145, 5, 'Alicate 158 Formar Amarrilho', '\r', 41, 6),
(872, '4300016800004', 145, 1, 'Alicate 168 Dobrar em V', '\r', 41, 6),
(873, '4300017000007', 215, 3, 'Alicate Dobrador de Arco de NiTi na Distal', '\r', 41, 6),
(874, '4300020000001', 145, 3, 'Alicate 200 Tridente', '\r', 41, 6),
(875, '4300021000000', 145, 3, 'Alicate 120 Weingart', '\r', 41, 6),
(876, '4300032500001', 145, 1, 'Alicate 325 Universal', '\r', 41, 6),
(877, '4300034600006', 145, 2, 'Alicate 346 C Removedor de Braquete Curvo', '\r', 41, 6),
(878, '4300034700003', 145, 4, 'Alicate 347 Removedor de Banda', '\r', 41, 6),
(879, '4300035000003', 145, 4, 'Alicate 350 Tweed Omega Loop Estriado', '\r', 41, 6),
(880, '4300040000005', 219, 2, 'Alicate 400 W Torque Individual com Chave', '\r', 41, 6),
(881, '4300041000004', 145, 1, 'Alicate 410 Atkinson para Barra Palatina', '\r', 41, 6),
(882, '4300044200005', 145, 5, 'Alicate 442 C Tweed Retangular Curto', '\r', 41, 6),
(883, '4300100100003', 145, 3, 'Alicate 001 Nance', '\r', 41, 6),
(884, '4300105300002', 145, 2, 'Alicate 053 Meia Cana', '\r', 41, 6),
(885, '4300107400007', 145, 2, 'Alicate 074 Young', '\r', 41, 6),
(886, '4300134600005', 145, 4, 'Alicate 346 R Removedor de Braquete Reto', '\r', 41, 6),
(887, '4300205800006', 145, 3, 'Alicate Gancho Bola', '\r', 41, 6),
(888, '4300501100008', 79.9, 3, 'Porta Agulha Mathieu com Furo para Ligadura 14 cm', '\r', 42, 6),
(889, '4300501200005', 79.9, 3, 'Porta Agulha Mathieu 14 cm', '\r', 42, 6),
(890, '4300501300002', 79.9, 2, 'Porta Agulha Mathieu 11 cm', '\r', 42, 6),
(891, '4300501400009', 79.9, 4, 'Porta Agulha Mathieu com Furo para Ligadura 11 cm', '\r', 42, 6),
(892, '4300502100007', 42.9, 5, 'Pinca para Braquetes', '\r', 38, 6),
(893, '4300502600002', 42.9, 5, 'Pinca para Tubos', '\r', 38, 6),
(894, '4300503100006', 40, 0, 'Calcador de Bandas (i300)', '\r', 38, 6),
(895, '4300503200003', 29.9, 1, 'Estrela De Boone Aco 3,5-5,0 mm', '\r', 38, 6),
(896, '4300508200008', 169, 8, 'Pistola Para Fio De Amarrilho', '\r', 38, 6),
(897, '439401', 300, 12, 'Ionomero de Vidro Para Cimentacao GC Fuji Ortho LC', '\r', 13, 8),
(898, '44', 100, 5, 'Microcanulas Needle Fine Flex 18GX70MM', '\r', 33, 2),
(899, '4400002300003', 74.9, 4, 'Adesivo para Braquetes #2 Light Cure', '\r', 13, 6),
(900, '4400002400000', 193, 5, 'Adesivo para Braquetes #2 Light Cure', '\r', 13, 6),
(901, '4400003100008', 89.9, 6, 'Ionomero para Bandas #3Glass Ionomer Pequeno', '\r', 43, 6),
(902, '4400003400009', 159, 2, 'Ionomero para Bandas #3Glass Ionomer Grande', '\r', 13, 6),
(903, '4400004300001', 69, 3, 'Adesivo para Bandas Foto #4 Light Cure', '\r', 13, 6),
(904, '4400004400008', 189, 4, 'Adesivo para Bandas Foto #4 Light Cure', '\r', 13, 6),
(905, '4404', 29, 11, 'Transfer HI 3.5', '\r', 5, 5),
(906, '4411', 29, 15, 'Transfer HI 4.0', '\r', 5, 5),
(907, '443518', 199, 1, 'Mini Incubadora', 'Espesial 2\r', 18, 1),
(908, '46', 120, 2, 'Silicone de Adicao Scan Monophase', '\r', 44, 27),
(909, '473005', 400, 1, 'Tira de Lixa  Epitex', '\r', 45, 8),
(910, '4732', 24, 20, 'Tampa de Cicatrizacao Cone Estetico', '\r', 5, 5),
(911, '4923', 35, 45, 'Ucla Plastica HI sim Hexagono sim Ombro 3.5', '\r', 5, 5),
(912, '4978', 29, 33, 'Transfer HE Moldeira Aberta 4.0', '\r', 5, 5),
(913, '500', 6.6, 5, 'Pote Dappen de Silicone Roxo', '\r', 31, 2),
(914, '5000000117031', 4.2, 19, 'Triunfo Superior A25 Cor 60', '\r', 7, 7),
(915, '5000000117048', 4.2, 19, 'Triunfo Inferior 30M Cor 60', '\r', 7, 7),
(916, '5000000117055', 4.2, 12, 'Triunfo Superior 34L Cor 60', '\r', 7, 7),
(917, '5000000117062', 4.2, 13, 'Triunfo Superior 3D Cor 62', '\r', 7, 7),
(918, '5000000117079', 4.2, 14, 'Triunfo Inferior 266 Cor 62', '\r', 7, 7),
(919, '5000000117130', 4.2, 20, 'Triunfo Inferior 3M Cor 66', '\r', 7, 7),
(920, '5000000117147', 4.2, 12, 'Triunfo Superior 2P Cor 66', '\r', 7, 7),
(921, '5000000117154', 4.2, 7, 'Triunfo Inferior 30M Cor 66', '\r', 7, 7),
(922, '5000000117161', 4.2, 2, 'Triunfo Superior 34L Cor 66', '\r', 7, 7),
(923, '5000000117215', 4.2, 22, 'Triunfo Superior A26 Cor 69', '\r', 7, 7),
(924, '5000000117222', 4.2, 13, 'Triunfo Superior 38 Cor 69', '\r', 7, 7),
(925, '5000000266425', 27, 7, 'Resina Acrilica Auto Po Incolor', '\r', 12, 7),
(926, '5000000266982', 32, 3, 'Liquido Auto Com Crosslink', '\r', 12, 7),
(927, '5000000269761', 21, 4, 'Resina Acrilica Bivalente cor 62', '\r', 12, 7),
(928, '5000000286805', 45, 2, 'Resina Termo Po Rosa Escuro', '\r', 12, 7),
(929, '5000000292691', 8.5, 10, 'Bionix TH4 Cor 66', '\r', 7, 7),
(930, '5000000292707', 8.5, 13, 'Bionix TE3 Cor 62', '\r', 7, 7),
(931, '5000000292721', 8.5, 17, 'Bionix TG3 Cor 66', '\r', 7, 7),
(932, '5000000292769', 8.5, 13, 'Bionix IK 6 Cor 66', '\r', 7, 7),
(933, '5000000292783', 8.5, 11, 'Bionix Superior TM3 Cor 69', '\r', 7, 7),
(934, '5000000292790', 8.5, 15, 'Bionix Superior TM5 Cor 60', '\r', 7, 7),
(935, '5000000292813', 8.5, 12, 'Bionix Inferior TM3 Cor 69', '\r', 7, 7),
(936, '5000000292820', 8.5, 15, 'Bionix Inferior TM5 Cor 60', '\r', 7, 7),
(937, '5000000292837', 8.5, 17, 'Bionix TL4 Cor 69', '\r', 7, 7),
(938, '5000000292844', 8.5, 16, 'Bionix R25 Cor 60', '\r', 7, 7),
(939, '5000000292851', 8.5, 14, 'Bionix IK 10 Cor 62', '\r', 7, 7),
(940, '501', 9.6, 3, 'Pote Dappen Silicone Grande Roxo', '\r', 31, 2),
(941, '504', 21, 1, 'Guta Percha Acessoria XF nao Esteril', '\r', 46, 28),
(942, '505', 21, 0, 'Guta Percha Acessoria FF nao Esteril', '\r', 46, 2),
(943, '508', 21, 3, 'Guta Percha Acessoria MF nao Esteril', '\r', 46, 2),
(944, '509', 21, 7, 'Guta Percha Calibrada 15 nao Esteril', '\r', 46, 2),
(945, '510', 21, 4, 'Guta Percha Calibrada 20 nao Esteril', '\r', 46, 2),
(946, '511', 21, 0, 'Guta Percha Calibrada 25 nao Esteril', '\r', 46, 2),
(947, '521', 21, 0, 'Guta Percha Calibrada 15-40 nao Esteril', '\r', 46, 2),
(948, '522', 21, 2, 'Guta Percha Calibrada 45-80 nao Esteril', '\r', 46, 2),
(949, '523', 21, 6, 'Ponta de Papel 15 nao Esteril', '\r', 46, 2),
(950, '524', 21, 7, 'Ponta de Papel 20 nao Esteril', '\r', 46, 2),
(951, '525', 21, 4, 'Ponta de Papel 25 nao Esteril', '\r', 46, 2),
(952, '535', 21, 2, 'Ponta de Papel 15-40 nao Esteril', '\r', 46, 2),
(953, '536', 21, 13, 'Ponta de Papel 45-80 nao Esteril', '\r', 46, 2),
(954, '55255', 18.9, 0, 'Afastador Labial Autoclavavel cor Transparente Tamanho Pequeno', '\r', 32, 6),
(955, '553', 4.2, 15, 'Triunfo Inferior 3P Cor 69', '\r', 7, 7),
(956, '56339', 8200, 0, 'Sensor Digital RVG 5200', '\r', 23, 1),
(957, '6000000117023', 4.2, 8, 'Triunfo Inferior 3D Cor 60', '\r', 7, 7),
(958, '6000000117030', 4.2, 12, 'Triunfo Inferior 3P Cor 60', '\r', 7, 7),
(959, '6000000117047', 4.2, 10, 'Triunfo Superior 30M Cor 60', '\r', 7, 7),
(960, '6000000117054', 4.2, 10, 'Triunfo Inferior 32L Cor 60', '\r', 7, 7),
(961, '6000000117061', 4.2, 12, 'Triunfo Inferior 2D Cor 62', '\r', 7, 7),
(962, '6000000117078', 4.2, 19, 'Triunfo Superior 266 Cor 62', '\r', 7, 7),
(963, '6000000117139', 4.2, 18, 'Triunfo Inferior 3N Cor 66', '\r', 7, 7),
(964, '6000000117146', 4.2, 17, 'Triunfo Inferior A26 Cor 66', '\r', 7, 7),
(965, '6000000117153', 4.2, 13, 'Triunfo Superior 30M Cor 66', '\r', 7, 7),
(966, '6000000117160', 4.2, 15, 'Triunfo Inferior 32L Cor 66', '\r', 7, 7),
(967, '6000000117214', 4.2, 15, 'Triunfo Inferior A25 Cor 69', '\r', 7, 7),
(968, '6000000117221', 4.2, 12, 'Triunfo Inferior 266 Cor 69', '\r', 7, 7),
(969, '6000000255305', 40, 9, 'Isolante', '\r', 8, 7),
(970, '6000000255404', 13, 7, 'Isolante', '\r', 8, 7),
(971, '6000000267087', 45, 4, 'Resina Acrilica Auto Po Auto Incolor', '\r', 12, 7),
(972, '6000000267100', 24, 5, 'Resina Termo Po Rosa Claro', '\r', 12, 7),
(973, '6000000269760', 21, 4, 'Resina Acrilica Bivalente cor 60', '\r', 12, 7),
(974, '6000000286804', 85, 1, 'Resina Termo Po Rosa Escuro', '\r', 12, 7),
(975, '6000000292683', 8.5, 19, 'Bionix T13 Cor 62', '\r', 7, 7),
(976, '6000000292706', 8.5, 16, 'Bionix TE3 Cor 60', '\r', 7, 7),
(977, '6000000292713', 8.5, 15, 'Bionix T36 Cor 62', '\r', 7, 7),
(978, '6000000292737', 8.5, 21, 'Bionix T17 Cor 62', '\r', 7, 7),
(979, '6000000292751', 8.5, 14, 'Bionix IL5 Cor 66', '\r', 7, 7),
(980, '6000000292775', 8.5, 9, 'Bionix Superior TM2 Cor 66', '\r', 7, 7),
(981, '6000000292799', 8.5, 4, 'Bionix Superior TM6 Cor 66', '\r', 7, 7),
(982, '6000000292805', 8.5, 10, 'Bionix Inferior TM2 Cor 66', '\r', 7, 7),
(983, '6000000292829', 8.5, 4, 'Bionix Inferior TM6 Cor 66', '\r', 7, 7),
(984, '6000000292843', 8.5, 13, 'Bionix T14 Cor 69', '\r', 7, 7),
(985, '6000000292850', 8.5, 16, 'Bionix IK 10 Cor 60', '\r', 7, 7),
(986, '60350007', 85, 1, 'Adesivo Primer Yzap', '\r', 47, 2),
(987, '60350017', 21, 0, 'Resina Protetora de Braquetes  YProtect', '\r', 48, 2),
(988, '60893645', 15, 45, 'Revelador', '\r', 23, 1),
(989, '63025', 82, 15, 'Clareador Opalescence Endo 35% Kit', '\r', 49, 29),
(990, '65025914', 60, 3, 'Pino Fibra De Vidro Power Post N? 2 sem Broca', '\r', 50, 30),
(991, '6663252', 160, 31, 'Filme E-Speed', '\r', 23, 1),
(992, '6943566100033', 17.5, 13, 'Pastilhas parra Limpeza Aparelho+Clean', '\r', 48, 6),
(993, '7000000117022', 4.2, 17, 'Triunfo Superior 3D Cor 60', '\r', 7, 7),
(994, '7000000117046', 4.2, 15, 'Triunfo Superior 38 Cor 60', '\r', 7, 7),
(995, '7000000117053', 4.2, 13, 'Triunfo Superior 32L Cor 60', '\r', 7, 7),
(996, '7000000117060', 4.2, 12, 'Triunfo Superior 2D Cor 62', '\r', 7, 7),
(997, '7000000117084', 4.2, 18, 'Triunfo Inferior 32M Cor 62', '\r', 7, 7),
(998, '7000000117138', 4.2, 15, 'Triunfo Superior 3N Cor 66', '\r', 7, 7),
(999, '7000000117145', 4.2, 16, 'Triunfo Superior A26 Cor 66', '\r', 7, 7),
(1000, '7000000117152', 4.2, 9, 'Triunfo Superior 38 Cor 66', '\r', 7, 7),
(1001, '7000000117213', 4.2, 17, 'Triunfo Superior A25 Cor 69', '\r', 7, 7),
(1002, '7000000117220', 4.2, 23, 'Triunfo Superior 266 Cor 69', '\r', 7, 7),
(1003, '7000000255403', 4, 0, 'Isolante', '\r', 8, 7),
(1004, '7000000266072', 85, 3, 'Resina Termo Po Rosa Claro', '\r', 12, 7),
(1005, '7000000287282', 27, 3, 'Resina Acrilica Auto Po Cristal', '\r', 12, 7),
(1006, '7000000292675', 8.5, 16, 'Bionix TE2 Cor 69', '\r', 7, 7),
(1007, '7000000292682', 8.5, 16, 'Bionix T13 Cor 60', '\r', 7, 7),
(1008, '7000000292699', 8.5, 21, 'Bionix TF4 Cor 69', '\r', 7, 7),
(1009, '7000000292705', 8.5, 15, 'Bionix TE4 Cor 69', '\r', 7, 7),
(1010, '7000000292712', 8.5, 15, 'Bionix T36 Cor 60', '\r', 7, 7),
(1011, '7000000292729', 8.5, 14, 'Bionix T12 Cor 69', '\r', 7, 7),
(1012, '7000000292736', 8.5, 16, 'Bionix T17 Cor 60', '\r', 7, 7),
(1013, '7000000292767', 8.5, 13, 'Bionix IK 6 Cor 62', '\r', 7, 7),
(1014, '7000000292781', 8.5, 12, 'Bionix Superior TM3 Cor 66', '\r', 7, 7),
(1015, '7000000292811', 8.5, 12, 'Bionix Inferior TM3 Cor 66', '\r', 7, 7),
(1016, '7000000292835', 8.5, 15, 'Bionix TL4 Cor 66', '\r', 7, 7),
(1017, '7000000292859', 8.5, 14, 'Bionix IK 12 Cor 66', '\r', 7, 7),
(1018, '7096000100003', 13.5, 5, 'Caixa Concha para Aparelho Sortida Classico', '\r', 27, 6),
(1019, '7096000200000', 13.5, 7, 'Caixa Concha para Aparelho Cor Azul', '\r', 27, 6),
(1020, '7096000400004', 13.5, 5, 'Caixa Concha para Aparelho Cor Branca', '\r', 27, 6),
(1021, '7096000500001', 13.5, 27, 'Caixa Concha para Aparelho Sortida Orthomundi', '\r', 27, 6),
(1022, '7096000600008', 13.5, 4, 'Caixa Concha para Aparelho Cor Grafite', '\r', 27, 6),
(1023, '7096000700005', 13.5, 5, 'Caixa Concha para Aparelho Cor Lilas', '\r', 27, 6),
(1024, '7096000800002', 13.5, 5, 'Caixa Concha para Aparelho Cor Rosa', '\r', 27, 6),
(1025, '7096000900009', 13.5, 4, 'Caixa Concha para Aparelho Cor Roxo', '\r', 27, 6),
(1026, '7096001000005', 13.5, 4, 'Caixa Concha para Aparelho Cor Laranja', '\r', 27, 6),
(1027, '7096001100002', 13.5, 5, 'Caixa Concha para Aparelho Cor Vermelha', '\r', 27, 6),
(1028, '7096001200009', 13.5, 4, 'Caixa Concha para Aparelho Cor Verde Claro', '\r', 27, 6),
(1029, '7096001300006', 13.5, 2, 'Caixa Concha para Aparelho Cor Turquesa', '\r', 27, 6),
(1030, '742832785266', 24.5, 37, 'Luva Azul Nitrilo Extra Pequena', '\r', 14, 1),
(1031, '742832785273', 24.5, 19, 'Luva Azul Nitrilo Pequena', '\r', 14, 1),
(1032, '742832785280', 24.5, 37, 'Luva Azul Nitrilo Media', '\r', 14, 1),
(1033, '742832785297', 24.5, 8, 'Luva Azul Nitrilo Grande', '\r', 14, 1),
(1034, '742832785303', 24.5, 33, 'Luva Preta Nitrilo Extra Pequena', '\r', 14, 1),
(1035, '742832785310', 24.5, 31, 'Luva Preta Nitrilo Pequena', '\r', 14, 1),
(1036, '742832785327', 24.5, 35, 'Luva Preta Nitrilo Media', '\r', 14, 1),
(1037, '742832785334', 24.5, 29, 'Luva Preta Nitrilo Grande', '\r', 14, 1),
(1038, '77367736', 15, 6, 'Resina Master Flow Cor C3', '\r', 11, 1),
(1039, '7737', 15, 17, 'Resina Master Flow cor A1', '\r', 11, 1),
(1040, '7738', 15, 5, 'Resina Master Flow cor A3', '\r', 11, 1),
(1041, '77397739', 15, 8, 'Resina Master Flow cor B3', '\r', 11, 1),
(1042, '7825494585399', 75, 1, 'Esponja Hemopon Tape', 'Espesial 3\r', 51, 1),
(1043, '7849558010702', 21, 26, 'Compressa De Gaze Nao Estereis 13 fios', '\r', 52, 31),
(1044, '7892525031057', 13, 14, 'Cimento de Zinco Liquido', '\r', 21, 32),
(1045, '7892525031101', 13, 12, 'Cimento de Zinco Po', '\r', 21, 3),
(1046, '7892525031750', 60, 2, 'Ionomero de Vidro Para Cimentacao Vidrion C', '\r', 9, 3),
(1047, '7892525031859', 55, 9, 'Ionomero de Vidro Para Cimentacao Vidrion R', '\r', 9, 3),
(1048, '7892525033105', 10, 12, 'Cimento Endodontico Intrafill Liquido', '\r', 21, 3),
(1049, '7892525033150', 22, 3, 'Cimento Endodontico Intrafill Po', '\r', 21, 3),
(1050, '7892525035055', 9.5, 5, 'Verniz de Fluor Fluorniz', '\r', 24, 3),
(1051, '7892525035253', 25, 0, 'Vernis Fluoretado Fluorniz -', '\r', 24, 3),
(1052, '7892525037004', 7, 46, 'Acido Fosforico 37%', '\r', 53, 3),
(1053, '7892525041049', 55, 138, 'Anestesico Novocol Fenilefina 2%', '\r', 36, 3),
(1054, '7892525051062', 45, 5, 'Pasta de Hidroxido de Calcio Calen', '\r', 21, 3),
(1055, '7892525051086', 45, 0, 'Pasta de Hidroxido de Calcio Calen PMCC', '\r', 21, 3),
(1056, '7892525051307', 7.5, 6, 'Oxido de Zinco', '\r', 21, 3),
(1057, '7892525051536', 9, 2, 'Fluor em Gel Neutro Flutop Sabor Menta', '\r', 24, 3),
(1058, '7892525054100', 25, 4, 'Insolante para Resina Cel-Lac', '\r', 8, 3),
(1059, '7892525055053', 13, 6, 'Pedra Pomes Extra Fina', '\r', 24, 3),
(1060, '7892525055152', 15, 12, 'Pasta Profilatica Pert-X', '\r', 24, 3),
(1061, '7894590502050', 167, 1, 'Anestesico Articaina 4% com Vaso  tubo Videro', '\r', 36, 33),
(1062, '7894590503910', 8.5, 0, 'Anestesico Topico BenzoTop Sabor Tutti Frutti', '\r', 36, 3),
(1063, '7894590579168', 165, 0, 'Anestesico Mepiadre 2% com Vaso tubo de Vidro', '\r', 36, 3),
(1064, '7895742000028', 11.7, 16, 'Arco NiTi Superelastico M 0.12', '\r', 39, 34),
(1065, '7895742000035', 11.7, 22, 'Arco NiTi Superelastico G 0.12', '\r', 39, 3),
(1066, '7895742000042', 11.7, 17, 'Arco NiTi Superelastico M 0.14', '\r', 39, 3),
(1067, '7895742000059', 11.7, 18, 'Arco NiTi Superelastico G 0.14', '\r', 39, 3),
(1068, '7895742000066', 20.2, 2, 'Arco NiTi Superelastico M 0.16 x 0.16', '\r', 39, 3),
(1069, '7895742000073', 20.2, 2, 'Arco NiTi Superelastico G 0.16 x 0.16', '\r', 39, 3),
(1070, '7895742000080', 20.2, 15, 'Arco NiTi Superelastico M 0.16 x 0.22', '\r', 39, 3),
(1071, '7895742000097', 20.2, 15, 'Arco NiTi Superelastico G 0.16 x 0.22', '\r', 39, 3),
(1072, '7895742000103', 11.7, 17, 'Arco NiTi Superelastico M 0.16', '\r', 39, 3),
(1073, '7895742000110', 11.7, 10, 'Arco NiTi Superelastico G 0.16', '\r', 39, 3),
(1074, '7895742000127', 20.2, 22, 'Arco NiTi Superelastico M 0.17 x 0.25', '\r', 39, 3),
(1075, '7895742000134', 20.2, 18, 'Arco NiTi Superelastico G 0.17 x 0.25', '\r', 39, 3),
(1076, '7895742000141', 20.2, 19, 'Arco NiTi Superelastico M 0.18 x 0.25', '\r', 39, 3),
(1077, '7895742000158', 20.2, 16, 'Arco NiTi Superelastico G 0.18 x 0.25', '\r', 39, 3),
(1078, '7895742000165', 11.7, 18, 'Arco NiTi Superelastico M 0.18', '\r', 39, 3),
(1079, '7895742000172', 11.7, 17, 'Arco NiTi Superelastico G 0.18', '\r', 39, 3),
(1080, '7895742000189', 20.2, 16, 'Arco NiTi Superelastico M 0.19 x 0.25', '\r', 39, 3),
(1081, '7895742000196', 20.2, 12, 'Arco NiTi Superelastico G 0.19 x 0.25', '\r', 39, 3),
(1082, '7895742000202', 11.7, 12, 'Arco NiTi Superelastico M 0.20', '\r', 39, 3),
(1083, '7895742000219', 11.7, 30, 'Arco NiTi Superelastico G 0.20', '\r', 39, 3),
(1084, '7895742000226', 20.2, 0, 'Arco NiTi Superelastico M 0.21 x 0.25', '\r', 39, 3),
(1085, '7895742000233', 20.2, 2, 'Arco NiTi Superelastico G 0.21 x 0.25', '\r', 39, 3),
(1086, '7895742000240', 8.1, 22, 'Arco Aco Inferior 0.14', '\r', 39, 3),
(1087, '7895742000257', 8.1, 24, 'Arco Aco Superior 0.14', '\r', 39, 3),
(1088, '7895742000264', 9.4, 0, 'Arco Aco Inferior 0.16 x 0.16', '\r', 39, 3),
(1089, '7895742000271', 9.4, 10, 'Arco Aco Superior 0.16 x 0.16', '\r', 39, 3),
(1090, '7895742000288', 9.4, 20, 'Arco Aco Inferior 0.16 x 0.22', '\r', 39, 3),
(1091, '7895742000295', 9.4, 10, 'Arco Aco Superior 0.16 x 0.22', '\r', 39, 3),
(1092, '7895742000301', 8.1, 23, 'Arco Aco Inferior 0.16', '\r', 39, 3),
(1093, '7895742000318', 8.1, 26, 'Arco Aco Superior 0.16', '\r', 39, 3),
(1094, '7895742000325', 9.4, 23, 'Arco Aco Inferior 0.17 x 0.25', '\r', 39, 3),
(1095, '7895742000332', 9.4, 20, 'Arco Aco Superior 0.17 x 0.25', '\r', 39, 3),
(1096, '7895742000349', 9.4, 6, 'Arco Aco Inferior 0.18 x 0.25', '\r', 39, 3),
(1097, '7895742000356', 9.4, 3, 'Arco Aco Superior 0.18 x 0.25', '\r', 39, 3),
(1098, '7895742000363', 8.1, 6, 'Arco Aco Inferior 0.18', '\r', 39, 3),
(1099, '7895742000370', 8.1, 18, 'Arco Aco Superior 0.18', '\r', 39, 3),
(1100, '7895742000387', 9.4, 19, 'Arco Aco Inferior 0.19 x 0.25', '\r', 39, 3),
(1101, '7895742000394', 9.4, 8, 'Arco Aco Superior 0.19 x 0.25', '\r', 39, 3),
(1102, '7895742000400', 9.4, 21, 'Arco Aco Inferior 0.21 x 0.25', '\r', 39, 3),
(1103, '7895742000417', 9.4, 11, 'Arco Aco Superior 0.21 x 0.25', '\r', 39, 3),
(1104, '7895742000431', 13, 0, 'Arco Extraoral Standard 1,15mm .045\"', '\r', 39, 3),
(1105, '7895742000462', 13, 4, 'Arco Extroral Medio Duro 0,15 mm', '\r', 39, 3),
(1106, '7895742000509', 13, 0, 'Arco Extraoral Medio Brando 1,15mm .045\"', '\r', 39, 3),
(1107, '7895742000646', 26.1, 5, 'Arco Curva Reversa M 0.12', '\r', 39, 3),
(1108, '7895742000653', 26.1, 4, 'Arco Curva Reversa G 0.12', '\r', 39, 3),
(1109, '7895742000660', 26.1, 2, 'Arco Curva Reversa M 0.14', '\r', 39, 3),
(1110, '7895742000677', 26.1, 6, 'Arco Curva Reversa G 0.14', '\r', 39, 3),
(1111, '7895742000684', 27.4, 0, 'Arco Curva Reversa M 0.16 x 0.16', '\r', 39, 3),
(1112, '7895742000691', 27.4, 1, 'Arco Curva Reversa G 0.16 x 0.16', '\r', 39, 3),
(1113, '7895742000707', 27.4, 3, 'Arco Curva Reversa M 0.16 x 0.22', '\r', 39, 3),
(1114, '7895742000714', 27.4, 15, 'Arco Curva Reversa G 0.16 x 0.22', '\r', 39, 3),
(1115, '7895742000721', 26.1, 5, 'Arco Curva Reversa M 0.16', '\r', 39, 3),
(1116, '7895742000738', 26.1, 2, 'Arco Curva Reversa G 0.16', '\r', 39, 3),
(1117, '7895742000745', 27.4, 5, 'Arco Curva Reversa M 0.17 x 0.25', '\r', 39, 3),
(1118, '7895742000752', 27.4, 5, 'Arco Curva Reversa G 0.17 x 0.25', '\r', 39, 3),
(1119, '7895742000769', 26.1, 3, 'Arco Curva Reversa M 0.18', '\r', 39, 3),
(1120, '7895742000776', 26.1, 3, 'Arco Curva Reversa G 0.18', '\r', 39, 3),
(1121, '7895742000783', 27.4, 7, 'Arco Curva Reversa M 0.19 x 0.25', '\r', 39, 3),
(1122, '7895742000790', 27.4, 7, 'Arco Curva Reversa G 0.19 x 0.25', '\r', 39, 3),
(1123, '7895742000967', 8, 13, 'Pasta Para Solda Prata', 'Especial\r', 38, 3),
(1124, '7895742000974', 43.5, 11, 'Solda Prata Rolo', '\r', 38, 3),
(1125, '7895742002220', 6.5, 1, 'Tracionador de Seguraca Forca Media', '\r', 54, 3),
(1126, '7895742002657', 26.5, 4, 'Dobrador para Arcos Haste de Expansor', '\r', 38, 3),
(1127, '7895742002664', 13, 13, 'Colocador de Elastique Lados Diferentes', 'Especial\r', 38, 3),
(1128, '7895742002688', 13, 12, 'Colocador de Elastique Lados Iguais', '\r', 38, 3),
(1129, '7895742002732', 31.5, 1, 'Posicionador De Braquetes ROTH', '\r', 38, 3),
(1130, '7895742002763', 102.5, 1, 'Torre Ortodontica para Arco Retangular', '\r', 38, 3),
(1131, '7895742002770', 92, 0, 'Tensiometro Vermelho (de 100 a 1600gf)', '\r', 38, 3),
(1132, '7895742002787', 6, 9, 'Mola Aco Aberta', '\r', 40, 3),
(1133, '7895742002794', 7, 6, 'Mola Aco Fechada', '\r', 40, 3),
(1134, '7895742002909', 15, 0, 'Embalagem Para Elastrico Paciente', '\r', 27, 3),
(1135, '7895742003081', 9, 5, 'Banda Universal Inferior N?29', '\r', 55, 3),
(1136, '7895742003098', 9, 5, 'Banda Universal Inferior N?29.5', '\r', 55, 3),
(1137, '7895742003104', 9, 5, 'Banda Universal Inferior N?30', '\r', 55, 3),
(1138, '7895742003111', 9, 5, 'Banda Universal Inferior N?30.5', '\r', 55, 3),
(1139, '7895742003128', 9, 1, 'Banda Universal Inferior N?31', '\r', 55, 3),
(1140, '7895742003135', 9, 5, 'Banda Universal Inferior N?31.5', '\r', 55, 3),
(1141, '7895742003142', 9, 4, 'Banda Universal Inferior N?32', '\r', 55, 3),
(1142, '7895742003159', 9, 10, 'Banda Universal Inferior N?32.5', '\r', 55, 3),
(1143, '7895742003166', 9, 4, 'Banda Universal Inferior N?33', '\r', 55, 3),
(1144, '7895742003173', 9, 2, 'Banda Universal Inferior N?33.5', '\r', 55, 3),
(1145, '7895742003180', 9, 2, 'Banda Universal Inferior N?34', '\r', 55, 3),
(1146, '7895742003197', 9, 1, 'Banda Universal Inferior N?34.5', '\r', 55, 3),
(1147, '7895742003203', 9, 10, 'Banda Universal Inferior N?35', '\r', 55, 3),
(1148, '7895742003210', 9, 2, 'Banda Universal Inferior N?35.5', '\r', 55, 3),
(1149, '7895742003227', 9, 9, 'Banda Universal Inferior N?36', '\r', 55, 3),
(1150, '7895742003234', 9, 9, 'Banda Universal Inferior N?36.5', '\r', 55, 3),
(1151, '7895742003241', 9, 9, 'Banda Universal Inferior N?37', '\r', 55, 3),
(1152, '7895742003258', 9, 1, 'Banda Universal Inferior N?37.5', '\r', 55, 3),
(1153, '7895742003265', 9, 8, 'Banda Universal Inferior N?38', '\r', 55, 3),
(1154, '7895742003272', 9, 10, 'Banda Universal Inferior N?38.5', '\r', 55, 3),
(1155, '7895742003289', 9, 10, 'Banda Universal Inferior N?39', '\r', 55, 3),
(1156, '7895742003296', 9, 10, 'Banda Universal Inferior N?39.5', '\r', 55, 3),
(1157, '7895742003302', 9, 1, 'Banda Universal Inferior N?40', '\r', 55, 3),
(1158, '7895742003319', 9, 5, 'Banda Universal Inferior N?40.5', '\r', 55, 3),
(1159, '7895742003326', 9, 2, 'Banda Universal Inferior N?41', '\r', 55, 3),
(1160, '7895742003333', 9, 2, 'Banda Universal Inferior N?41.5', '\r', 55, 3),
(1161, '7895742003340', 9, 1, 'Banda Universal Inferior N?42', '\r', 55, 3),
(1162, '7895742004507', 9, 1, 'Banda Universal Superior N?29', '\r', 55, 3),
(1163, '7895742004514', 9, 1, 'Banda Universal Superior N?29.5', '\r', 55, 3),
(1164, '7895742004521', 9, 1, 'Banda Universal Superior N?30', '\r', 55, 3),
(1165, '7895742004538', 9, 1, 'Banda Universal Superior N?30.5', '\r', 55, 3),
(1166, '7895742004545', 9, 1, 'Banda Universal Superior N?31', '\r', 55, 3),
(1167, '7895742004552', 9, 1, 'Banda Universal Superior N?31.5', '\r', 55, 3),
(1168, '7895742004569', 9, 5, 'Banda Universal Superior N?32', '\r', 55, 3),
(1169, '7895742004576', 9, 3, 'Banda Universal Superior N?32.5', '\r', 55, 3),
(1170, '7895742004583', 9, 9, 'Banda Universal Superior N?33', '\r', 55, 3),
(1171, '7895742004590', 9, 1, 'Banda Universal Superior N?33.5', '\r', 55, 3),
(1172, '7895742004606', 9, 9, 'Banda Universal Superior N?34', '\r', 55, 3),
(1173, '7895742004613', 9, 9, 'Banda Universal Superior N?34.5', '\r', 55, 3),
(1174, '7895742004620', 9, 4, 'Banda Universal Superior N?35', '\r', 55, 3),
(1175, '7895742004637', 9, 5, 'Banda Universal Superior N?35.5', '\r', 55, 3),
(1176, '7895742004644', 9, 3, 'Banda Universal Superior N?36', '\r', 55, 3),
(1177, '7895742004651', 9, 5, 'Banda Universal Superior N?36.5', '\r', 55, 3),
(1178, '7895742004668', 9, 10, 'Banda Universal Superior N? 37', '\r', 55, 3),
(1179, '7895742004675', 9, 5, 'Banda Universal Superior N?37.5', '\r', 55, 3),
(1180, '7895742004682', 9, 7, 'Banda Universal Superior N?38', '\r', 55, 3),
(1181, '7895742004699', 9, 9, 'Banda Universal Superior N?38.5', '\r', 55, 3),
(1182, '7895742004705', 9, 9, 'Banda Universal Superior N?39', '\r', 55, 3),
(1183, '7895742004712', 9, 3, 'Banda Universal Superior N?39.5', '\r', 55, 3),
(1184, '7895742004729', 9, 2, 'Banda Universal Superior N?40', '\r', 55, 3),
(1185, '7895742004736', 9, 6, 'Banda Universal Superior N?40.5', '\r', 55, 3),
(1186, '7895742004743', 9, 1, 'Banda Universal Superior N?41', '\r', 55, 3),
(1187, '7895742004750', 9, 2, 'Banda Universal Superior N? 41.5', '\r', 55, 3),
(1188, '7895742004767', 9, 1, 'Banda Universal Superior N?42', '\r', 55, 3),
(1189, '7895742005108', 30, 0, 'Caixa para Bandas Inferior Esquerdo Azul', '\r', 27, 3),
(1190, '7895742005115', 30, 0, 'Caixa para Bandas Superior Esquerdo Vermelho', '\r', 27, 3),
(1191, '7895742005122', 30, 1, 'Caixa para Bandas Inferior Direito Azul', '\r', 27, 3),
(1192, '7895742005139', 30, 1, 'Caixa para Bandas Superior Direito Vermelho', '\r', 27, 3),
(1193, '7895742005191', 6.5, 12, 'Elastico Intra Oral 1/8 Leve', '\r', 6, 3),
(1194, '7895742005207', 7.5, 18, 'Elastico Intra Oral 3/16 Leve', '\r', 6, 3),
(1195, '7895742005214', 8.5, 7, 'Elastico Intra Oral 1/4 Medio', '\r', 6, 3),
(1196, '7895742005221', 10.5, 6, 'Elastico Intra Oral 5/16 Medio', '\r', 6, 3),
(1197, '7895742005269', 6.7, 6, 'Elastico Extra Oral 1/2 Leve', '\r', 6, 3),
(1198, '7895742005276', 7.5, 9, 'Elastico Extra Oral 1/2 Media', '\r', 6, 3),
(1199, '7895742005283', 8.5, 17, 'Elastico Extra Oral 1/2 Pesado', '\r', 6, 3),
(1200, '7895742005306', 6.5, 22, 'Ligadura Bengalinha Trasmparente', 'Trasmparente\r', 6, 3),
(1201, '7895742005313', 6.5, 21, 'Ligadura Bengalinha Cinza', 'Cinza\r', 6, 3),
(1202, '7895742005320', 6.5, 19, 'Ligadura Bengalinha Sortido', 'Sortido\r', 6, 3),
(1203, '7895742005344', 6.5, 26, 'Ligadura Bengalinha Azul Bebe', 'Azul bebe\r', 6, 3),
(1204, '7895742005351', 6.5, 8, 'Ligadura Bengalinha Amarelo', 'Amarelo\r', 6, 3),
(1205, '7895742005375', 6.5, 9, 'Ligadura Bengalinha Verde Musgo', 'Verde musgo\r', 6, 3),
(1206, '7895742005382', 6.5, 20, 'Ligadura Bengalinha Azul', 'Azul\r', 6, 3),
(1207, '7895742005405', 6.5, 22, 'Ligadura Bengalinha Vermelho', 'Vermelho\r', 6, 3),
(1208, '7895742005412', 6.5, 26, 'Ligadura Bengalinha Preto', 'Preto\r', 6, 3),
(1209, '7895742005429', 6.5, 22, 'Ligadura Bengalinha Rosa', 'Rosa\r', 6, 3),
(1210, '7895742005436', 6.5, 11, 'Ligadura Bengalinha Roxo', 'Roxo\r', 6, 3),
(1211, '7895742005450', 6.5, 22, 'Ligadura Bengalinha Verde Mar', 'Verde mar\r', 6, 3),
(1212, '7895742005467', 8.5, 3, 'Elastico Separador a Granel Verde', 'Verde\r', 6, 3),
(1213, '7895742005474', 26, 3, 'Elastico Corrente Curto Trasmparente', 'Trasmparente\r', 6, 3),
(1214, '7895742005481', 26, 6, 'Elastico Corrente Longo Trasmparente', 'Trasmparente\r', 6, 3),
(1215, '7895742005498', 26, 4, 'Elastico Corrente Medio Trasmparente', 'Trasmparente\r', 6, 3),
(1216, '7895742005504', 26, 12, 'Elastico Corrente Curto Cinza', 'Cinza\r', 6, 3),
(1217, '7895742005511', 26, 9, 'Elastico Corrente Longo Cinza', 'Cinza\r', 6, 3),
(1218, '7895742005528', 26, 7, 'Elastico Corrente Medio Cinza', 'Cinza\r', 6, 3),
(1219, '7895742005634', 94.5, 0, 'Expansor Mini Abertura 9mm', '\r', 54, 3),
(1220, '7895742005665', 27, 15, 'Expansor para Disjuncao Palatina 9mm (hyrax)', '\r', 54, 3),
(1221, '7895742005672', 27, 2, 'Expansor para Disjuncao Palatina 11mm (hyrax)', '\r', 54, 3),
(1222, '7895742005689', 27, 12, 'Expansor para Disjuncao Palatina 13mm (hyrax)', '\r', 54, 3),
(1223, '7895742005696', 8.5, 3, 'Fio Duro Elastico Inox 1.0 mm', '\r', 56, 3),
(1224, '7895742005702', 8.5, 3, 'Fio Duro Elastico Inox 1.2 mm', '\r', 56, 3),
(1225, '7895742005719', 16, 9, 'Fio Amarrilho Inox 0.08\"', '\r', 56, 3),
(1226, '7895742005726', 15, 10, 'Fio Amarrilho Inox 0.010\"', '\r', 56, 3),
(1227, '7895742005733', 13, 9, 'Fio Amarrilho Inox 0.012\"', '\r', 56, 3),
(1228, '7895742005795', 8.5, 3, 'Fio Duro Elastico Inox 0.6mm', '\r', 56, 3),
(1229, '7895742005818', 8.5, 10, 'Fio Duro Elastico Inox 0.7mm', '\r', 56, 3),
(1230, '7895742005825', 8.5, 4, 'Fio Duro Elastico Inox 0.8mm', '\r', 56, 3),
(1231, '7895742005832', 8.5, 6, 'Fio Duro Elastico Inox 0.9mm', '\r', 56, 3),
(1232, '7895742005856', 41, 2, 'Fio Vareta Azul Morealloy 0.16 x 0.22', '\r', 56, 3),
(1233, '7895742005863', 41, 1, 'Fio Vareta Azul Morealloy 0.17 x 0.25', '\r', 56, 3),
(1234, '7895742005948', 10.5, 3, 'Fio Vareta Standard de Aco 0.16 x 0.16', '\r', 56, 3),
(1235, '7895742005955', 13, 7, 'Fio Vareta Standard de Aco 0.16 x 0.22', '\r', 56, 3),
(1236, '7895742005962', 13, 6, 'Fio Vareta Standard de Aco 0.17 x 0.25', '\r', 56, 3),
(1237, '7895742005986', 13, 5, 'Fio Vareta Standard de Aco 0.18 x 0.25', '\r', 56, 3),
(1238, '7895742006006', 13, 4, 'Fio Vareta Standard de Aco 0.19 x 0.25', '\r', 56, 3),
(1239, '7895742006075', 7, 4, 'Botao Lingual para Solda', '\r', 20, 3),
(1240, '7895742006105', 10, 20, 'Botao Lingual Para Colagem', '\r', 20, 3),
(1241, '7895742008277', 27, 3, 'Tubo Roth Solda Duplo Peca 36/37', '\r', 57, 3),
(1242, '7895742008284', 27, 8, 'Tubo Roth Solda Duplo Peca 46/47', '\r', 57, 3),
(1243, '7895742008505', 27, 10, 'Tubo Roth Solda Tripo Peca 26', '\r', 57, 3),
(1244, '7895742008512', 27, 10, 'Tubo Roth Solda Tripo Peca 16', '\r', 57, 3),
(1245, '7895742008758', 9.5, 4, 'Fio Vareta Twist Flex 3 Fios CrNi  0.15', '\r', 56, 3),
(1246, '7895742008765', 9.5, 15, 'Fio Vareta Twist Flex 3 Fios CrNi  0.18', '\r', 56, 3),
(1247, '7895742008772', 9.5, 16, 'Fio Vareta Twist Flex 3 Fios CrNi  0.20', '\r', 56, 3),
(1248, '7895742008789', 9.5, 6, 'Fio Vareta Twist Flex 3 Fios CrNi  0.32', '\r', 56, 3),
(1249, '7895742008796', 9.5, 3, 'Fio Vareta Twist Flex 4 Fios CrNi  0.15', '\r', 56, 3),
(1250, '7895742008826', 9.5, 10, 'Acalcador de Bandas com Ponta Triangular', '\r', 38, 3),
(1251, '7895742008833', 9.5, 2, 'Acalcador de Bandas Ponta Triangular Invertida', '\r', 38, 3),
(1252, '7895742008840', 9.5, 2, 'Acalcador de Bandas com Ponta Redonda', '\r', 38, 3),
(1253, '7895742008857', 9.5, 2, 'Acalcador de Bandas com Ponta Quadrada', '\r', 38, 3),
(1254, '7895742008864', 11.5, 0, 'Posicionador de Elasticos Azul', '\r', 38, 3),
(1255, '7895742008871', 8, 4, 'Elastico Rotador Trasmparente', 'Trasmparente\r', 6, 3),
(1256, '7895742008888', 25, 2, 'Barra Palatina com Loop Mesial 34mm', '\r', 20, 3),
(1257, '7895742008895', 25, 2, 'Barra Palatina com Loop Mesial 37mm', '\r', 20, 3),
(1258, '7895742008901', 25, 2, 'Barra Palatina com Loop Mesial 39mm', '\r', 20, 3),
(1259, '7895742008918', 25, 2, 'Barra Palatina com Loop Mesial 41mm', '\r', 20, 3),
(1260, '7895742008925', 25, 2, 'Barra Palatina com Loop Mesial 43mm', '\r', 20, 3),
(1261, '7895742008932', 25, 2, 'Barra Palatina com Loop Mesial 45mm', '\r', 20, 3),
(1262, '7895742008949', 25, 1, 'Barra Palatina com Loop Mesial 47mm', '\r', 20, 3),
(1263, '7895742008956', 25, 1, 'Barra Palatina com Loop Mesial 49mm', '\r', 20, 3),
(1264, '7895742008963', 25, 2, 'Barra Palatina com Loop Mesial 52mm', '\r', 20, 3),
(1265, '7895742008970', 25, 2, 'Barra Palatina com Loop Mesial 55mm', '\r', 20, 3),
(1266, '7895742009151', 29, 10, 'Tubo Roth Solda Simple Peca 16/17', '\r', 57, 3),
(1267, '7895742009168', 29, 4, 'Tubo Roth Solda Simple Peca 26/27', '\r', 57, 3),
(1268, '7895742009175', 24.5, 9, 'Tubo Roth Solda Simple Peca 46/47', '\r', 57, 3),
(1269, '7895742009182', 29, 9, 'Tubo Roth Solda Simple Peca 27/37', '\r', 57, 3),
(1270, '7895742009519', 10, 0, 'Botao Lingual para Colagem Concavo', 'Espesial 2\r', 20, 3),
(1271, '7895742009762', 92, 0, 'Tensiometro Verde (de 50 - 500gf )', '\r', 38, 3),
(1272, '7895742009816', 26.5, 21, 'Tubo Roth Cola Simple Peca 16/17', '\r', 17, 3),
(1273, '7895742009823', 26.5, 20, 'Tubo Roth Cola Simple Peca 26/27', '\r', 17, 3),
(1274, '7895742009830', 26.5, 25, 'Tubo Roth Cola Simple Peca 46/47', '\r', 17, 3),
(1275, '7895742009847', 26.5, 22, 'Tubo Roth Cola Simple Peca 36/37', '\r', 17, 3),
(1276, '7895742009885', 9, 2, 'Ligadura Modular Trasmparente', 'Trasmparente\r', 6, 3),
(1277, '7895742009892', 9, 10, 'Ligadura Modular Cinza', 'Cinza\r', 6, 3),
(1278, '7895742009960', 28.5, 13, 'Tubo Roth Cola Duplo Peca 46', '\r', 17, 3),
(1279, '7895742009977', 28.5, 14, 'Tubo Roth Cola Duplo Peca 36', '\r', 17, 3),
(1280, '7895742019181', 29.5, 16, 'Mola NiTi Aberta', '\r', 40, 3),
(1281, '7895742019204', 26.5, 15, 'Mola NiTi Fechada 7mm com Elos', '\r', 40, 3),
(1282, '7895742019211', 26.5, 9, 'Mola NiTi Fechada 9mm com Elos', '\r', 40, 3),
(1283, '7895742019228', 26.5, 6, 'Mola NiTi Fechada 12mm com Elos', '\r', 40, 3),
(1284, '7895742019426', 34, 1, 'Gurin sem Gancho Com Slot Fechado', '\r', 19, 3),
(1285, '7895742019433', 20, 17, 'Chave para Gurin', '\r', 38, 3),
(1286, '7895742019495', 18.5, 5, 'Gancho para Tracao de Dentes Inclusos', '\r', 19, 3),
(1287, '7895742019761', 67, 0, 'Fio Inox Duro Elastico 0.8mm', '\r', 56, 3),
(1288, '7895742019778', 67, 0, 'Fio Duro Elastico Inox 0.9mm', '\r', 56, 3),
(1289, '7895742020026', 13, 5, 'Reposicao Metalico Roth Light Peca 11.022\"', '\r', 15, 3),
(1290, '7895742020033', 13, 5, 'Reposicao Metalico Roth Light Peca 21.022\"', '\r', 15, 3),
(1291, '7895742020040', 13, 7, 'Reposicao Metalico Roth Light Peca 12 .022\"', '\r', 15, 3),
(1292, '7895742020057', 13, 12, 'Reposicao Metalico Roth Light Peca 22 .022\"', '\r', 15, 3),
(1293, '7895742020071', 13, 0, 'Reposicao Metalico Roth Light Peca 23 com 13? .022\"', '\r', 15, 3),
(1294, '7895742020125', 13, 2, 'Reposicao Metalico Roth Light Peca 31/32/42/41 .022\"', '\r', 15, 3),
(1295, '7895742020682', 9, 2, 'Elastico Parietal Com Fivela dupla', '\r', 54, 3),
(1296, '7895742020712', 6.5, 19, 'Ligadura Bengalinha Azul Marinho', 'Azul marinho\r', 6, 3),
(1297, '7895742020798', 6.5, 25, 'Ligadura Bengalinha Prata', 'Prata\r', 6, 3),
(1298, '7895742041007', 8, 4, 'Elastico Rotador Cinza', 'Cinza\r', 6, 3),
(1299, '7895742041069', 8.1, 24, 'Arco Aco Superior 0.12', '\r', 39, 3),
(1300, '7895742041090', 8.1, 20, 'Arco Aco Inferior 0.12', '\r', 39, 3),
(1301, '7895742041366', 8.1, 10, 'Arco Aco Superior 0.20', '\r', 39, 3),
(1302, '7895742041373', 8.1, 11, 'Arco Aco Inferior 0.20', '\r', 39, 3),
(1303, '7895742041458', 6.5, 13, 'Ligadura Bengalinha Rosa Bebe', 'Rosa bebe\r', 6, 3),
(1304, '7895742042806', 9, 1, 'Ligadura Modular Azul Bebe', 'Azul bebe\r', 6, 3),
(1305, '7895742042813', 9, 1, 'Ligadura Modular Amarelo', 'Amarelo\r', 6, 3),
(1306, '7895742042837', 9, 1, 'Ligadura Modular Verde Musgo', 'Verde musgo\r', 6, 3),
(1307, '7895742042844', 9, 10, 'Ligadura Modular Azul', 'Azul\r', 6, 3),
(1308, '7895742042868', 9, 1, 'Ligadura Modular Vermelho', 'Vermelho\r', 6, 3),
(1309, '7895742042875', 9, 1, 'Ligadura Modular Preto', 'Preto\r', 6, 3),
(1310, '7895742042882', 9, 1, 'Ligadura Modular Rosa', 'Rosa\r', 6, 3),
(1311, '7895742042899', 9, 1, 'Ligadura Modular Roxo', 'Roxo\r', 6, 3),
(1312, '7895742042912', 9, 10, 'Ligadura Modular Verde Mar', 'Verde mar\r', 6, 3),
(1313, '7895742042929', 9, 1, 'Ligadura Modular Azul Marinho', 'Azul marinho\r', 6, 3);
INSERT INTO `produto` (`id_produto`, `barcode`, `preco`, `estoque`, `especificacao`, `tipo`, `id_subgrupo`, `id_marca`) VALUES
(1314, '7895742042943', 9, 10, 'Ligadura Modular Prata', 'Prata\r', 6, 3),
(1315, '7895742043124', 8, 3, 'Elastico Rotador Prata', 'Prata\r', 6, 3),
(1316, '7895742043155', 11.5, 3, 'Fio Vareta Standard de Aco 0.14', '\r', 56, 3),
(1317, '7895742043162', 11.5, 3, 'Fio Vareta Standard de Aco 0.16', '\r', 56, 3),
(1318, '7895742043179', 11.5, 11, 'Fio Vareta Standard de Aco 0.18', '\r', 56, 3),
(1319, '7895742043186', 11.5, 8, 'Fio Vareta Standard de Aco  0.20', '\r', 56, 3),
(1320, '7895742044190', 14, 21, 'Gancho Ponta Bola Reto', '\r', 19, 3),
(1321, '7895742044275', 39.5, 1, 'Gurin com Gancho Direito Fechado', '\r', 19, 3),
(1322, '7895742044282', 39.5, 0, 'Gurin com Gancho Esquerdo Fechado', '\r', 19, 3),
(1323, '7895742044367', 57, 2, 'Template Cefalometrico Benvenga', '\r', 38, 3),
(1324, '7895742045081', 16, 0, 'Reposicao Metalico Roth Light Peca 13 com 13? .022\"', '\r', 15, 3),
(1325, '7895742045098', 16, 10, 'Reposicao Metalico Roth Light Peca 13 com 13? .022\"', '\r', 15, 3),
(1326, '7895742045104', 16, 10, 'Reposicao Metalico Roth Light Peca 23 com 13? .022\"', '\r', 15, 3),
(1327, '7895742045135', 16, 12, 'Reposicao Metalico Roth Light Peca 23 com 9? .022\"', '\r', 15, 3),
(1328, '7895742045142', 16, 11, 'Reposicao Metalico Roth Light Peca 13 com 9? .022\"', '\r', 15, 3),
(1329, '7895742045173', 16, 4, 'Reposicao Metalico Roth Light Peca 43 .022\"', '\r', 15, 3),
(1330, '7895742045180', 16, 7, 'Reposicao Metalico Roth Light Peca 33 .022\"', '\r', 15, 3),
(1331, '7895742045210', 48.5, 0, 'Pinca para Braquetes', '\r', 38, 3),
(1332, '7895742045333', 28, 2, 'Lamina Para Destacador', '\r', 38, 3),
(1333, '7895742045340', 42, 1, 'Destacador para Tampa do Tubo Conversive', '\r', 38, 3),
(1334, '7895742045357', 33.5, 1, 'Estrela de Boone (Marcador de Bandas Tipo Estrela (3.5mm 5.0mm)', '\r', 38, 3),
(1335, '7895742048303', 8.5, 12, 'Elastico Separador a Granel Azul Claro', 'Azul claro\r', 6, 3),
(1336, '7895742049263', 16, 8, 'Reposicao Metalico Roth Light Peca 15/14 .022\"', '\r', 15, 3),
(1337, '7895742049270', 16, 6, 'Reposicao Metalico Roth Light Peca 24/25 .022\"', '\r', 15, 3),
(1338, '7895742049317', 16, 8, 'Reposicao Metalico Roth Light Peca 34 .022\"', '\r', 15, 3),
(1339, '7895742049324', 16, 6, 'Reposicao Metalico Roth Light Peca 44 .022\"', '\r', 15, 3),
(1340, '7895742049331', 16, 6, 'Reposicao Metalico Roth Light Peca 45 .022\"', '\r', 15, 3),
(1341, '7895742049348', 16, 4, 'Reposicao Metalico Roth Light Peca 35 .022\"', '\r', 15, 3),
(1342, '7895742049461', 29, 16, 'Braquetes Metalico Roth Light 13? .022\"', 'Roth 2\r', 16, 3),
(1343, '7895742049485', 29, 11, 'Braquetes Metalico Roth Light 9? .022', 'Roth 2\r', 16, 3),
(1344, '7895742055882', 14, 0, 'Elastico Separador Modular Verde', 'Verde\r', 6, 3),
(1345, '7895742055899', 13, 0, 'Elastico Separador Modular Azul Claro', 'Azul claro\r', 6, 3),
(1346, '7895742057183', 9, 11, 'Ligadura Modular Sortido', 'Sortido\r', 6, 3),
(1347, '7895742057671', 30, 0, 'Dobrador de Fio na Distal Fechado', '\r', 38, 3),
(1348, '7895742061760', 37, 10, 'Braquetes Metalico Roth Nickel Free 13? .022\"', 'Especial\r', 16, 3),
(1349, '7895742064266', 10.5, 6, 'Expansor Universal Abertura 7mm', '\r', 54, 3),
(1350, '7895742064303', 10.5, 3, 'Expansor Mini Abertura 6.5mm', '\r', 54, 3),
(1351, '7895742072100', 50.5, 1, 'Pinca para Tubos', '\r', 38, 3),
(1352, '7895742072384', 29, 5, 'Braquetes Policarbonato Roth Composite .022\"', '\r', 16, 3),
(1353, '7895742072391', 15, 1, 'Reposicao Composite Roth Peca 11 .022\"', '\r', 15, 3),
(1354, '7895742072407', 15, 1, 'Reposicao Composite Roth Peca 21 .022\"', '\r', 15, 3),
(1355, '7895742072414', 15, 1, 'Reposicao Composite Roth Peca 12 .022\"', '\r', 15, 3),
(1356, '7895742072421', 15, 1, 'Reposicao Composite Roth Peca 22 .022\"', '\r', 15, 3),
(1357, '7895742072438', 15, 1, 'Reposicao Composite Roth Peca 13 .022\"', '\r', 15, 3),
(1358, '7895742072445', 15, 1, 'Reposicao Composite Roth Peca 23 .022\"', '\r', 15, 3),
(1359, '7895742072452', 15, 2, 'Reposicao Composite Roth Peca 15/14 .022\"', '\r', 15, 3),
(1360, '7895742072469', 15, 2, 'Reposicao Composite Roth Peca 24/25 .022\"', '\r', 15, 3),
(1361, '7895742072476', 15, 2, 'Reposicao Composite Roth Peca 31/32/42/41 .022\"', '\r', 15, 3),
(1362, '7895742072483', 15, 1, 'Reposicao Composite Roth Peca 43 .022\"', '\r', 15, 3),
(1363, '7895742072490', 15, 1, 'Reposicao Composite Roth Peca 33 .022\"', '\r', 15, 3),
(1364, '7895742072506', 15, 1, 'Reposicao Composite Roth Peca 44 .022\"', '\r', 15, 3),
(1365, '7895742072513', 15, 1, 'Reposicao Composite Roth Peca 34 .022\"', '\r', 15, 3),
(1366, '7895742072520', 15, 1, 'Reposicao Composite Roth Peca 45 Composite', '\r', 15, 3),
(1367, '7895742072537', 15, 1, 'Reposicao Composite Roth Peca 35 .022\"', '\r', 15, 3),
(1368, '7895742077204', 6.5, 11, 'Ligadura Bengalinha Verde Limao Cristal', 'Verde limao cristal\r', 6, 3),
(1369, '7895742077211', 6.5, 9, 'Ligadura Bengalinha Vermelho Cristal', 'Vermelho cristal\r', 6, 3),
(1370, '7895742077228', 6.5, 14, 'Ligadura Bengalinha Larnaja Cristal', 'Laranja crisatal\r', 6, 3),
(1371, '7895742077235', 6.5, 12, 'Ligadura Bengalinha Verde Cristal', 'Verde cristal\r', 6, 3),
(1372, '7895742077242', 6.5, 28, 'Ligadura Bengalinha Azul Cristal', 'Azul crisatal\r', 6, 3),
(1373, '7895742077303', 9, 1, 'Ligadura Modular Verde Limao Cristal', 'Verde limao cristal\r', 6, 3),
(1374, '7895742077310', 9, 2, 'Ligadura Modular Vermelho Cristal', 'Vermelho cristal\r', 6, 3),
(1375, '7895742077327', 9, 1, 'Ligadura Modular Laranja Crisatal', 'Laranja crisatal\r', 6, 3),
(1376, '7895742077334', 9, 2, 'Ligadura Modular Verde Cristal', 'Verde cristal\r', 6, 3),
(1377, '7895742077358', 10, 2, 'Elastico Corrente Curto Verde Limao Cristal', 'Verde limao cristal\r', 6, 3),
(1378, '7895742077365', 10, 11, 'Elastico Corrente Curto Vermelho Cristal', 'Vermelho cristal\r', 6, 3),
(1379, '7895742077372', 10, 3, 'Elastico Corrente Curto Laranja Cristal', 'Laranja crisatal\r', 6, 3),
(1380, '7895742077389', 10, 2, 'Elastico Corrente Curto Verde Cristal', 'Verde cristal\r', 6, 3),
(1381, '7895742077402', 10, 2, 'Elastico Corrente Medio Verde Limao Cristal', 'Verde limao cristal\r', 6, 3),
(1382, '7895742077419', 10, 3, 'Elastico Corrente Medio Vermelho Cristal', 'Vermelho cristal\r', 6, 3),
(1383, '7895742077426', 10, 5, 'Elastico Corrente Medio Laranja Cristal', 'Laranja crisatal\r', 6, 3),
(1384, '7895742077433', 10, 10, 'Elastico Corrente Medio Verde Cristal', 'Verde cristal\r', 6, 3),
(1385, '7895742077457', 10, 1, 'Elastico Corrente Longo Verde Limao Cristal', 'Verde limao cristal\r', 6, 3),
(1386, '7895742077464', 10, 1, 'Elastico Corrente Longo Vermelho Cristal', 'Vermelho cristal\r', 6, 3),
(1387, '7895742077471', 10, 1, 'Elastico Corrente Longo Laranja Cristal', 'Laranja crisatal\r', 6, 3),
(1388, '7895742077488', 10, 1, 'Elastico Corrente Longo Verde Cristal', 'Verde cristal\r', 6, 3),
(1389, '7895742077792', 45, 1, 'Fio TMA TiMo 0.12', '\r', 56, 3),
(1390, '7895742077815', 45, 1, 'Fio TMA TiMo 0.16', '\r', 56, 3),
(1391, '7895742077921', 6.5, 11, 'Ligadura Bengalinha Marfil', 'Marfim\r', 6, 3),
(1392, '7895742077945', 9, 1, 'Ligadura Modular Marfilm', 'Marfim\r', 6, 3),
(1393, '7895742077952', 10, 2, 'Elastico Corrente Curto Marfilm', 'Marfim\r', 6, 3),
(1394, '7895742077969', 10, 3, 'Elastico Corrente Medio Marfim', 'Marfim\r', 6, 3),
(1395, '7895742077976', 10, 1, 'Elastico Corrente Longo Marfilm', 'Marfim\r', 6, 3),
(1396, '7895742081454', 33.5, 0, 'Pinca Plic', '\r', 38, 3),
(1397, '7895742083410', 28, 2, 'Afastador Labial Aste Metalica Tamanho Pequeno', '\r', 32, 3),
(1398, '7895742083427', 28, 2, 'Afastador Labial Aste Metalica Tamanho Grande', '\r', 32, 3),
(1399, '7895742086442', 19.5, 0, 'Sputnik Dobrador de Amarrilho', '\r', 38, 3),
(1400, '7895742086633', 10, 17, 'Moldeira para Impressao N?1', '\r', 58, 3),
(1401, '7895742086640', 10, 11, 'Moldeira para Impressao N?2', '\r', 58, 3),
(1402, '7895742086657', 10, 16, 'Moldeira para Impressao N?3', '\r', 58, 3),
(1403, '7895742086664', 10, 9, 'Moldeira para Impressao N?4', '\r', 58, 3),
(1404, '7895742086671', 10, 5, 'Moldeira para Impressao N?5', '\r', 58, 3),
(1405, '7895742086688', 10, 11, 'Moldeira para Impressao N?6', '\r', 58, 3),
(1406, '7895742086695', 10, 16, 'Moldeira para Impressao N?7', '\r', 58, 3),
(1407, '7895742086701', 10, 19, 'Moldeira para Impressao N?8', '\r', 58, 3),
(1408, '7895742097752', 37, 2, 'Adesivo Orthoprimer', '\r', 13, 3),
(1409, '7895742100421', 17.5, 3, 'Expansor Unilateral Abertura 6,5mm', '\r', 54, 3),
(1410, '7895742101145', 20, 2, 'Afastador Labial Tamanho Pequeno', '\r', 32, 3),
(1411, '7895742101176', 20, 2, 'Afastador Labial Tamanho Grande', '\r', 32, 3),
(1412, '7895742108236', 13, 10, 'Reposicao Metalico Roth Max Peca 11 .022\"', '\r', 15, 3),
(1413, '7895742108243', 13, 12, 'Reposicao Metalico Roth Max Peca 21 .022\"', '\r', 15, 3),
(1414, '7895742108250', 13, 15, 'Reposicao Metalico Roth Max Peca 12 .022\"', '\r', 15, 3),
(1415, '7895742108267', 13, 12, 'Reposicao Metalico Roth Max Peca 22 .022\"', '\r', 15, 3),
(1416, '7895742108281', 16, 16, 'Reposicao Metalico Roth Max Peca 13 com 13? .022\"', '\r', 15, 3),
(1417, '7895742108304', 16, 15, 'Reposicao Metalico Roth Max Peca 23 com 13? .022\"', '\r', 15, 3),
(1418, '7895742108328', 16, 14, 'Reposicao Metalico Roth Max Peca 13 com 9? .022\"', '\r', 15, 3),
(1419, '7895742108342', 16, 10, 'Reposicao Metalico Roth Max Peca 23 com 9? .022\"', '\r', 15, 3),
(1420, '7895742108366', 16, 8, 'Reposicao Metalico Roth Max Peca 15/14 .022\"', '\r', 15, 3),
(1421, '7895742108380', 16, 12, 'Reposicao Metalico Roth Max Peca 24/25 .022\"', '\r', 15, 3),
(1422, '7895742108397', 13, 8, 'Reposicao Metalico Roth Max Peca 31/32/42/41 .022\"', '\r', 15, 3),
(1423, '7895742108410', 16, 8, 'Reposicao Metalico Roth Max Peca 43 .022\"', '\r', 15, 3),
(1424, '7895742108434', 16, 11, 'Reposicao Metalico Roth Max Peca 33 .022\"', '\r', 15, 3),
(1425, '7895742108458', 16, 14, 'Reposicao Metalico Roth Max Peca 44 .022\"', '\r', 15, 3),
(1426, '7895742108472', 16, 9, 'Reposicao Metalico Roth Max Peca 34 .022\"', '\r', 15, 3),
(1427, '7895742108496', 16, 16, 'Reposicao Metalico Roth Max Peca 45 .022\"', '\r', 15, 3),
(1428, '7895742108519', 16, 11, 'Reposicao Metalico Roth Max Peca 35 .022\"', '\r', 15, 3),
(1429, '7895742108649', 29, 23, 'Braquetes Metalico Roth Max 9? .022\"', 'Roth \r', 16, 3),
(1430, '7895742113001', 10, 11, 'Elastico Corrente Curto Vermelho', 'Vermelho\r', 6, 3),
(1431, '7895742113018', 10, 3, 'Elastico Corrente Curto Rosa', 'Rosa\r', 6, 3),
(1432, '7895742113025', 10, 12, 'Elastico Corrente Curto Azul Cristal', 'Azul crisatal\r', 6, 3),
(1433, '7895742113032', 10, 6, 'Elastico Corrente Curto Pink Cristal', 'Pink crisatal\r', 6, 3),
(1434, '7895742113049', 10, 10, 'Elastico Corrente Medio Vermelho', 'Vermelho\r', 6, 3),
(1435, '7895742113056', 10, 3, 'Elastico Corrente Medio Rosa', 'Rosa\r', 6, 3),
(1436, '7895742113063', 10, 3, 'Elastico Corrente Medio Azul Cristal', 'Azul crisatal\r', 6, 3),
(1437, '7895742113070', 10, 9, 'Elastico Corrente Medio Pink Cristal', 'Pink crisatal\r', 6, 3),
(1438, '7895742113087', 10, 2, 'Elastico Corrente Longo Vermelho', 'Vermelho\r', 6, 3),
(1439, '7895742113094', 10, 11, 'Elastico Corrente Longo Rosa', 'Rosa\r', 6, 3),
(1440, '7895742113100', 10, 10, 'Elastico Corrente Longo Azul Cristal', 'Azul crisatal\r', 6, 3),
(1441, '7895742113117', 10, 10, 'Elastico Corrente Longo Pink Cristal', 'Pink crisatal\r', 6, 3),
(1442, '7895742116125', 10.19, 1, 'Chave Ortodontica Haste Longa para Ativacao de Expansor', 'Especial\r', 54, 3),
(1443, '7895742116446', 9, 1, 'Ligadura Modular Rosa Bebe', 'Rosa bebe\r', 6, 3),
(1444, '7895742116460', 9, 1, 'Ligadura Modular Vinho', 'Vinho\r', 6, 3),
(1445, '7895742116484', 9, 1, 'Ligadura Modular Verde Perola', 'Verde perola\r', 6, 3),
(1446, '7895742116507', 9, 1, 'Ligadura Modular Rosa Perola', 'Rosa perola\r', 6, 3),
(1447, '7895742116514', 9, 1, 'Ligadura Modular Azul Crisatal', 'Azul crisatal\r', 6, 3),
(1448, '7895742116521', 9, 0, 'Ligadura Modular Pink Crisatal', 'Pink crisatal\r', 6, 3),
(1449, '7895742116552', 6.5, 12, 'Ligadura Bengalinha Vinho', 'Vinho\r', 6, 3),
(1450, '7895742116576', 6.5, 13, 'Ligadura Bengalinha Verde Perola', 'Verde perola\r', 6, 3),
(1451, '7895742116590', 6.5, 11, 'Ligadura Bengalinha Rosa Perola', 'Rosa perola\r', 6, 3),
(1452, '7895742117085', 6.5, 11, 'Ligadura Bengalinha Pink Cristal', 'Pink crisatal\r', 6, 3),
(1453, '7895742133436', 8.5, 7, 'Elastico Intra Oral 1/4 Leve', '\r', 6, 3),
(1454, '7895742133443', 10.5, 3, 'Elastico Intra Oral 5/16 Leve', '\r', 6, 3),
(1455, '7895742133450', 13, 5, 'Elastico Intra Oral 3/8 Leve', '\r', 6, 3),
(1456, '7895742133467', 6.5, 13, 'Elastico Intra Oral 1/8 Media', '\r', 6, 3),
(1457, '7895742133474', 7.5, 3, 'Elastico Intra Oral 3/16 Media', '\r', 6, 3),
(1458, '7895742133504', 13, 5, 'Elastico Intra Oral 3/8 Medio', '\r', 6, 3),
(1459, '7895742133511', 6.5, 8, 'Elastico Intra Oral 1/8 Pesado', '\r', 6, 3),
(1460, '7895742133528', 7.5, 10, 'Elastico Intra Oral 3/16 Pesado', '\r', 6, 3),
(1461, '7895742133535', 8.5, 12, 'Elastico Intra Oral 1/4 Pesado', '\r', 6, 3),
(1462, '7895742133542', 10.5, 17, 'Elastico Intra Oral 5/16 Pesodo', '\r', 6, 3),
(1463, '7895742133658', 14, 7, 'Stop para Arcos Retangulares', '\r', 19, 3),
(1464, '7895742134624', 22.5, 3, 'Gurin Haste Longa com Gancho Direito', '\r', 19, 3),
(1465, '7895742134648', 22.5, 3, 'Gurin Haste Longa com Gancho Esquerdo', '\r', 19, 3),
(1466, '7895742136789', 8.5, 5, 'Elastico Intra Oral 3/4 Medio', '\r', 6, 3),
(1467, '7895742138448', 22, 2, 'Fio Meia Cana 2.00 x 1.00', '\r', 56, 3),
(1468, '7895742138455', 22, 1, 'Fio Meia Cana 1.75 x 0.875', '\r', 56, 3),
(1469, '7895742138462', 22, 1, 'Fio Meia Cana 1.50 x 0.75', '\r', 56, 3),
(1470, '7895742138479', 22, 1, 'Fio Meia Cana 1.30 x 0.65', '\r', 56, 3),
(1471, '7895742139377', 8, 13, 'Protetor de Fio Cristal (Spaghetti) .022\"', '\r', 6, 3),
(1472, '7895742139384', 8, 19, 'Protetor de Fio cor Cinza (Spaghetti) .022\"', '\r', 6, 3),
(1473, '7895742152116', 32, 2, 'Braquetes Metalico Roth Light 13? Clase 3 .022\"', 'Roth 2\r', 16, 3),
(1474, '7895742154097', 10, 10, 'Elastico Corrente Curto Azul Bebe', 'Azul bebe\r', 6, 3),
(1475, '7895742154103', 10, 9, 'Elastico Corrente Curto Azul', 'Azul\r', 6, 3),
(1476, '7895742154110', 10, 10, 'Elastico Corrente Curto Preto', 'Preto\r', 6, 3),
(1477, '7895742154127', 10, 8, 'Elastico Corrente Curto Verde Mar', 'Verde mar\r', 6, 3),
(1478, '7895742154134', 10, 13, 'Elastico Corrente Curto Prata', 'Prata\r', 6, 3),
(1479, '7895742154141', 10, 7, 'Elastico Corrente Curto Rosa Bebe', 'Rosa bebe\r', 6, 3),
(1480, '7895742154158', 10, 2, 'Elastico Corrente Curto Rosa Perola', 'Rosa perola\r', 6, 3),
(1481, '7895742154165', 10, 5, 'Elastico Corrente Medio Azul Bebe', 'Azul bebe\r', 6, 3),
(1482, '7895742154172', 10, 8, 'Elastico Corrente Medio Azul', 'Azul\r', 6, 3),
(1483, '7895742154189', 10, 8, 'Elastico Corrente Medio Preto', 'Preto\r', 6, 3),
(1484, '7895742154196', 10, 9, 'Elastico Corrente Medio Verde Mar', 'Verde mar\r', 6, 3),
(1485, '7895742154202', 10, 11, 'Elastico Corrente Medio Prata', 'Prata\r', 6, 3),
(1486, '7895742154219', 10, 2, 'Elastico Corrente Medio Rosa Bebe', 'Rosa bebe\r', 6, 3),
(1487, '7895742154226', 10, 7, 'Elastico Corrente Medio Rosa Perola', 'Rosa perola\r', 6, 3),
(1488, '7895742154233', 10, 11, 'Elastico Corrente Longo Azul Bebe', 'Azul bebe\r', 6, 3),
(1489, '7895742154240', 10, 9, 'Elastico Corrente Longo Azul', 'Azul\r', 6, 3),
(1490, '7895742154257', 10, 11, 'Elastico Corrente Longo Preto', 'Preto\r', 6, 3),
(1491, '7895742154264', 10, 9, 'Elastico Corrente Longo Verde Mar', 'Verde mar\r', 6, 3),
(1492, '7895742154271', 10, 11, 'Elastico Corrente Longo Prata', 'Prata\r', 6, 3),
(1493, '7895742154288', 10, 11, 'Elastico Corrente Longo Rosa Bebe', 'Rosa bebe\r', 6, 3),
(1494, '7895742154295', 10, 9, 'Elastico Corrente Longo Rosa Perola', 'Rosa perola\r', 6, 3),
(1495, '7895742154790', 11.5, 17, 'Gancho Ponta Bola Universal', 'Especial\r', 19, 3),
(1496, '7895742157685', 28.5, 14, 'Tubo Roth Cola Duplo Peca 16', '\r', 17, 3),
(1497, '7895742157692', 28.5, 10, 'Tubo Roth Cola Duplo Peca 26', '\r', 17, 3),
(1498, '7895742158194', 29, 12, 'Braquetes Metalico Roth Max 13? .022\"', 'Roth \r', 16, 3),
(1499, '7895742158453', 32, 0, 'Caixa de Aparelho Movel de Bolso cor  Azul', '\r', 27, 3),
(1500, '7895742159139', 7, 12, 'Botao Lingual Composite Colagem', '\r', 20, 3),
(1501, '7895742160814', 34, 2, 'Gurin sem Gancho com  Slotr Aberto', '\r', 19, 3),
(1502, '7895742160821', 39.5, 0, 'Gurin com Gancho Direito Aberto', '\r', 19, 3),
(1503, '7895742160838', 39.5, 1, 'Gurin com Gancho Esquerdo Aberto', '\r', 19, 3),
(1504, '7895742161187', 11.7, 16, 'Arco NiTi Termo G 0.14', '\r', 39, 3),
(1505, '7895742161194', 11.7, 22, 'Arco NiTi Termo G 0.16', '\r', 39, 3),
(1506, '7895742161200', 11.7, 24, 'Arco NiTi Termo G 0.18', '\r', 39, 3),
(1507, '7895742161217', 11.7, 9, 'Arco NiTi Termo G 0.20', '\r', 39, 3),
(1508, '7895742161224', 20.2, 2, 'Arco NiTi Termo M 0.16 x 0.16', '\r', 39, 3),
(1509, '7895742161231', 20.2, 39, 'Arco NiTi Termo M 0.16 x 0.22', '\r', 39, 3),
(1510, '7895742161248', 20.2, 30, 'Arco NiTi Termo M 0.17 x 0.25', '\r', 39, 3),
(1511, '7895742161255', 20.2, 8, 'Arco NiTi Termo G 0.16 x 0.16', '\r', 39, 3),
(1512, '7895742161262', 20.2, 26, 'Arco NiTi Termo G 0.16 x 0.22', '\r', 39, 3),
(1513, '7895742161279', 20.2, 31, 'Arco NiTi Termo G 0.17 x 0.25', '\r', 39, 3),
(1514, '7895742161286', 20.2, 11, 'Arco NiTi Termo G 0.18 x 0.25', '\r', 39, 3),
(1515, '7895742161293', 20.2, 31, 'Arco NiTi Termo G 0.19 x 0.25', '\r', 39, 3),
(1516, '7895742161309', 20.2, 8, 'Arco NiTi Termo G 0.21 x 0.25', '\r', 39, 3),
(1517, '7895742161316', 11.7, 18, 'Arco NiTi Termo M 0.14', '\r', 39, 3),
(1518, '7895742161323', 11.7, 22, 'Arco NiTi Termo M 0.16', '\r', 39, 3),
(1519, '7895742161330', 11.7, 16, 'Arco NiTi Termo M 0.18', '\r', 39, 3),
(1520, '7895742161347', 11.7, 8, 'Arco NiTi Termo M 0.20', '\r', 39, 3),
(1521, '7895742161354', 20.2, 19, 'Arco NiTi Termo M 0.18 x 0.25', '\r', 39, 3),
(1522, '7895742161361', 20.2, 35, 'Arco NiTi Termo M 0.19 x 0.25', '\r', 39, 3),
(1523, '7895742161378', 20.2, 11, 'Arco NiTi Termo M 0.21 x 0.25', '\r', 39, 3),
(1524, '7895742166069', 31.5, 2, 'Stop e Guia de Mordida', '\r', 19, 3),
(1525, '7895742167462', 9, 1, 'Tala Ortodonitca Para Tracionador', '\r', 54, 3),
(1526, '7895742169701', 13.5, 11, 'Stop para Arcos Redondos', '\r', 19, 3),
(1527, '7895742171735', 54, 10, 'Miniparafuso 1.5 x 8 mm e 1mm Transmucosa', '\r', 59, 3),
(1528, '7895742171780', 54, 7, 'Miniparafuso 1.5 x 6 mm e 1mm Transmucosa', '\r', 59, 3),
(1529, '7895742171803', 54, 12, 'Miniparafuso 1.5 x 6 mm Transmucosa 2mm', '\r', 60, 3),
(1530, '7895742171810', 54, 6, 'Miniparafuso 1.5 x 8 mm e 2mm Transmucosa', '\r', 59, 3),
(1531, '7895742171827', 30, 12, 'Mola NiTi Fechada Mini Parafuso 7mm com Elos', 'Especial\r', 40, 3),
(1532, '7895742171834', 30, 4, 'Mola NiTi Fechada Mini Parafuso 9mm com Elos', 'Especial\r', 40, 3),
(1533, '7895742171841', 30, 5, 'Mola NiTi Fechada Mini Parafuso 12mm com Elos', 'Especial\r', 40, 3),
(1534, '7895742171858', 30, 6, 'Mola NiTi Fechada Mini Parafuso 15mm com Elos', 'Especial\r', 40, 3),
(1535, '7895742171971', 54, 20, 'Miniparafuso 1.5 x 10 mm e 2mm Transmucosa', '\r', 59, 3),
(1536, '7895742172626', 11.7, 28, 'Arco NiTi Termo G 0.12', '\r', 39, 3),
(1537, '7895742172633', 11.7, 24, 'Arco NiTi Termo M 0.12', '\r', 39, 3),
(1538, '7895742175917', 10.5, 10, 'Tubo Solda Lingual', '\r', 57, 3),
(1539, '7895742180140', 480, 1, 'Kit De Ferramentas Para Miniparafuso Ortodontico', 'Espesial 3\r', 59, 3),
(1540, '7895742181482', 18, 6, 'Ponta Lanca para Miniparafuso 60mm', '\r', 59, 3),
(1541, '7895742181499', 18, 2, 'Chave Hexagonal Haste Longa Miniparafuso', 'Especial\r', 59, 3),
(1542, '7895742181505', 18, 3, 'Chave Hexagonal Haste Curta Miniparafuso', 'Espesial 2\r', 59, 3),
(1543, '7895742181512', 18, 4, 'Chave Hexagonal Digital 25mm Miniparafus', 'Espacial 4\r', 59, 3),
(1544, '7895742187675', 29, 6, 'Braquetes Metalico MBT Max .022\"', 'Mbt\r', 16, 3),
(1545, '7895742188092', 6.5, 15, 'Ligadura Bengalinha Branco Renda', 'Branco renda\r', 6, 3),
(1546, '7895742188528', 2184, 0, 'Braquetes Metalico Roth Max 13? .022\"', 'Roth \r', 16, 3),
(1547, '7895742188566', 6.5, 14, 'Ligadura Bengalinha Lilas', 'Lilas\r', 6, 3),
(1548, '7895742188573', 6.5, 24, 'Ligadura Bengalinha Sortido Cristal', 'Sortido cristal\r', 6, 3),
(1549, '7895742188580', 9, 0, 'Ligadura Modular Branco Renda', 'Branco renda\r', 6, 3),
(1550, '7895742188597', 9, 1, 'Ligadura Modular Lilas', 'Lilas\r', 6, 3),
(1551, '7895742188603', 9, 2, 'Ligadura Modular Sortido Cristal', 'Sortido cristal\r', 6, 3),
(1552, '7895742188610', 10, 2, 'Elastico Corrente Curto Verde Musgo', 'Verde musgo\r', 6, 3),
(1553, '7895742188627', 10, 9, 'Elastico Corrente Curto Branco Renda', 'Branco renda\r', 6, 3),
(1554, '7895742188634', 10, 6, 'Elastico Corrente Curto Lilas', 'Lilas\r', 6, 3),
(1555, '7895742188641', 10, 2, 'Elastico Corrente Curto Amrelo', 'Amarelo\r', 6, 3),
(1556, '7895742188658', 10, 9, 'Elastico Corrente Curto Azul Marinho', 'Azul marinho\r', 6, 3),
(1557, '7895742188665', 10, 12, 'Elastico Corrente Curto Roxo', 'Roxo\r', 6, 3),
(1558, '7895742188672', 10, 2, 'Elastico Corrente Curto Verde Perola', 'Verde perola\r', 6, 3),
(1559, '7895742188689', 10, 2, 'Elastico Corrente Curto Vinho', 'Vinho\r', 6, 3),
(1560, '7895742188696', 10, 7, 'Elastico Corrente Medio Verde Musgo', 'Verde musgo\r', 6, 3),
(1561, '7895742188702', 10, 2, 'Elastico Corrente Medio Branco Renda', 'Branco renda\r', 6, 3),
(1562, '7895742188719', 10, 2, 'Elastico Corrente Medio Lilas', 'Lilas\r', 6, 3),
(1563, '7895742188726', 10, 6, 'Elastico Corrente Medio Amarelo', 'Amarelo\r', 6, 3),
(1564, '7895742188733', 10, 8, 'Elastico Corrente Medio Azul Marinho', 'Azul marinho\r', 6, 3),
(1565, '7895742188740', 10, 6, 'Elastico Corrente Medio Roxo', 'Roxo\r', 6, 3),
(1566, '7895742188757', 10, 7, 'Elastico Corrente Medio Verde Perola', 'Verde perola\r', 6, 3),
(1567, '7895742188764', 10, 5, 'Elastico Corrente Medio Vinho', 'Vinho\r', 6, 3),
(1568, '7895742188771', 10, 3, 'Elastico Corrente Longo Verde Musgo', 'Verde musgo\r', 6, 3),
(1569, '7895742188788', 10, 10, 'Elastico Corrente Longo Branco Renda', 'Branco renda\r', 6, 3),
(1570, '7895742188795', 10, 9, 'Elastico Corrente Longo Lilas', 'Lilas\r', 6, 3),
(1571, '7895742188801', 10, 2, 'Elastico Corrente Longo Amarelo', 'Amarelo\r', 6, 3),
(1572, '7895742188818', 10, 9, 'Elastico Corrente Longo Azul Marinho', 'Azul marinho\r', 6, 3),
(1573, '7895742188825', 10, 9, 'Elastico Corrente Longo Roxo', 'Roxo\r', 6, 3),
(1574, '7895742188832', 10, 1, 'Elastico Corrente Longo Verde Perola', 'Verde perola\r', 6, 3),
(1575, '7895742188849', 10, 3, 'Elastico Corrente Longo Vinho', 'Vinho\r', 6, 3),
(1576, '7895742190095', 119, 1, 'Chave de Mao para Miniparafuso', 'Especial 5\r', 59, 3),
(1577, '7895742191559', 26.5, 3, 'Cera Protetora Pacote', '\r', 48, 3),
(1578, '7895742195496', 24.5, 8, 'Tubo MBT Cola Simple Peca 16/17', '\r', 17, 3),
(1579, '7895742195502', 24.5, 8, 'Tubo MBT Cola Simple Peca 26/27', '\r', 17, 3),
(1580, '7895742195526', 24.5, 7, 'Tubo MBT Cola Simple Peca 46/47/36/37', '\r', 17, 3),
(1581, '7895742197087', 39, 2, 'Mascara para Tracao Reversa Azul', '\r', 54, 3),
(1582, '7895742197094', 39, 2, 'Mascara para Tracao Reversa Rosa', '\r', 54, 3),
(1583, '7895742197629', 12, 0, 'Banda Pre-Molar N?14', '\r', 55, 3),
(1584, '7895742197643', 12, 0, 'Banda Pre-Molar N?16', '\r', 55, 3),
(1585, '7895742197681', 12, 4, 'Banda Pre-Molar N? 20', '\r', 55, 3),
(1586, '7895742197698', 12, 1, 'Banda Pre-Molar N? 21', '\r', 55, 3),
(1587, '7895742197704', 12, 5, 'Banda Pre-Molar N? 22', '\r', 55, 3),
(1588, '7895742197711', 12, 1, 'Banda Pre-Molar N? 23', '\r', 55, 3),
(1589, '7895742197728', 12, 5, 'Banda Pre-Molar N? 24', '\r', 55, 3),
(1590, '7895742197735', 12, 5, 'Banda Pre-Molar N? 25', '\r', 55, 3),
(1591, '7895742197742', 12, 5, 'Banda Pre-Molar N? 26', '\r', 55, 3),
(1592, '7895742197759', 12, 5, 'Banda Pre-Molar N? 27', '\r', 55, 3),
(1593, '7895742197766', 12, 5, 'Banda Pre-Molar N? 28', '\r', 55, 3),
(1594, '7895742197773', 12, 5, 'Banda Pre-Molar N? 29', '\r', 55, 3),
(1595, '7895742197780', 12, 5, 'Banda Pre-Molar N? 30', '\r', 55, 3),
(1596, '7895742197797', 12, 1, 'Banda Pre-Molar N? 31', '\r', 55, 3),
(1597, '7895742197803', 12, 1, 'Banda Pre-Molar N? 32', '\r', 55, 3),
(1598, '7895742197810', 10, 3, 'Mini Esporao Educador Lingual', '\r', 19, 3),
(1599, '7895742198220', 32.5, 7, 'Reposicao Ceramico Roth Ceramic Peca 11 .022\"', '\r', 15, 3),
(1600, '7895742199067', 26.1, 5, 'Arco Curva Reversa G 0.20', '\r', 39, 3),
(1601, '7895742199074', 26.1, 6, 'Arco Curva Reversa M 0.20', '\r', 39, 3),
(1602, '7895742201098', 32.5, 6, 'Reposicao Ceramico Roth Ceramic Peca 21 .022\"', '\r', 15, 3),
(1603, '7895742201104', 32.5, 8, 'Reposicao Ceramico Roth Ceramic Peca 12 .022\"', '\r', 15, 3),
(1604, '7895742201111', 32.5, 2, 'Reposicao Ceramico Roth Ceramic Peca 22 .022\"', '\r', 15, 3),
(1605, '7895742201128', 32.5, 10, 'Reposicao Ceramico Roth Ceramic Peca 13 .022\"', '\r', 15, 3),
(1606, '7895742201135', 32.5, 2, 'Reposicao Ceramico Roth Ceramic Peca 23 .022\"', '\r', 15, 3),
(1607, '7895742201142', 32.5, 7, 'Reposicao Ceramico Roth Ceramic Peca 15/14/24/25 .022\"', '\r', 15, 3),
(1608, '7895742201159', 32.5, 5, 'Reposicao Ceramico Roth Ceramic Peca 31/32/42/41 .022\"', '\r', 15, 3),
(1609, '7895742201166', 32.5, 10, 'Reposicao Ceramico Roth Ceramic Peca 43 .022\"', '\r', 15, 3),
(1610, '7895742201173', 32.5, 1, 'Reposicao Ceramico Roth Ceramic Peca 33 .022\"', '\r', 15, 3),
(1611, '7895742201180', 32.5, 10, 'Reposicao Ceramico Roth Ceramic Peca 44/34 .022\"', '\r', 15, 3),
(1612, '7895742201197', 32.5, 4, 'Reposicao Ceramico Roth Ceramic Peca 45/35 .022\"', '\r', 15, 3),
(1613, '7895742201500', 56, 1, 'Fio Amarrilho Estetico 0.10\"', 'Especial\r', 56, 3),
(1614, '7895742201791', 43.5, 12, 'Gancho para Tracao de Dentes Inclusos com Corrente', 'Especial\r', 19, 3),
(1615, '7895742201975', 36.5, 1, 'Reposicao Autoligado Metalico Roth SLI Peca 11 .022\"', 'Especial\r', 15, 3),
(1616, '7895742201982', 36.5, 1, 'Reposicao Autoligado Metalico Roth SLI Peca 21 .022\"', 'Especial\r', 15, 3),
(1617, '7895742201999', 36.5, 1, 'Reposicao Autoligado Metalico Roth SLI Peca 12 .022\"', 'Especial\r', 15, 3),
(1618, '7895742202002', 36.5, 1, 'Reposicao Autoligado Metalico Roth SLI Peca 22 .022\"', 'Especial\r', 15, 3),
(1619, '7895742202019', 36.5, 1, 'Reposicao Autoligado Metalico Roth SLI Peca 13 .022\"', 'Especial\r', 15, 3),
(1620, '7895742202026', 36.5, 1, 'Reposicao Autoligado Metalico Roth SLI Peca 23 .022\"', 'Especial\r', 15, 3),
(1621, '7895742202033', 36.5, 2, 'Reposicao Autoligado Metalico Roth SLI Peca 15/14 .022\"', 'Especial\r', 15, 3),
(1622, '7895742202040', 36.5, 2, 'Reposicao Autoligado Metalico Roth SLI Peca 24/25 .022\"', 'Especial\r', 15, 3),
(1623, '7895742202057', 36.5, 1, 'Reposicao Autoligado Metalico Roth SLI Peca 31/32/42/41 .022\"', 'Especial\r', 15, 3),
(1624, '7895742202064', 36.5, 0, 'Reposicao Autoligado Metalico Roth SLI Peca 43 .022\"', '\r', 15, 3),
(1625, '7895742202071', 36.5, 0, 'Reposicao Autoligado Metalico Roth SLI Peca 33 .022\"', 'Especial\r', 15, 3),
(1626, '7895742202088', 36.5, 1, 'Reposicao Autoligado Metalico Roth SLI Peca 44 .022\"', 'Especial\r', 15, 3),
(1627, '7895742202095', 36.5, 1, 'Reposicao Autoligado Metalico Roth SLI Peca 34 .022\"', 'Especial\r', 15, 3),
(1628, '7895742202101', 36.5, 1, 'Reposicao Autoligado Metalico Roth SLI Peca 45 .022\"', 'Especial\r', 15, 3),
(1629, '7895742202118', 36.5, 1, 'Reposicao Autoligado Metalico Roth SLI Peca 35 .022\"', 'Especial\r', 15, 3),
(1630, '7895742202125', 145, 21, 'Braquetes Autoligado Metalico Roth Interativo SLI .022\"', 'Espesial 2\r', 16, 3),
(1631, '7895742204228', 31.5, 2, 'Posicionador de Braquetes MBT', '\r', 38, 3),
(1632, '7895742205829', 130, 8, 'Braquetes Ceramico Roth Ceramic 9? .022?', '\r', 16, 3),
(1633, '7895742207175', 255, 2, 'Braquetes Policarbonato Roth Composite .022\"', '\r', 16, 3),
(1634, '7895742207182', 255, 2, 'Braquetes Metalico MBT Max .022\"', 'Mbt\r', 16, 3),
(1635, '7895742207243', 255, 9, 'Braquetes Metalico Roth Max 9? .022\"', 'Roth \r', 16, 3),
(1636, '7895742207267', 255, 5, 'Braquetes Metalico Roth Max 13? .022\"', 'Roth \r', 16, 3),
(1637, '7895742207540', 31, 5, 'Braquetes Metalico Roth Nano 9? .022\"', 'Espesial 2\r', 16, 3),
(1638, '7895742208028', 273, 2, 'Braquetes Metalico Roth Light 13? .022\"', 'Roth 2\r', 16, 3),
(1639, '7895742208035', 273, 4, 'Braquetes Metalico Roth Light 9? .022\"', 'Roth 2\r', 16, 3),
(1640, '7895742208660', 10, 12, 'Banda Tubo Simples Superior N? 29', '\r', 55, 3),
(1641, '7895742210335', 10, 12, 'Banda Tubo Simples Superior N? 29.5', '\r', 55, 3),
(1642, '7895742215637', 10, 11, 'Banda Tubo Simples Inferior N? 29', '\r', 55, 3),
(1643, '7895742215804', 10, 4, 'Banda Tubo Simples Inferior N? 29.5', '\r', 55, 3),
(1644, '7895742215859', 10, 8, 'Banda Tubo Simples Inferior N? 30', '\r', 55, 3),
(1645, '7895742218522', 10, 8, 'Banda Tubo Simples Inferior N? 30.5', '\r', 55, 3),
(1646, '7895742218539', 10, 8, 'Banda Tubo Simples Inferior N? 31', '\r', 55, 3),
(1647, '7895742218546', 10, 5, 'Banda Tubo Simples Inferior N? 31.5', '\r', 55, 3),
(1648, '7895742218553', 10, 6, 'Banda Tubo Simples Inferior N? 32', '\r', 55, 3),
(1649, '7895742218751', 10, 7, 'Banda Tubo Simples Inferior N? 32.5', '\r', 55, 3),
(1650, '7895742218768', 10, 7, 'Banda Tubo Simples Superior N? 30', '\r', 55, 3),
(1651, '7895742218775', 10, 9, 'Banda Tubo Simples Superior N? 30.5', '\r', 55, 3),
(1652, '7895742218782', 10, 12, 'Banda Tubo Simples Superior N? 31', '\r', 55, 3),
(1653, '7895742218799', 10, 9, 'Banda Tubo Simples Superior N? 31.5', '\r', 55, 3),
(1654, '7895742218805', 10, 10, 'Banda Tubo Simples Superior N? 32', '\r', 55, 3),
(1655, '7895742218812', 10, 15, 'Banda Tubo Simples Superior N? 32.5', '\r', 55, 3),
(1656, '7895742218829', 10, 15, 'Banda Tubo Simples Superior N? 33', '\r', 55, 3),
(1657, '7895742218836', 10, 15, 'Banda Tubo Simples Superior N? 33.5', '\r', 55, 3),
(1658, '7895742218843', 10, 16, 'Banda Tubo Simples Superior N? 34', '\r', 55, 3),
(1659, '7895742218850', 10, 14, 'Banda Tubo Simples Superior N? 34.5', '\r', 55, 3),
(1660, '7895742218867', 10, 9, 'Banda Tubo Simples Superior N? 35', '\r', 55, 3),
(1661, '7895742218874', 10, 10, 'Banda Tubo Simples Superior N? 35.5', '\r', 55, 3),
(1662, '7895742218881', 10, 11, 'Banda Tubo Simples Superior N? 36', '\r', 55, 3),
(1663, '7895742218898', 10, 8, 'Banda Tubo Simples Superior N? 36.5', '\r', 55, 3),
(1664, '7895742218904', 10, 4, 'Banda Tubo Simples Superior N? 37', '\r', 55, 3),
(1665, '7895742218911', 10, 25, 'Banda Tubo Simples Superior N? 37.5', '\r', 55, 3),
(1666, '7895742218928', 10, 10, 'Banda Tubo Simples Superior N? 38', '\r', 55, 3),
(1667, '7895742218935', 10, 6, 'Banda Tubo Simples Superior N? 38.5', '\r', 55, 3),
(1668, '7895742218942', 10, 2, 'Banda Tubo Simples Superior N? 39', '\r', 55, 3),
(1669, '7895742218959', 10, 8, 'Banda Tubo Simples Superior N? 39.5', '\r', 55, 3),
(1670, '7895742218966', 10, 8, 'Banda Tubo Simples Superior N? 40', '\r', 55, 3),
(1671, '7895742218973', 10, 22, 'Banda Tubo Simples Superior N? 40.5', '\r', 55, 3),
(1672, '7895742218980', 10, 19, 'Banda Tubo Simples Superior N? 41', '\r', 55, 3),
(1673, '7895742218997', 10, 18, 'Banda Tubo Simples Inferior N? 33', '\r', 55, 3),
(1674, '7895742219000', 10, 4, 'Banda Tubo Simples Superior N? 41.5', '\r', 55, 3),
(1675, '7895742219017', 10, 18, 'Banda Tubo Simples Superior N? 42', '\r', 55, 3),
(1676, '7895742219024', 10, 13, 'Banda Tubo Simples Inferior N? 33.5', '\r', 55, 3),
(1677, '7895742219086', 10, 5, 'Banda Tubo Simples Inferior N? 34', '\r', 55, 3),
(1678, '7895742219109', 10, 11, 'Banda Tubo Simples Inferior N? 34.5', '\r', 55, 3),
(1679, '7895742219116', 10, 1, 'Banda Tubo Simples Inferior N? 35', '\r', 55, 3),
(1680, '7895742219123', 10, 11, 'Banda Tubo Simples Inferior N? 35.5', '\r', 55, 3),
(1681, '7895742219130', 10, 5, 'Banda Tubo Simples Inferior N? 36', '\r', 55, 3),
(1682, '7895742219154', 10, 12, 'Banda Tubo Simples Inferior N? 36.5', '\r', 55, 3),
(1683, '7895742219178', 10, 5, 'Banda Tubo Simples Inferior N? 37', '\r', 55, 3),
(1684, '7895742219192', 10, 7, 'Banda Tubo Simples Inferior N? 37.5', '\r', 55, 3),
(1685, '7895742219215', 10, 14, 'Banda Tubo Simples Inferior N? 38', '\r', 55, 3),
(1686, '7895742219239', 10, 25, 'Banda Tubo Simples Inferior N? 38.5', '\r', 55, 3),
(1687, '7895742219253', 10, 25, 'Banda Tubo Simples Inferior N? 39', '\r', 55, 3),
(1688, '7895742219260', 10, 25, 'Banda Tubo Simples Inferior N? 39.5', '\r', 55, 3),
(1689, '7895742219284', 10, 11, 'Banda Tubo Simples Inferior N? 40', '\r', 55, 3),
(1690, '7895742219291', 10, 19, 'Banda Tubo Simples Inferior N? 40.5', '\r', 55, 3),
(1691, '7895742219307', 10, 14, 'Banda Tubo Simples Inferior N? 41', '\r', 55, 3),
(1692, '7895742219321', 10, 7, 'Banda Tubo Simples Inferior N? 41.5', '\r', 55, 3),
(1693, '7895742219338', 10, 6, 'Banda Tubo Simples Inferior N? 42', '\r', 55, 3),
(1694, '7895742219697', 10, 6, 'Banda Tubo Duplo Superior N? 33.5', '\r', 55, 3),
(1695, '7895742219703', 10, 16, 'Banda Tubo Duplo Superior N? 34', '\r', 55, 3),
(1696, '7895742219710', 10, 12, 'Banda Tubo Duplo Superior N? 34.5', '\r', 55, 3),
(1697, '7895742219727', 10, 8, 'Banda Tubo Duplo Superior N? 35', '\r', 55, 3),
(1698, '7895742219772', 10, 7, 'Banda Tubo Duplo Superior N? 35.5', '\r', 55, 3),
(1699, '7895742219789', 10, 11, 'Banda Tubo Duplo Superior N? 36', '\r', 55, 3),
(1700, '7895742219796', 10, 7, 'Banda Tubo Duplo Superior N? 36.5', '\r', 55, 3),
(1701, '7895742219918', 10, 12, 'Banda Tubo Duplo Superior N? 37', '\r', 55, 3),
(1702, '7895742220051', 10, 3, 'Banda Tubo Duplo Inferior N? 29', '\r', 55, 3),
(1703, '7895742220068', 10, 7, 'Banda Tubo Duplo Inferior N? 29.5', '\r', 55, 3),
(1704, '7895742220075', 10, 3, 'Banda Tubo Duplo Inferior N? 30', '\r', 55, 3),
(1705, '7895742220082', 10, 4, 'Banda Tubo Duplo Inferior N? 30.5', '\r', 55, 3),
(1706, '7895742220099', 10, 4, 'Banda Tubo Duplo Inferior N? 31', '\r', 55, 3),
(1707, '7895742220105', 10, 3, 'Banda Tubo Duplo Inferior N? 31.5', '\r', 55, 3),
(1708, '7895742220112', 10, 22, 'Banda Tubo Duplo Inferior N? 32', '\r', 55, 3),
(1709, '7895742220129', 10, 14, 'Banda Tubo Duplo Inferior N? 32.5', '\r', 55, 3),
(1710, '7895742220136', 10, 20, 'Banda Tubo Duplo Inferior N? 33', '\r', 55, 3),
(1711, '7895742220143', 10, 15, 'Banda Tubo Duplo Inferior N? 33.5', '\r', 55, 3),
(1712, '7895742220150', 10, 16, 'Banda Tubo Duplo Inferior N? 34', '\r', 55, 3),
(1713, '7895742220167', 10, 21, 'Banda Tubo Duplo Inferior N? 34.5', '\r', 55, 3),
(1714, '7895742220174', 10, 20, 'Banda Tubo Duplo Inferior N? 35', '\r', 55, 3),
(1715, '7895742220181', 10, 18, 'Banda Tubo Duplo Inferior N? 35.5', '\r', 55, 3),
(1716, '7895742220198', 10, 16, 'Banda Tubo Duplo Inferior N? 36', '\r', 55, 3),
(1717, '7895742220204', 10, 21, 'Banda Tubo Duplo Inferior N? 36.5', '\r', 55, 3),
(1718, '7895742220211', 10, 22, 'Banda Tubo Duplo Inferior N? 37', '\r', 55, 3),
(1719, '7895742220228', 10, 20, 'Banda Tubo Duplo Inferior N? 37.5', '\r', 55, 3),
(1720, '7895742220235', 10, 28, 'Banda Tubo Duplo Inferior N? 38', '\r', 55, 3),
(1721, '7895742220242', 10, 18, 'Banda Tubo Duplo Inferior N? 38.5', '\r', 55, 3),
(1722, '7895742220259', 10, 14, 'Banda Tubo Duplo Inferior N? 39', '\r', 55, 3),
(1723, '7895742220266', 10, 26, 'Banda Tubo Duplo Inferior N? 39.5', '\r', 55, 3),
(1724, '7895742220273', 10, 12, 'Banda Tubo Duplo Inferior N? 40', '\r', 55, 3),
(1725, '7895742220280', 10, 10, 'Banda Tubo Duplo Inferior N? 40.5', '\r', 55, 3),
(1726, '7895742220297', 10, 5, 'Banda Tubo Duplo Inferior N? 41', '\r', 55, 3),
(1727, '7895742220303', 10, 15, 'Banda Tubo Duplo Superior N? 37.5', '\r', 55, 3),
(1728, '7895742220310', 10, 8, 'Banda Tubo Duplo Inferior N? 41.5', '\r', 55, 3),
(1729, '7895742220327', 10, 13, 'Banda Tubo Duplo Superior N? 38', '\r', 55, 3),
(1730, '7895742220334', 10, 5, 'Banda Tubo Duplo Inferior N? 42', '\r', 55, 3),
(1731, '7895742220341', 10, 9, 'Banda Tubo Duplo Superior N? 38.5', '\r', 55, 3),
(1732, '7895742220358', 10, 13, 'Banda Tubo Duplo Superior N? 39', '\r', 55, 3),
(1733, '7895742220433', 10, 15, 'Banda Tubo Duplo Superior N? 39.5', '\r', 55, 3),
(1734, '7895742220495', 10, 15, 'Banda Tubo Duplo Superior N? 40', '\r', 55, 3),
(1735, '7895742222192', 10, 3, 'Banda Tubo Triplo Superior N? 33', '\r', 55, 3),
(1736, '7895742222215', 10, 17, 'Banda Tubo Triplo Superior N? 34', '\r', 55, 3),
(1737, '7895742222222', 10, 14, 'Banda Tubo Triplo Superior N? 34.5', '\r', 55, 3),
(1738, '7895742222239', 10, 16, 'Banda Tubo Triplo Superior N? 35', '\r', 55, 3),
(1739, '7895742222246', 10, 31, 'Banda Tubo Triplo Superior N? 35.5', '\r', 55, 3),
(1740, '7895742222253', 10, 9, 'Banda Tubo Triplo Superior N? 36', '\r', 55, 3),
(1741, '7895742222260', 10, 14, 'Banda Tubo Triplo Superior N? 36.5', '\r', 55, 3),
(1742, '7895742222277', 10, 9, 'Banda Tubo Triplo Superior N? 37', '\r', 55, 3),
(1743, '7895742222284', 10, 12, 'Banda Tubo Triplo Superior N? 37.5', '\r', 55, 3),
(1744, '7895742222307', 10, 12, 'Banda Tubo Triplo Superior N? 38', '\r', 55, 3),
(1745, '7895742222314', 10, 10, 'Banda Tubo Triplo Superior N? 38.5', '\r', 55, 3),
(1746, '7895742222321', 10, 16, 'Banda Tubo Triplo Superior N? 39', '\r', 55, 3),
(1747, '7895742222338', 10, 10, 'Banda Tubo Triplo Superior N? 39.5', '\r', 55, 3),
(1748, '7895742222390', 10, 19, 'Banda Tubo Triplo Superior N? 40', '\r', 55, 3),
(1749, '7895742222987', 11.5, 5, 'Banda Tubo Triplo com Tubo Lingual Superior N? 29', '\r', 55, 3),
(1750, '7895742222994', 11.5, 7, 'Banda Tubo Triplo com Tubo Lingual Superior N? 29.5', '\r', 55, 3),
(1751, '7895742223007', 11.5, 6, 'Banda Tubo Triplo com Tubo Lingual Superior N? 30', '\r', 55, 3),
(1752, '7895742223014', 11.5, 5, 'Banda Tubo Triplo com Tubo Lingual Superior N? 30.5', '\r', 55, 3),
(1753, '7895742223021', 11.5, 3, 'Banda Tubo Triplo com Tubo Lingual Superior N? 31', '\r', 55, 3),
(1754, '7895742223038', 11.5, 6, 'Banda Tubo Triplo com Tubo Lingual Superior N? 31.5', '\r', 55, 3),
(1755, '7895742223045', 11.5, 12, 'Banda Tubo Triplo com Tubo Lingual Superior N? 32', '\r', 55, 3),
(1756, '7895742223052', 11.5, 7, 'Banda Tubo Triplo com Tubo Lingual Superior N? 32.5', '\r', 55, 3),
(1757, '7895742223069', 11.5, 12, 'Banda Tubo Triplo com Tubo Lingual Superior N? 33', '\r', 55, 3),
(1758, '7895742223076', 11.5, 9, 'Banda Tubo Triplo com Tubo Lingual Superior N? 33.5', '\r', 55, 3),
(1759, '7895742223083', 11.5, 21, 'Banda Tubo Triplo com Tubo Lingual Superior N? 34', '\r', 55, 3),
(1760, '7895742223090', 11.5, 26, 'Banda Tubo Triplo com Tubo Lingual Superior N? 34.5', '\r', 55, 3),
(1761, '7895742223106', 11.5, 23, 'Banda Tubo Triplo com Tubo Lingual Superior N? 35', '\r', 55, 3),
(1762, '7895742223113', 11.5, 11, 'Banda Tubo Triplo com Tubo Lingual Superior N? 35.5', '\r', 55, 3),
(1763, '7895742223120', 11.5, 9, 'Banda Tubo Triplo com Tubo Lingual Superior N? 36', '\r', 55, 3),
(1764, '7895742223137', 11.5, 31, 'Banda Tubo Triplo com Tubo Lingual Superior N? 36.5', '\r', 55, 3),
(1765, '7895742223144', 11.5, 4, 'Banda Tubo Triplo com Tubo Lingual Superior N? 37', '\r', 55, 3),
(1766, '7895742223151', 11.5, 28, 'Banda Tubo Triplo com Tubo Lingual Superior N? 37.5', '\r', 55, 3),
(1767, '7895742223168', 11.5, 6, 'Banda Tubo Triplo com Tubo Lingual Superior N? 38', '\r', 55, 3),
(1768, '7895742223175', 11.5, 20, 'Banda Tubo Triplo com Tubo Lingual Superior N? 38.5', '\r', 55, 3),
(1769, '7895742223182', 11.5, 2, 'Banda Tubo Triplo com Tubo Lingual Superior N? 39', '\r', 55, 3),
(1770, '7895742223199', 11.5, 9, 'Banda Tubo Triplo com Tubo Lingual Superior N? 39.5', '\r', 55, 3),
(1771, '7895742223205', 11.5, 13, 'Banda Tubo Triplo com Tubo Lingual Superior N? 40', '\r', 55, 3),
(1772, '7895742223212', 11.5, 19, 'Banda Tubo Triplo com Tubo Lingual Superior N? 40.5', '\r', 55, 3),
(1773, '7895742223229', 11.5, 10, 'Banda Tubo Triplo com Tubo Lingual Superior N? 41', '\r', 55, 3),
(1774, '7895742223236', 11.5, 17, 'Banda Tubo Triplo com Tubo Lingual Superior N? 41.5', '\r', 55, 3),
(1775, '7895742223243', 11.5, 7, 'Banda Tubo Triplo com Tubo Lingual Superior N? 42', '\r', 55, 3),
(1776, '7895742232641', 11.7, 5, 'Arco NiTi Superelastico M 0.10', '\r', 39, 3),
(1777, '7895742234317', 37, 1, 'Caixa Organizadora Multiuso', '\r', 27, 3),
(1778, '7895742235260', 15.5, 6, 'Arco Estetico NiTi M 0.12', '\r', 39, 3),
(1779, '7895742235291', 15.5, 6, 'Arco Estetico NiTi M 0.14', '\r', 39, 3),
(1780, '7895742235307', 15.5, 6, 'Arco Estetico NiTi M 0.16', '\r', 39, 3),
(1781, '7895742235314', 15.5, 2, 'Arco Estetico NiTi M 0.18', '\r', 39, 3),
(1782, '7895742235321', 15.5, 5, 'Arco Estetico NiTi G 0.12', '\r', 39, 3),
(1783, '7895742235338', 15.5, 5, 'Arco Estetico NiTi G 0.14', '\r', 39, 3),
(1784, '7895742235345', 15.5, 2, 'Arco Estetico NiTi G 0.16', '\r', 39, 3),
(1785, '7895742235352', 15.5, 2, 'Arco Estetico NiTi G 0.18', '\r', 39, 3),
(1786, '7895742235369', 21, 6, 'Arco Estetico NiTi M 0.17 x 0.25', '\r', 39, 3),
(1787, '7895742235376', 21, 5, 'Arco Estetico NiTi G 0.17 x 0.25', '\r', 39, 3),
(1788, '7895742235390', 21, 3, 'Arco Estetico NiTi M 0.19 x 0.25', '\r', 39, 3),
(1789, '7895742235406', 21, 2, 'Arco Estetico NiTi G 0.19 x 0.25', '\r', 39, 3),
(1790, '7895742240745', 31.5, 4, 'Arco Copper NiTi Superior 0.14', '\r', 39, 3),
(1791, '7895742240752', 31.5, 4, 'Arco Copper NiTi Superior 0.16', '\r', 39, 3),
(1792, '7895742240769', 31.5, 7, 'Arco Copper Niti Superior 0.18', '\r', 39, 3),
(1793, '7895742240776', 40.5, 11, 'Arco Copper Niti Superior 0.14 x 0.25', '\r', 39, 3),
(1794, '7895742240783', 40.5, 3, 'Arco Copper Niti Superior 0.16 x 0.22', '\r', 39, 3),
(1795, '7895742240790', 40.5, 7, 'Arco Copper Niti Superior 0.17 x 0.25', '\r', 39, 3),
(1796, '7895742240806', 40.5, 4, 'Arco Copper Niti Superior 0.18 x 0.25', '\r', 39, 3),
(1797, '7895742240813', 40.5, 3, 'Arco Copper Niti Superior 0.19 x 0.25', '\r', 39, 3),
(1798, '7895742240820', 31.5, 6, 'Arco Copper Niti Inferior 0.14', '\r', 39, 3),
(1799, '7895742240837', 31.5, 7, 'Arco Copper Niti Inferior 0.16', '\r', 39, 3),
(1800, '7895742240844', 31.5, 17, 'Arco Copper Niti Inferior 0.18', '\r', 39, 3),
(1801, '7895742240851', 40.5, 3, 'Arco Copper Niti Inferior 0.14 x 0.25', '\r', 39, 3),
(1802, '7895742240868', 40.5, 7, 'Arco Copper Niti Inferior 0.16 x 0.22', '\r', 39, 3),
(1803, '7895742240875', 40.5, 5, 'Arco Copper Niti Inferior 0.17 x 0.25', '\r', 39, 3),
(1804, '7895742240882', 40.5, 3, 'Arco Copper Niti Inferior 0.18 x 0.25', '\r', 39, 3),
(1805, '7895742240899', 40.5, 5, 'Arco Copper Niti Inferior 0.19 x 0.25', '\r', 39, 3),
(1806, '7895742242213', 71, 0, 'Reposicao Autoligado Ceramico Roth SLI Peca 11 .022\"', 'Especial\r', 15, 3),
(1807, '7895742242282', 71, 0, 'Reposicao Autoligado Ceramico Roth SLI Peca 14/15 .022\"', 'Espesial 2\r', 15, 3),
(1808, '7895742242305', 71, 0, 'Reposicao Autoligado Ceramico Roth SLI  Peca 31/ 32/ 41/42 .022\"', 'Espesial 2\r', 15, 3),
(1809, '7895742242336', 595, 6, 'Braquetes Autoligado Ceramico Roth Interativo SLI .022\"', '\r', 16, 3),
(1810, '7895742242596', 36.5, 1, 'Reposicao Autoligado Metalico Roth SLP Peca 11 .022\"', '\r', 15, 3),
(1811, '7895742242602', 36.5, 1, 'Reposicao Autoligado Metalico Roth SLP Peca 21 .022\"', '\r', 15, 3),
(1812, '7895742242619', 36.5, 1, 'Reposicao Autoligado Metalico Roth SLP Peca 12 .022\"', '\r', 15, 3),
(1813, '7895742242657', 36.5, 1, 'Reposicao Autoligado Metalico Roth SLP Peca 22 .022\"', '\r', 15, 3),
(1814, '7895742242664', 36.5, 1, 'Reposicao Autoligado Metalico Roth SLP Peca 13 .022\"', '\r', 15, 3),
(1815, '7895742242671', 36.5, 1, 'Reposicao Autoligado Metalico Roth SLP Peca 23 .022\"', '\r', 15, 3),
(1816, '7895742242695', 36.5, 2, 'Reposicao Autoligado Metalico Roth SLP Peca 24/25 .022\"', '\r', 15, 3),
(1817, '7895742242718', 36.5, 1, 'Reposicao Autoligado Metalico Roth SLP Peca 43 .022\"', '\r', 15, 3),
(1818, '7895742242725', 36.5, 1, 'Reposicao Autoligado Metalico Roth SLP Peca 33 .022\"', '\r', 15, 3),
(1819, '7895742242732', 36.5, 1, 'Reposicao Autoligado Metalico Roth SLP Peca 44 .022\"', '\r', 15, 3),
(1820, '7895742242749', 36.5, 1, 'Reposicao Autoligado Metalico Roth SLP Peca 34 .022\"', '\r', 15, 3),
(1821, '7895742242756', 36.5, 1, 'Reposicao Autoligado Metalico Roth SLP Peca 45 .022\"', '\r', 15, 3),
(1822, '7895742242763', 36.5, 1, 'Reposicao Autoligado Metalico Roth SLP Peca 35 .022\"', '\r', 15, 3),
(1823, '7895742242794', 145, 18, 'Braquetes Autoligado Metalico Roth Pasivo SLP .022\"', '\r', 16, 3),
(1824, '7895742243142', 32, 2, 'Cursor Mesializador Curto Superior Esquerdo e Inferior Direito', '\r', 59, 3),
(1825, '7895742243173', 32, 2, 'Cursor Mesializador Curto Superior Esquerdo e Inferior Direito', '\r', 59, 3),
(1826, '7895742243180', 32, 2, 'Cursor Mesializador Medio Superior Esquerdo e Inferior Direido', '\r', 59, 3),
(1827, '7895742243197', 32, 2, 'Cursor Mesializador Medio Superior Direito e Inferior Esquerdo', '\r', 59, 3),
(1828, '7895742243203', 32, 2, 'Cursor Mesializador Longo Superior Esquerda e Inferior Direito', '\r', 59, 3),
(1829, '7895742243210', 32, 2, 'Cursor Mesializador Longo Superior Direito e Inferior Esqerdo', '\r', 59, 3),
(1830, '7895742244224', 36, 0, 'Kit de Arcos Intraorais para Autoligado', '\r', 39, 3),
(1831, '7895742245757', 50, 8, 'Grampo ponta bola 0.8mm', '\r', 54, 3),
(1832, '7895742246310', 100, 3, 'Broca em Zirconia Multilamina', 'Especial\r', 38, 3),
(1833, '7895742246327', 55, 2, 'Ponta Descartavel para Polimento', '\r', 38, 3),
(1834, '7895742246679', 30, 1, 'Reposicao Safiro Roth PolySafira Peca 11 .022\"', '\r', 15, 3),
(1835, '7895742246693', 30, 0, 'Reposicao Safiro Roth PolySafira Peca 21 .022\"', '\r', 15, 3),
(1836, '7895742246709', 30, 1, 'Reposicao Safiro Roth PolySafira Peca 12 .022\"', '\r', 15, 3),
(1837, '7895742246716', 30, 1, 'Reposicao Safiro Roth PolySafira Peca 22 .022\"', '\r', 15, 3),
(1838, '7895742246723', 30, 0, 'Reposicao Safiro Roth PolySafira Peca 13 .022\"', '\r', 15, 3),
(1839, '7895742246730', 30, 2, 'Reposicao Safiro Roth PolySafira Peca 23 .022\"', '\r', 15, 3),
(1840, '7895742246747', 30, 1, 'Reposicao Safiro Roth PolySafira Peca 15/14/24/25 .022\"', '\r', 15, 3),
(1841, '7895742246754', 30, 1, 'Reposicao Safiro Roth PolySafira Peca 31/32/41/42 .022\"', '\r', 15, 3),
(1842, '7895742246761', 30, 0, 'Reposicao Safiro Roth PolySafira Peca 33 .022\"', '\r', 15, 3),
(1843, '7895742246778', 30, 1, 'Reposicao Safiro Roth PolySafira Peca 43 .022\"', '\r', 15, 3),
(1844, '7895742246785', 30, 0, 'Reposicao Safiro Roth PolySafira Peca 34/44 .022\"', '\r', 15, 3),
(1845, '7895742246792', 30, 1, 'Reposicao Safiro Roth PolySafira Peca 35/45 .022\"', '\r', 15, 3),
(1846, '7895742246921', 300, 4, 'Braquete Safiro Roth Polysafira .022\"', '\r', 16, 3),
(1847, '7895742248451', 68.5, 3, 'Resina Orthobond Plus', '\r', 13, 3),
(1848, '7895742250409', 6.5, 10, 'Ligadura Bengalinha Uva Cristal', 'Uva cristal\r', 6, 3),
(1849, '7895742250416', 9, 1, 'Ligadura Modular Uva Cristal', 'Uva cristal\r', 6, 3),
(1850, '7895742250423', 10, 2, 'Elastico Corrente Curto Uva Cristal', 'Uva cristal\r', 6, 3),
(1851, '7895742250430', 10, 7, 'Elastico Corrente Medio Uva Cristal', 'Uva cristal\r', 6, 3),
(1852, '7895742250447', 10, 2, 'Elastico Corrente Longo Uva Cristal', 'Uva cristal\r', 6, 3),
(1853, '7895742252786', 30, 1, 'Miniparafuso Cabeca de Braquete horario 1.5 x 6mm Transmucosa 1mm', 'Especial\r', 59, 3),
(1854, '7895742253196', 30, 2, 'Miniparafuso Cabeca de Braquete Anti-horario 1.5 x 6mm Transmucosa 1mm', 'Especial\r', 59, 3),
(1855, '7895742253202', 30, 1, 'Miniparafuso Cabeca de Braquete horario 1.5 x 8mm Transmucosa 1mm', 'Especial\r', 59, 3),
(1856, '7895742253219', 30, 3, 'Miniparafuso Cabeca de Braquete Anti-horario 1.5 x 8mm Transmucosa 1mm', 'Especial\r', 59, 3),
(1857, '7895742253622', 8, 2, 'Protetor de Fio cor Azul (Spaghetti) .022\"', '\r', 6, 3),
(1858, '7895742253646', 8, 1, 'Protetor de Fio cor Pink (Spaghetti) .022\"', '\r', 6, 3),
(1859, '7895742259457', 18, 0, 'Chave Hexagonal Haste Media', '\r', 59, 3),
(1860, '7896030773891', 250, 0, 'Pistola Dispensadora  Universal', '\r', 44, 1),
(1861, '7896036520093', 75.2, 23, 'Cimento Dual Master A2 +  Brinde Try in', '\r', 21, 1),
(1862, '7896261360006', 18, 6, 'Babador Descartavel cor Branco', '\r', 61, 1),
(1863, '7896261360020', 18, 0, 'Babador Descartavel cor Azul', '\r', 61, 1),
(1864, '7896261360037', 18, 2, 'Babador Descartavel cor Rosa', '\r', 61, 1),
(1865, '7896261360044', 18, 3, 'Babador Descartavel cor Verde', '\r', 61, 1),
(1866, '7896261360051', 18, 28, 'Babador Descartavel cor Misto', '\r', 61, 1),
(1867, '7896261370708', 45, 7, 'Ionomero de Vidro Para Cimentacao Auto Bioglass C', '\r', 9, 1),
(1868, '7896261370715', 45, 14, 'Ionomero Restauracao de Vidro Auto Bioglass cor A3', '\r', 9, 1),
(1869, '7896261370722', 45, 14, 'Ionomero de Vidro Auto Forrador  Bioglass', '\r', 9, 1),
(1870, '7896261370739', 130, 12, 'Ionomero de Vidro Foto Forrador Ionofast', '\r', 9, 1),
(1871, '7896261370746', 70, 13, 'Ionomero de Vidro Foto Forrador Ionofast', '\r', 9, 1),
(1872, '7896261371156', 24.9, 15, 'Cimento Provisorio com Iodoformio Hydropast', '\r', 21, 1),
(1873, '7896261371194', 13, 48, 'Obturador Provisorio sem Eugenol Fill Temp', '\r', 21, 1),
(1874, '7896261371361', 32.2, 0, 'Cimento Endodontico Grossman Pulp Fill', '\r', 21, 1),
(1875, '7896261371569', 120, 6, 'Cimento Endodontico N-rickert Kit', '\r', 21, 1),
(1876, '7896261371606', 75, 14, 'Cimento Provisorio Provitemp', '\r', 21, 1),
(1877, '7896261371712', 30.2, 13, 'Cimento Forrador de Hidroxido de Calcio Foto Biocall cor Dentina', '\r', 21, 1),
(1878, '7896261371729', 30.2, 11, 'Cimento Forrador de Hidroxido de Calcio Foto Biocall cor Branco', '\r', 21, 1),
(1879, '7896261371736', 27, 14, 'Protetor de Braquetes Foto Orthoprotect', '\r', 48, 1),
(1880, '7896261372221', 14.7, 5, 'Acido Fluoridrico 10%', '\r', 53, 1),
(1881, '7896261372245', 6, 53, 'Acido Fosforico 37%', '\r', 53, 1),
(1882, '7896261372269', 35, 18, 'Silano', '\r', 62, 1),
(1883, '7896261372290', 19.6, 1, 'Barreira Gengival Foto Biodam Azul', '\r', 49, 1),
(1884, '7896261372528', 8, 18, 'Clareador Claridex Evolution 22%', '\r', 49, 1),
(1885, '7896261372801', 20, 6, 'Fio Retrator Retraflex N?000', '\r', 63, 1),
(1886, '7896261372818', 20, 9, 'Fio Retrator Retraflex N?00', '\r', 63, 1),
(1887, '7896261372825', 20, 13, 'Fio Retrator Retraflex N?0', '\r', 63, 1),
(1888, '7896261374065', 33.5, 13, 'Evidenciador de Carie Evicarie', '\r', 64, 1);
INSERT INTO `produto` (`id_produto`, `barcode`, `preco`, `estoque`, `especificacao`, `tipo`, `id_subgrupo`, `id_marca`) VALUES
(1889, '7896261374225', 11, 4, 'Bicarbonato de Sodio 200g', '\r', 24, 1),
(1890, '7896261374249', 18, 28, 'Bicarbonato de Sodio 500g', '\r', 24, 1),
(1891, '7896261374959', 29, 6, 'Selante Bioseal Foto', '\r', 24, 1),
(1892, '7896261374966', 24, 3, 'Selante Bioseal Foto', '\r', 24, 1),
(1893, '7896261375017', 37, 4, 'Curativo Alveolar com Propolis Alveolex', '\r', 65, 1),
(1894, '7896261375055', 28, 10, 'Cariostatico Cariestop 12%', '\r', 64, 1),
(1895, '7896261375154', 7.3, 13, 'Edta Trissodico Liquido', '\r', 66, 1),
(1896, '7896261375451', 19, 15, 'Hemostatico Hemostank', '\r', 51, 1),
(1897, '7896261375505', 35, 10, 'Hemostatico Retractve', '\r', 51, 1),
(1898, '7896261375604', 39.7, 22, 'Iodoformio', '\r', 67, 1),
(1899, '7896261376007', 9.2, 7, 'Paramonoclorofenol Canforado', '\r', 67, 1),
(1900, '7896261376311', 21.8, 4, 'Solvente de Guta Percha Citrol', '\r', 46, 1),
(1901, '7896261376328', 16.15, 1, 'Clorhexidina Gel 2% Clorexoral', '\r', 68, 1),
(1902, '7896261376335', 26.9, 10, 'Clorhexidina solucao 2%', '\r', 68, 1),
(1903, '7896261376366', 21.5, 11, 'Pasta Endo PTC', '\r', 67, 1),
(1904, '7896261377059', 45, 24, 'Adesivo para Braquetes Foto Biofix de Brinde Orthotec', '\r', 13, 1),
(1905, '7896261377080', 50, 6, 'Dessensibilizante GHF', '\r', 49, 1),
(1906, '7896261377103', 62, 14, 'Restaurador Provisorio Bioplic + 3 Acido Fosforico 37% de Brinde', '\r', 21, 1),
(1907, '7896261377219', 20, 7, 'Adesivo Universal Master Bond D.E', '\r', 47, 1),
(1908, '7896261377264', 19.9, 12, 'Adesivo Universal Master Bond D.E', '\r', 47, 1),
(1909, '7896261377318', 15, 10, 'Resina Master Flow cor A2', '\r', 11, 1),
(1910, '7896261377349', 15, 8, 'Resina Master Flow cor B1', '\r', 11, 1),
(1911, '7896261377356', 15, 8, 'Resina Master Flow cor B2', '\r', 11, 1),
(1912, '7896261377424', 20, 5, 'Resina Master Fill cor A2 + Beinde  Clareador Claridex 16%', '\r', 11, 1),
(1913, '7896261377431', 20, 9, 'Resina Master Fill cor A3 + Beinde  Clareador Claridex 16%', '\r', 11, 1),
(1914, '7896261377448', 20, 14, 'Resina Master Fill cor A3.5 + Beinde  Clareador Claridex 16%', '\r', 11, 1),
(1915, '7896261378308', 200, 6, 'Resina Bisacrilica Proviplast cor A1', '\r', 12, 1),
(1916, '7896261378315', 200, 6, 'Resina Bisacrilica Proviplast cor A2', '\r', 12, 1),
(1917, '7896261378322', 200, 7, 'Resina Bisacrilica Proviplast cor A3', '\r', 12, 1),
(1918, '7897908002471', 5.3, 11, 'Ponta Diamantada FG 1342', '\r', 10, 35),
(1919, '7897908008343', 5.3, 2, 'Ponta Diamantada FG 4137', '\r', 10, 36),
(1920, '7897990300165', 65, 1, 'Disco Feltro Polimax Kit', '\r', 45, 37),
(1921, '7897990301353', 49, 1, 'Disco de Lixa Surtido 16mm', '\r', 45, 3),
(1922, '7897990302145', 33, 0, 'Cunha de Madeira Anatomica Colorida Sortida', '\r', 69, 3),
(1923, '7897990302312', 187, 1, 'Arco de Serra e Lixa Kit Microcut', '\r', 45, 3),
(1924, '7897990306174', 49, 1, 'Disco de Lixa Surtido 19mm', '\r', 45, 3),
(1925, '7897990306945', 33, 1, 'Cunha Elastica Sortida', '\r', 69, 3),
(1926, '7897990308024', 55, 0, 'Fita de Aco Cinta Profilatica', '\r', 45, 3),
(1927, '7897990308888', 7, 2, 'Fita Banda Matriz de Poliester', '\r', 70, 3),
(1928, '7897990309939', 54, 1, 'Pasta de Polimento Diamond Gloss', '\r', 45, 3),
(1929, '7897990310003', 135, 0, 'Pincel De Silicone Esthetic Plus', '\r', 71, 3),
(1930, '7897990311284', 190, 2, 'Instrumento Contact + Gold', '\r', 71, 3),
(1931, '7897990313684', 29, 0, 'Fita Para Isolamento Isotape', '\r', 71, 3),
(1932, '7897990316036', 35, 2, 'Resina acrilica Auto Orto Po Amarelo Fluorescente', '\r', 72, 3),
(1933, '7897990316043', 38, 2, 'Resina acrilica Auto Orto Po Azul Fluorescente', '\r', 72, 3),
(1934, '7897990316050', 35, 2, 'Resina acrilica Auto Orto Po Verde Fluorescente', '\r', 72, 3),
(1935, '7897990316067', 35, 2, 'Resina acrilica Auto Orto Po Pink Fluorescente', '\r', 72, 3),
(1936, '7897990316074', 35, 2, 'Resina acrilica Auto Orto Po Incolor', '\r', 72, 3),
(1937, '7897990316081', 35, 2, 'Resina acrilica Auto Orto Po Azul', '\r', 72, 3),
(1938, '7897990316098', 35, 2, 'Resina acrilica Auto Orto Po Amarelo', '\r', 72, 3),
(1939, '7897990316104', 35, 1, 'Resina acrilica Auto Orto Po Vermelho', '\r', 72, 3),
(1940, '7897990316630', 21, 2, 'Resina acrilica Auto Orto Liquido Incolor', '\r', 72, 3),
(1941, '7897990316739', 14, 2, 'Resina acrilica Auto Orto Liquido Incolor', '\r', 72, 3),
(1942, '7897990325274', 49, 3, 'Tira de Lixa Diamantada Diamond Strip Sortida', '\r', 45, 3),
(1943, '7897990325298', 49, 0, 'Tira de Lixa Diamantada Diamond Strip Media', '\r', 45, 3),
(1944, '7897990326615', 199, 1, 'kit de Martiz Unimatrix R', '\r', 70, 3),
(1945, '7897990330025', 179, 0, 'Disco de Lixa Praxis Kit', '\r', 45, 3),
(1946, '7897990330278', 49, 0, 'Disco de Lixa Surtido 12mm', '\r', 45, 3),
(1947, '7897990330421', 54, 0, 'Pasta de Polimento Poligloss', '\r', 45, 3),
(1948, '7897990330438', 32, 0, 'Disco de Feltro 12mm', '\r', 45, 3),
(1949, '7897990330445', 32, 0, 'Disco de Feltro 8mm', '\r', 45, 3),
(1950, '7897990330537', 49, 0, 'Tira de Lixa Diamantada Diamond Strip Fina', '\r', 45, 3),
(1951, '7897990341045', 38, 2, 'Cunha Reflexiva Surtida', '\r', 69, 3),
(1952, '7897990341274', 49, 2, 'Fita Preformada de Poliester para Pre-Molar', '\r', 70, 3),
(1953, '7897990341281', 49, 2, 'Fita Preformada de Poliester para Molar', '\r', 70, 3),
(1954, '7897990341465', 47, 2, 'Fita Banda Matriz de Poliester', '\r', 70, 3),
(1955, '7897990341519', 190, 0, 'Coroa Transparente Anteriores', '\r', 73, 3),
(1956, '7897990341526', 190, 0, 'Coroa Transparente Posteriores', '\r', 73, 3),
(1957, '7897990341533', 190, 1, 'Coroa Transparente Decidos', '\r', 73, 3),
(1958, '7897990342011', 91, 2, 'Instrumento para Condensacao de Resina Fotoplus', '\r', 71, 3),
(1959, '7897990342103', 105, 0, 'Matriz Cervical', '\r', 70, 3),
(1960, '7897990349522', 148, 1, 'Cunha de Madeira Anatomica Colorida Sortida', '\r', 69, 3),
(1961, '7897990349577', 30, 0, 'Cunha de Madeira Natural Surtida', '\r', 69, 3),
(1962, '7898060520032', 69.9, 31, 'Anestesico Lidostesim 3% com Vaso', '\r', 36, 38),
(1963, '7898078650387', 50, 0, 'Pino de Fibra de Vidro Exacto N?0.5 sem Broca', '\r', 50, 39),
(1964, '7898078650493', 13.5, 32, 'Pincel Aplicador Aplik Regular Verde', '\r', 74, 3),
(1965, '7898078650516', 13.5, 11, 'Pincel Aplicador Aplik Fino Azul', '\r', 74, 3),
(1966, '7898078650530', 13.5, 25, 'Pincel Aplicador Aplik Extrafino Branco', '\r', 74, 3),
(1967, '7898078650714', 19, 15, 'Limas K 15-40 21mm', '\r', 75, 3),
(1968, '7898078650721', 19, 10, 'Limas K 15-40 25mm', '\r', 75, 3),
(1969, '7898078650745', 19, 8, 'Limas H 15-40 21mm', '\r', 75, 3),
(1970, '7898078650752', 19, 6, 'Limas H 15-40 25mm', '\r', 75, 3),
(1971, '7898078650851', 19, 23, 'Limas K 15 21mm', '\r', 75, 3),
(1972, '7898078650875', 19, 19, 'Limas K 25 21mm', '\r', 75, 3),
(1973, '7898078650882', 19, 6, 'Limas K 30 21mm', '\r', 75, 3),
(1974, '7898078650912', 19, 20, 'Limas K 15 25mm', '\r', 75, 3),
(1975, '7898078650929', 19, 7, 'Limas K 20 25mm', '\r', 75, 3),
(1976, '7898078650936', 19, 19, 'Limas K 25 25mm', '\r', 75, 3),
(1977, '7898078650943', 19, 6, 'Limas K 30 25mm', '\r', 75, 3),
(1978, '7898078650974', 50, 0, 'Luva Para Carpule Jacarezinho', '\r', 76, 3),
(1979, '7898078651384', 19, 10, 'Limas H 15 21mm', '\r', 75, 3),
(1980, '7898078651391', 19, 10, 'Limas H 20 21mm', '\r', 75, 3),
(1981, '7898078651407', 19, 9, 'Limas H 25 21mm', '\r', 75, 3),
(1982, '7898078651414', 19, 10, 'Limas H 30 21mm', '\r', 75, 3),
(1983, '7898078651445', 19, 7, 'Limas H 15 25mm', '\r', 75, 3),
(1984, '7898078651476', 19, 8, 'Limas H 30 25mm', '\r', 75, 3),
(1985, '7898078651629', 15, 8, 'Broca Largo N?1', '\r', 77, 3),
(1986, '7898078651643', 15, 0, 'Broca Largo N?2', '\r', 77, 3),
(1987, '7898078651667', 15, 0, 'Broca Largo N?3', '\r', 77, 3),
(1988, '7898078652107', 49.5, 4, 'Moldeira Perfurada Total Autoclavavel Kit', '\r', 58, 3),
(1989, '7898078652183', 9, 9, 'Moldeiras Autoclavaveis Parciais', '\r', 58, 3),
(1990, '7898078652190', 10, 3, 'Moldeira Autoclavavel S1 + i1', '\r', 58, 3),
(1991, '7898078652503', 50, 4, 'Moldeira Moldex Sortido', '\r', 58, 3),
(1992, '7898078652534', 15, 9, 'Sugador Flex Suctor Kids', '\r', 78, 3),
(1993, '7898078652541', 6.5, 0, 'Acido Fosforico 37%', '\r', 53, 3),
(1994, '7898078652596', 19, 24, 'Limas K 45-80 21mm', '\r', 75, 3),
(1995, '7898078652633', 19, 6, 'Limas K 45-80 25mm', '\r', 75, 3),
(1996, '7898078652671', 13.75, 6, 'Limas H 45-80 21mm', '\r', 75, 3),
(1997, '7898078652688', 19, 10, 'Limas H 45-80 25mm', '\r', 75, 3),
(1998, '7898078652862', 250, 0, 'Kit para Confeccao de Pino Anatomico', '\r', 50, 3),
(1999, '7898078653142', 22, 6, 'Sugador Endodontico Suctor', '\r', 78, 3),
(2000, '7898078653227', 17, 0, 'Placa Soft 1mm Quadrada', '\r', 79, 3),
(2001, '7898078653319', 35, 2, 'Clareador Clariant Office Peroxido de Hidrogenio 35%', '\r', 49, 3),
(2002, '7898078653500', 13, 3, 'Arco de Ostby', '\r', 80, 3),
(2003, '7898078653708', 12, 10, 'Amarrilho Para Isolamento', '\r', 80, 3),
(2004, '7898078654835', 175, 17, 'Fibra de Vidro Trancada Interlig', '\r', 11, 3),
(2005, '7898078655009', 35, 0, 'Pino Para Moldagem Pinjet', '\r', 50, 3),
(2006, '7898078655399', 29, 2, 'Resina Endo Dam', '\r', 80, 3),
(2007, '7898078655429', 35, 5, 'Contra Angulo Kids Descartavel', '\r', 76, 3),
(2008, '7898078655436', 20, 9, 'Caixa para Aparelhos Removiveis', '\r', 27, 3),
(2009, '7898078655528', 20, 6, 'Papel Carbono Contacto Arcada', '\r', 81, 3),
(2010, '7898078655603', 6.5, 3, 'Papel Carbono Contacto Paper Dupla Face Azul e Vermelho', '\r', 81, 3),
(2011, '7898078655610', 17, 9, 'Papel Carbono Nhac! Marcou', '\r', 81, 3),
(2012, '7898078655672', 27, 0, 'Anel Dappen', '\r', 76, 3),
(2013, '7898078655870', 15, 3, 'Quebra Habito', '\r', 76, 3),
(2014, '7898078655979', 28, 5, 'Descanso de Boca', '\r', 32, 3),
(2015, '7898078655986', 25, 0, 'Molderira Para Fluor kit', '\r', 58, 3),
(2016, '7898078655993', 25, 0, 'Molderira Para Fluor Tamanho P', '\r', 58, 3),
(2017, '7898078656501', 48, 13, 'Lima Pediatrica H 15-40 17mm', 'Especial\r', 75, 3),
(2018, '7898078656525', 10, 6, 'Album Porta Dentinhos Verde', '\r', 76, 3),
(2019, '7898078656549', 32, 3, 'Espacador 15-40 21mm', '\r', 75, 3),
(2020, '7898078656662', 10, 5, 'Album Porta Dentinhos Rosa', '\r', 76, 3),
(2021, '7898078656679', 10, 8, 'Album Porta Dentinhos Laranja', '\r', 76, 3),
(2022, '7898078657010', 25, 1, 'Stop de Silicone Cursor 1mm', '\r', 75, 3),
(2023, '7898078657188', 15, 8, 'Broca Gates N?1 32mm', '\r', 77, 3),
(2024, '7898078657195', 15, 9, 'Broca Gates N?2 32mm', '\r', 77, 3),
(2025, '7898078657218', 60, 8, 'Pino de Fibra de Vidro Reforpost N?1', '\r', 50, 3),
(2026, '7898078657225', 60, 15, 'Pino de Fibra de Vidro Reforpost N?2', '\r', 50, 3),
(2027, '7898078657232', 60, 4, 'Pino de Fibra de Vidro Reforpost N?3 sem Broca', '\r', 50, 3),
(2028, '7898078657249', 170, 4, 'Pinos de Fibra de Vidro Reforpost Mini Kit', 'Especial\r', 50, 3),
(2029, '7898078657294', 15, 3, 'Broca Gates N?3 32mm', '\r', 77, 3),
(2030, '7898078657393', 18, 6, 'Evidenciador de Placa', '\r', 64, 3),
(2031, '7898078657515', 46, 0, 'Pino Metalico Intra-Radicular Reforpost N?1', '\r', 50, 3),
(2032, '7898078657522', 46, 3, 'Pino Metalico Intra-Radicular Reforpost N?2', '\r', 50, 3),
(2033, '7898078657591', 45, 1, 'Chave para Reforpost', 'Especial\r', 50, 3),
(2034, '7898078657782', 10, 11, 'Album Porta Dentinhos Azul', '\r', 76, 3),
(2035, '7898078657966', 45, 3, 'Pino de Fibra de Vidro Reforpin', '\r', 50, 3),
(2036, '7898078658000', 35, 5, 'Tamborel de Apoio Endometric Cinza', '\r', 82, 3),
(2037, '7898078658116', 42, 5, 'Ponta de Aspiracao Endo Tips 0,014', '\r', 78, 3),
(2038, '7898078658277', 85, 1, 'Cimento  Endodontico MTA Fillapex', '\r', 21, 3),
(2039, '7898078658543', 178, 3, 'Regua Calibradora Intermedium', '\r', 83, 3),
(2040, '7898078691571', 50, 5, 'Pino de Fibra de Vidro Exacto N?1 sem Broca', '\r', 50, 3),
(2041, '7898078691670', 50, 2, 'Pino de Fibra de Vidro Exacto N?2 sem Broca', '\r', 50, 3),
(2042, '7898078691779', 50, 0, 'Pino de Fibra de Vidro Exacto N?3 sem Broca', '\r', 50, 3),
(2043, '7898093125006', 18.5, 9, 'Algodao Hidrofilo', '\r', 22, 40),
(2044, '7898125710026', 19, 0, 'Compressa De Gaze Nao Estereis 11 Fiios', '\r', 52, 41),
(2045, '7898142583498', 750, 0, 'Articulador 4000-s com Arco e Estojo', '\r', 18, 42),
(2046, '7898142584716', 790, 0, 'Fotopolimerizador Biolux', '\r', 18, 4),
(2047, '7898142585034', 1400, 0, 'Plastificadora P7 com Anel Rotativo 220v', '\r', 84, 4),
(2048, '7898142585119', 39, 10, 'Placa Soft 3mm Quadrada cor Azul', '\r', 79, 4),
(2049, '7898142585133', 39, 8, 'Placa Soft 3mm Quadrada cor Pink', '\r', 79, 4),
(2050, '7898142585157', 39, 8, 'Placa Soft 3mm Quadrada cor Verde', '\r', 79, 4),
(2051, '7898142585171', 39, 9, 'Placa Soft 3mm Quadrada cor Preto', '\r', 79, 4),
(2052, '7898142585232', 39, 10, 'Placa Soft 3mm Quadrada cor Branco', '\r', 79, 4),
(2053, '7898142585386', 49, 7, 'Placa Soft 4mm Quadrada', '\r', 79, 4),
(2054, '7898142586581', 20, 56, 'Placa Cristal Quadrada 1 mm', '\r', 79, 4),
(2055, '7898142586604', 27, 0, 'Placa Cristal Quadrada 1.5 mm', '\r', 79, 4),
(2056, '7898142586628', 32, 48, 'Placa Cristal Quadrada 2 mm', '\r', 79, 4),
(2057, '7898142586703', 39, 9, 'Placa Soft 3mm Quadrada', '\r', 79, 4),
(2058, '7898142587045', 190, 1, 'Lupa Branca 3.5x', '\r', 18, 4),
(2059, '7898142587076', 250, 1, 'Verticulador', '\r', 18, 4),
(2060, '7898142588134', 190, 1, 'Lupa Branca 2.5x', '\r', 18, 4),
(2061, '7898142588745', 270, 1, 'Moldeira Perfurada Inox Dentada', '\r', 58, 4),
(2062, '789818167051', 7, 9, 'Solucao Clorada Hipoclorito 2,5%', '\r', 85, 43),
(2063, '7898229800012', 5.3, 10, 'Ponta Diamantada FG 1011', '\r', 10, 3),
(2064, '7898229800036', 5.3, 5, 'Ponta Diamantada FG 1012', '\r', 10, 3),
(2065, '7898229800050', 5.3, 6, 'Ponta Diamantada FG 1013', '\r', 10, 3),
(2066, '7898229800074', 5.3, 0, 'Ponta Diamantada FG 1014', '\r', 10, 3),
(2067, '7898229800098', 5.3, 0, 'Ponta Diamantada FG 1015', '\r', 10, 3),
(2068, '7898229800111', 5.3, 0, 'Ponta Diamantada FG 1016', '\r', 10, 3),
(2069, '7898229800197', 5.3, 1, 'Ponta Diamantada FG 1019', '\r', 10, 3),
(2070, '7898229800210', 5.3, 7, 'Ponta Diamantada FG 1022', '\r', 10, 3),
(2071, '7898229800258', 5.3, 9, 'Ponta Diamantada FG 1024', '\r', 10, 3),
(2072, '7898229800272', 5.3, 6, 'Ponta Diamantada FG 3017HL', '\r', 10, 3),
(2073, '7898229800296', 5.3, 6, 'Ponta Diamantada FG 3018HL', '\r', 10, 3),
(2074, '7898229800319', 5.3, 8, 'Ponta Diamantada FG 1031', '\r', 10, 3),
(2075, '7898229800333', 5.3, 15, 'Ponta Diamantada FG 1032', '\r', 10, 3),
(2076, '7898229800357', 5.3, 10, 'Ponta Diamantada FG 1033', '\r', 10, 3),
(2077, '7898229800371', 5.3, 7, 'Ponta Diamantada FG 1034', '\r', 10, 3),
(2078, '7898229800418', 5.3, 13, 'Ponta Diamantada FG 1036', '\r', 10, 3),
(2079, '7898229800449', 5.3, 0, 'Ponta Diamantada FG 1017G', '\r', 10, 3),
(2080, '7898229800456', 5.3, 16, 'Ponta Diamantada FG 1042', '\r', 10, 3),
(2081, '7898229800494', 5.3, 15, 'Ponta Diamantada FG 1045', '\r', 10, 3),
(2082, '7898229800555', 5.3, 17, 'Ponta Diamantada FG 1151', '\r', 10, 3),
(2083, '7898229800579', 5.3, 14, 'Ponta Diamantada FG 1153', '\r', 10, 3),
(2084, '7898229800609', 5.3, 1, 'Ponta Diamantada FG 1018', '\r', 10, 3),
(2085, '7898229800616', 5.3, 3, 'Ponta Diamantada FG 1061', '\r', 10, 3),
(2086, '7898229800630', 5.3, 13, 'Ponta Diamantada FG 1062', '\r', 10, 3),
(2087, '7898229800647', 5.3, 0, 'Ponta Diamantada FG 4115', '\r', 10, 3),
(2088, '7898229800654', 5.3, 15, 'Ponta Diamantada FG 1063', '\r', 10, 3),
(2089, '7898229800678', 5.3, 2, 'Ponta Diamantada FG 1065', '\r', 10, 3),
(2090, '7898229800692', 5.3, 10, 'Ponta Diamantada FG 1066', '\r', 10, 3),
(2091, '7898229800739', 5.3, 4, 'Ponta Diamantada FG 2067', '\r', 10, 3),
(2092, '7898229800791', 5.3, 6, 'Ponta Diamantada FG 3069', '\r', 10, 3),
(2093, '7898229800814', 5.3, 8, 'Ponta Diamantada FG 3070', '\r', 10, 3),
(2094, '7898229800852', 5.3, 11, 'Ponta Diamantada FG 3071', '\r', 10, 3),
(2095, '7898229800876', 5.3, 1, 'Ponta Diamantada FG 4072', '\r', 10, 3),
(2096, '7898229800890', 5.3, 6, 'Ponta Diamantada FG 4072G/C', '\r', 10, 3),
(2097, '7898229800951', 5.3, 11, 'Ponta Diamantada FG 3145', '\r', 10, 3),
(2098, '7898229800999', 5.3, 23, 'Ponta Diamantada FG 1090', '\r', 10, 3),
(2099, '7898229801019', 5.3, 19, 'Ponta Diamantada FG 1091', '\r', 10, 3),
(2100, '7898229801033', 5.3, 12, 'Ponta Diamantada FG 1092', '\r', 10, 3),
(2101, '7898229801057', 5.3, 26, 'Ponta Diamantada FG 1093', '\r', 10, 3),
(2102, '7898229801071', 5.3, 17, 'Ponta Diamantada FG 1093F', '\r', 10, 3),
(2103, '7898229801095', 5.3, 19, 'Ponta Diamantada FG 1093FF', '\r', 10, 3),
(2104, '7898229801118', 5.3, 13, 'Ponta Diamantada FG 1094', '\r', 10, 3),
(2105, '7898229801149', 5.3, 11, 'Ponta Diamantada FG 2131', '\r', 10, 3),
(2106, '7898229801156', 5.3, 9, 'Ponta Diamantada FG 1095', '\r', 10, 3),
(2107, '7898229801170', 5.3, 3, 'Ponta Diamantada FG 2096', '\r', 10, 3),
(2108, '7898229801194', 5.3, 8, 'Ponta Diamantada FG 3097', '\r', 10, 3),
(2109, '7898229801217', 5.3, 5, 'Ponta Diamantada FG 3098', '\r', 10, 3),
(2110, '7898229801231', 5.3, 8, 'Ponta Diamantada FG 3099', '\r', 10, 3),
(2111, '7898229801255', 5.3, 3, 'Ponta Diamantada FG 3101', '\r', 10, 3),
(2112, '7898229801279', 5.3, 6, 'Ponta Diamantada FG 4102', '\r', 10, 3),
(2113, '7898229801316', 5.3, 11, 'Ponta Diamantada FG 4123', '\r', 10, 3),
(2114, '7898229801392', 5.3, 5, 'Ponta Diamantada FG 3215', '\r', 10, 3),
(2115, '7898229801415', 5.3, 6, 'Ponta Diamantada FG 3216', '\r', 10, 3),
(2116, '7898229801453', 5.3, 3, 'Ponta Diamantada FG 4230', '\r', 10, 3),
(2117, '7898229801477', 5.3, 14, 'Ponta Diamantada FG 1112', '\r', 10, 3),
(2118, '7898229801484', 5.3, 10, 'Ponta Diamantada FG 2130', '\r', 10, 3),
(2119, '7898229801491', 5.3, 2, 'Ponta Diamantada FG 1112F', '\r', 10, 3),
(2120, '7898229801514', 5.3, 8, 'Ponta Diamantada FG 1112FF', '\r', 10, 3),
(2121, '7898229801538', 5.3, 26, 'Ponta Diamantada FG 1190', '\r', 10, 3),
(2122, '7898229801552', 5.3, 1, 'Ponta Diamantada FG 1190F', '\r', 10, 3),
(2123, '7898229801576', 5.3, 2, 'Ponta Diamantada FG 1190FF', '\r', 10, 3),
(2124, '7898229801606', 5.3, 15, 'Ponta Diamantada FG 3016HL', '\r', 10, 3),
(2125, '7898229801651', 5.3, 5, 'Ponta Diamantada FG 2200', '\r', 10, 3),
(2126, '7898229801668', 5.3, 9, 'Ponta Diamantada FG 2200F', '\r', 10, 3),
(2127, '7898229801675', 5.3, 1, 'Ponta Diamantada FG 3113', '\r', 10, 3),
(2128, '7898229801699', 5.3, 10, 'Ponta Diamantada FG 3193', '\r', 10, 3),
(2129, '7898229801712', 5.3, 11, 'Ponta Diamantada FG 3195', '\r', 10, 3),
(2130, '7898229801750', 5.3, 6, 'Ponta Diamantada FG 3195FF', '\r', 10, 3),
(2131, '7898229801774', 5.3, 14, 'Ponta Diamantada FG 3203', '\r', 10, 3),
(2132, '7898229801798', 5.3, 8, 'Ponta Diamantada FG 3205', '\r', 10, 3),
(2133, '7898229801811', 5.3, 10, 'Ponta Diamantada FG 3227', '\r', 10, 3),
(2134, '7898229801835', 5.3, 12, 'Ponta Diamantada FG 2082', '\r', 10, 3),
(2135, '7898229801859', 5.3, 4, 'Ponta Diamantada FG 3083', '\r', 10, 3),
(2136, '7898229801897', 5.3, 23, 'Ponta Diamantada FG 2134', '\r', 10, 3),
(2137, '7898229801910', 5.3, 6, 'Ponta Diamantada FG 2135', '\r', 10, 3),
(2138, '7898229801934', 5.3, 12, 'Ponta Diamantada FG 2135F', '\r', 10, 3),
(2139, '7898229801958', 5.3, 5, 'Ponta Diamantada FG 2135FF', '\r', 10, 3),
(2140, '7898229801996', 5.3, 6, 'Ponta Diamantada FG 3228', '\r', 10, 3),
(2141, '7898229802009', 5.3, 9, 'Ponta Diamantada FG 4138FF', '\r', 10, 3),
(2142, '7898229802016', 5.3, 0, 'Ponta Diamantada FG 4138', '\r', 10, 3),
(2143, '7898229802023', 5.3, 3, 'Ponta Diamantada FG 4138F', '\r', 10, 3),
(2144, '7898229802092', 5.3, 11, 'Ponta Diamantada FG 1111', '\r', 10, 3),
(2145, '7898229802108', 5.3, 7, 'Ponta Diamantada FG 1111FF', '\r', 10, 3),
(2146, '7898229802115', 5.3, 5, 'Ponta Diamantada FG 3118', '\r', 10, 3),
(2147, '7898229802139', 5.3, 2, 'Ponta Diamantada FG 3118F', '\r', 10, 3),
(2148, '7898229802146', 5.3, 6, 'Ponta Diamantada FG 4217', '\r', 10, 3),
(2149, '7898229802153', 5.3, 0, 'Ponta Diamantada FG 3118FF', '\r', 10, 3),
(2150, '7898229802177', 5.3, 10, 'Ponta Diamantada FG 3168', '\r', 10, 3),
(2151, '7898229802207', 5.3, 16, 'Ponta Diamantada FG 4114', '\r', 10, 3),
(2152, '7898229802214', 5.3, 47, 'Ponta Diamantada FG 3168FF', '\r', 10, 3),
(2153, '7898229802221', 5.3, 9, 'Ponta Diamantada FG 4114C/G', '\r', 10, 3),
(2154, '7898229802238', 5.3, 10, 'Ponta Diamantada FG 1051', '\r', 10, 3),
(2155, '7898229802290', 5.3, 9, 'Ponta Diamantada FG 3053', '\r', 10, 3),
(2156, '7898229802306', 5.3, 11, 'Ponta Diamantada FG 4135', '\r', 10, 3),
(2157, '7898229802313', 5.3, 5, 'Ponta Diamantada FG 3054', '\r', 10, 3),
(2158, '7898229802351', 5.3, 8, 'Ponta Diamantada FG 3213', '\r', 10, 3),
(2159, '7898229802368', 5.3, 10, 'Ponta Diamantada FG 3139FF', '\r', 10, 3),
(2160, '7898229802399', 5.3, 3, 'Ponta Diamantada FG 1302', '\r', 10, 3),
(2161, '7898229802412', 5.3, 16, 'Ponta Diamantada FG 1312', '\r', 10, 3),
(2162, '7898229802436', 5.3, 29, 'Ponta Diamantada FG 1320', '\r', 10, 3),
(2163, '7898229802450', 5.3, 15, 'Ponta Diamantada FG 1332', '\r', 10, 3),
(2164, '7898229802474', 5.3, 19, 'Ponta Diamantada FG 1333', '\r', 10, 3),
(2165, '7898229802498', 5.3, 19, 'Ponta Diamantada FG 1342', '\r', 10, 3),
(2166, '7898229802511', 5.3, 8, 'Ponta Diamantada FG 1343', '\r', 10, 3),
(2167, '7898229802535', 5.3, 10, 'Ponta Diamantada FG 4141', '\r', 10, 3),
(2168, '7898229802542', 5.3, 0, 'Ponta Diamantada FG 1016G/C', '\r', 10, 3),
(2169, '7898229802559', 5.3, 4, 'Ponta Diamantada FG 3100', '\r', 10, 3),
(2170, '7898229802566', 5.3, 4, 'Ponta Diamantada FG 1195FF', '\r', 10, 3),
(2171, '7898229802573', 5.3, 14, 'Ponta Diamantada FG 4142', '\r', 10, 3),
(2172, '7898229802580', 5.3, 18, 'Ponta Diamantada FG 1064', '\r', 10, 3),
(2173, '7898229802610', 5.3, 8, 'Ponta Diamantada FG 1141', '\r', 10, 3),
(2174, '7898229802627', 5.3, 19, 'Ponta Diamantada FG 2121', '\r', 10, 3),
(2175, '7898229802641', 5.3, 3, 'Ponta Diamantada FG 4103', '\r', 10, 3),
(2176, '7898229802665', 5.3, 6, 'Ponta Diamantada FG 4137', '\r', 10, 3),
(2177, '7898229802689', 5.3, 6, 'Ponta Diamantada FG 1111F', '\r', 10, 3),
(2178, '7898229802702', 5.3, 6, 'Ponta Diamantada FG 1052', '\r', 10, 3),
(2179, '7898229802726', 5.3, 42, 'Ponta Diamantada FG 2133', '\r', 10, 3),
(2180, '7898229802740', 5.3, 12, 'Ponta Diamantada FG 3131', '\r', 10, 3),
(2181, '7898229802771', 5.3, 8, 'Ponta Diamantada FG 2137', '\r', 10, 3),
(2182, '7898229802801', 5.3, 8, 'Ponta Diamantada FG 2137F', '\r', 10, 3),
(2183, '7898229802818', 5.3, 12, 'Ponta Diamantada FG 3207', '\r', 10, 3),
(2184, '7898229802894', 5.3, 12, 'Ponta Diamantada FG 2133F', '\r', 10, 3),
(2185, '7898229802900', 5.3, 14, 'Ponta Diamantada FG 2133FF', '\r', 10, 3),
(2186, '7898229802931', 5.3, 4, 'Ponta Diamantada FG 2202', '\r', 10, 3),
(2187, '7898229803358', 3.2, 100, 'Taca De Borracha', '\r', 24, 3),
(2188, '7898229803426', 5.3, 1, 'Ponta Diamantada FG 1012HL', '\r', 10, 3),
(2189, '7898229803433', 5.3, 2, 'Ponta Diamantada FG 1014HL', '\r', 10, 3),
(2190, '7898229803440', 15, 9, 'Mandril Adaptador Para Contra Angulo', 'Especial\r', 86, 3),
(2191, '7898229803457', 4, 32, 'Mandril CA Mini', '\r', 86, 3),
(2192, '7898229803471', 4, 10, 'Mandril CA', '\r', 86, 3),
(2193, '7898229803556', 5.3, 0, 'Ponta Diamantada FG 1017', '\r', 10, 3),
(2194, '7898229803563', 5.3, 7, 'Ponta Diamantada FG 1096', '\r', 10, 3),
(2195, '7898229803600', 5.3, 4, 'Ponta Diamantada FG 4217C/G', '\r', 10, 3),
(2196, '7898229804416', 17, 2, 'Broca Carbide Endo-Z', 'Especial\r', 77, 3),
(2197, '7898229804584', 8.5, 11, 'Broca Carbide FG1/2', '\r', 77, 3),
(2198, '7898229804607', 8.5, 11, 'Broca Carbide FG01', '\r', 77, 3),
(2199, '7898229804614', 9, 10, 'Broca Carbide FG 02', '\r', 77, 3),
(2200, '7898229804683', 8.5, 15, 'Broca Carbide FG33 1/2', '\r', 77, 3),
(2201, '7898229804690', 8.5, 17, 'Broca Carbide FG34', '\r', 77, 3),
(2202, '7898229804706', 8.5, 11, 'Broca Carbide FG35', '\r', 77, 3),
(2203, '7898229804744', 28, 9, 'Broca Carbide FG57', '\r', 77, 3),
(2204, '7898229804850', 8.5, 11, 'Broca Carbide FG330', '\r', 77, 3),
(2205, '7898229804881', 8.5, 17, 'Broca Carbide FG556', '\r', 77, 3),
(2206, '7898229804997', 8.5, 18, 'Broca Carbide FG957', '\r', 77, 3),
(2207, '7898229805031', 8.5, 8, 'Broca Carbide FG0OS02', '\r', 77, 3),
(2208, '7898229805505', 28, 10, 'Broca Carbide FG7801', '\r', 77, 3),
(2209, '7898229805536', 8.5, 12, 'Broca Carbide FG 7902F', '\r', 77, 3),
(2210, '7898229805666', 28, 6, 'Broca Carbide FG9214', '\r', 77, 3),
(2211, '7898229809428', 40, 11, 'KIT Pontas Diamantadas Polidont', '\r', 45, 3),
(2212, '7898229809626', 59, 2, 'KIT Pontas Diamantadas Polidont', '\r', 45, 3),
(2213, '7898229809824', 5.3, 9, 'Ponta Diamantada FG 3146', '\r', 10, 3),
(2214, '7898229809916', 5.3, 11, 'Ponta Diamantada FG 4116', '\r', 10, 3),
(2215, '7898229810240', 5.3, 2, 'Ponta Diamantada FG 3082', '\r', 10, 3),
(2216, '7898229810349', 2.5, 23, 'Banda Matriz Metalica 0,05 x 7 mm', '\r', 70, 3),
(2217, '7898229810578', 15, 34, 'Tira de Lixa Resina 4 mm', '\r', 45, 3),
(2218, '7898229810660', 12, 1, 'Tira de Lixa Aco 4 mm', '\r', 45, 3),
(2219, '7898229810677', 14, 131, 'Tira de Lixa Aco 6 mm', '\r', 45, 3),
(2220, '7898229810776', 26, 11, 'Tiras De Aco Colmeia Diamantada 4mm', '\r', 45, 3),
(2221, '7898229811247', 2.5, 24, 'Banda Matriz Metalica 0,05 x 5 mm', '\r', 70, 3),
(2222, '7898229812305', 5.3, 1, 'Ponta Diamantada FG 2200FF', '\r', 10, 3),
(2223, '7898229813173', 5.3, 6, 'Ponta Diamantada FG 3200', '\r', 10, 3),
(2224, '7898229814422', 5.3, 4, 'Ponta Diamantada FG 3112', '\r', 10, 3),
(2225, '7898229815108', 5.3, 0, 'Ponta Diamantada FG 3195F', '\r', 10, 3),
(2226, '7898229819670', 30, 35, 'Tira Aco Diamondo Serrilhada 2.5mm Fina', '\r', 45, 3),
(2227, '7898229819885', 38, 19, 'Kit de Acabamento e Polimento Poligloss', 'Especial\r', 45, 3),
(2228, '7898229820171', 5.3, 7, 'Ponta Diamantada FG 3117', '\r', 10, 3),
(2229, '7898229820898', 5.3, 1, 'Ponta Diamantada FG 1016HL', '\r', 10, 3),
(2230, '7898229822816', 25, 24, 'Kit Mini Polimento de Resina', 'Espesial 2\r', 45, 3),
(2231, '7898229823844', 38, 47, 'Kit Polimento de Resina Rapido', 'Espesial 3\r', 45, 3),
(2232, '7898229823851', 45, 28, 'Kit Completo Polimento de Resina', '\r', 45, 3),
(2233, '7898229824827', 2.5, 274, 'Escova Robinson Copa Reta Branca', '\r', 24, 3),
(2234, '7898229833881', 1299, 0, 'Ultrassom Odontologico Advance 1', '\r', 18, 3),
(2235, '7898229838589', 499, 5, 'Fotoplimerizador Bluestar Cor Preto', '\r', 18, 3),
(2236, '7898254941896', 60, 2, 'Esponja Hemospon Standard 80', '\r', 51, 1),
(2237, '7898254941902', 60, 3, 'Esponja Hemospon Standard 70', '\r', 51, 1),
(2238, '7898254941919', 70, 2, 'Esponja Hemospon Size 100', '\r', 51, 1),
(2239, '7898254941933', 39.9, 16, 'Esponja Hemospon', 'Espesial 2\r', 51, 1),
(2240, '7898254945856', 79, 6, 'Esponja Hemospon Cote', 'Especial\r', 51, 1),
(2241, '7898309969950', 4.5, 40, 'Fita para Autoclave', 'Especial\r', 22, 2),
(2242, '7898428908243', 42, 3, 'Broca de Contra Angulo para Remocao', '\r', 38, 1),
(2243, '7898433200189', 15, 17, 'Avental Manga Longa Pacote', '\r', 34, 2),
(2244, '7898433202299', 15, 28, 'Prope', '\r', 34, 2),
(2245, '7898433202565', 8.5, 32, 'Touca Descartavel Sanfonada', '\r', 34, 2),
(2246, '7898440510189', 7.5, 2, 'Espatula Para Gesso Inox Cabo de Madera', '\r', 87, 44),
(2247, '7898440510875', 49, 3, 'Articulador Nylon Tipo Garfo com Mola', '\r', 18, 4),
(2248, '7898440511407', 170, 0, 'Dentes de Resina', 'Especial\r', 38, 4),
(2249, '7898440511537', 43, 2, 'Placa Base Fina Marrron', '\r', 79, 4),
(2250, '7898440511544', 43, 3, 'Placa Base Grossa Marrron', '\r', 79, 4),
(2251, '7898440511742', 110, 0, 'Mufla de Latao com Pino N?6', '\r', 88, 4),
(2252, '7898440512039', 170, 0, 'Macarico Blaster', '\r', 84, 4),
(2253, '7898440512398', 5, 0, 'Colfadura Individual para Rio X', '\r', 23, 4),
(2254, '7898440512718', 2.75, 220, 'Zolacdor Pastico  Tamanho Grande', '\r', 89, 4),
(2255, '7898440512770', 30, 1, 'Mufla de Latao com Parafuso Meia Lua', 'Espesial 2\r', 88, 4),
(2256, '7898440513685', 129, 0, 'Mufla de Latao com Parafuso N*6', 'Especial\r', 88, 4),
(2257, '7898440514354', 2.75, 165, 'Zolacdor Pastico Tamanho Medio', '\r', 89, 4),
(2258, '7898440516617', 35, 1, 'Base de Cera N?2', 'Espesial 2\r', 38, 4),
(2259, '7898440516808', 150, 0, 'Typodont Metal', '\r', 38, 4),
(2260, '7898440516822', 82, 1, 'Articulador Tecnica Bimler', '\r', 18, 4),
(2261, '7898440517928', 5.5, 18, 'Fio de Latao 0.50mm', '\r', 38, 4),
(2262, '7898440518437', 10.9, 1, 'Lecron', '\r', 30, 4),
(2263, '7898440518987', 39, 0, 'Porta Algodao Limpo de Aluminio', '\r', 27, 4),
(2264, '7898440519656', 9, 9, 'Prendedor Jacare Corrente Bichinhos', '\r', 30, 4),
(2265, '7898457640022', 170, 0, 'Camara Escura Para Revelado Sem Iluminacao', '\r', 23, 2),
(2266, '7898457640053', 650, 1, 'Eliminadora de Bolhas Pnumatica 4.5L', '\r', 84, 2),
(2267, '7898457640350', 350, 0, 'Microjato Gold Line', '\r', 84, 2),
(2268, '7898457640404', 45, 1, 'Oxido Aluminio Branco 50 microns', '\r', 90, 2),
(2269, '7898457640411', 45, 1, 'Oxido Aluminio Branco 125 microns', '\r', 90, 2),
(2270, '7898457642019', 260, 0, 'Vibradora de Gesso Vibramaxx', '\r', 18, 2),
(2271, '7898457642040', 890, 1, 'Macarico Gold Line', '\r', 84, 2),
(2272, '7898457642071', 990, 3, 'Plastificadora a Vacuo com Motor', '\r', 84, 2),
(2273, '7898457642279', 200, 3, 'Seladora Selamaxx', '\r', 18, 2),
(2274, '7898457642354', 799, 1, 'Solda Ponto Soldamaxx', '\r', 38, 2),
(2275, '7898457646239', 1695, 0, 'Bijato Precision', '\r', 84, 2),
(2276, '7898457646550', 45, 1, 'Oxido Aluminio Branco 90 microns', '\r', 90, 2),
(2277, '7898457647069', 1350, 0, 'Prensa Hidraulica Maxx 2', '\r', 84, 2),
(2278, '7898475420095', 52, 4, 'Seringa Carpule com Refluxo Cor Rosa', '\r', 91, 2),
(2279, '7898475420187', 52, 6, 'Seringa Carpule com Refluxo Cor Roxa', '\r', 91, 2),
(2280, '7898475420217', 250, 0, 'Alicate Corte Distal Master', '\r', 41, 2),
(2281, '7898475420231', 290, 0, 'Alicate Corte Amarrilho Master', '\r', 41, 2),
(2282, '7898475420286', 16, 12, 'Colocador de Elastique Azul Lados Diferente', '\r', 38, 2),
(2283, '7898475421627', 10, 7, 'Espatula 24 ST', '\r', 87, 2),
(2284, '7898475421924', 9.5, 5, 'Sonda Exploradora N05 st', '\r', 30, 2),
(2285, '7898475422129', 10.5, 5, 'Espatula Lecron', '\r', 30, 2),
(2286, '7898475422297', 16, 12, 'Colocador de Elastique Rosa Lados Iguais', '\r', 38, 2),
(2287, '7898475422679', 85, 3, 'Alicate 001 Nance', '\r', 41, 2),
(2288, '7898475422716', 85, 3, 'Alicate 053 Meia Cana', '\r', 41, 2),
(2289, '7898475422730', 85, 5, 'Alicate 074 Young', '\r', 41, 2),
(2290, '7898475422808', 90, 6, 'Alicate 109 De La Rosa com Mola', '\r', 41, 2),
(2291, '7898475422815', 85, 5, 'Alicate 110 How Reto', '\r', 41, 2),
(2292, '7898475422822', 85, 3, 'Alicate 111 How Curvo', '\r', 41, 2),
(2293, '7898475422839', 85, 3, 'Alicate 114 Jonson Conformador de Bandas', '\r', 41, 2),
(2294, '7898475422853', 85, 2, 'Alicate 120 Weingart', '\r', 41, 2),
(2295, '7898475422907', 85, 5, 'Alicate 139 Angle', '\r', 41, 2),
(2296, '7898475422969', 85, 2, 'Alicate 158 Formar Amarrilho', '\r', 41, 2),
(2297, '7898475423065', 85, 2, 'Alicate 346 R Removedor de Braquete Reto', '\r', 41, 2),
(2298, '7898475423072', 85, 5, 'Alicate 346 C Removedor de Braquete Curvo', '\r', 41, 2),
(2299, '7898475423089', 85, 5, 'Alicate 347 Removedor de Banda', '\r', 41, 2),
(2300, '7898475423133', 90, 3, 'Alicate 350 Tweed Omega Loop Estriado', '\r', 41, 2),
(2301, '7898475423164', 90, 3, 'Alicate 410 Atkinson para Barra Palatina', '\r', 41, 2),
(2302, '7898475423171', 90, 4, 'Alicate 442 C Tweed Retangular Curto', '\r', 41, 2),
(2303, '7898475423300', 250, 15, 'Alicate Corte Amarrilho Premiun', '\r', 41, 2),
(2304, '7898475423317', 250, 12, 'Alicate Corte Distal Gold', '\r', 41, 2),
(2305, '7898475423324', 90, 6, 'Alicate Gancho Bola', '\r', 41, 2),
(2306, '7898475423331', 90, 4, 'Alicate Jaraback', '\r', 41, 2),
(2307, '7898475423393', 205, 4, 'Alicate 400 W Torque Individual com Chave', '\r', 41, 2),
(2308, '7898475423454', 53, 10, 'Porta Agulha Mathieu 10 cm', '\r', 42, 2),
(2309, '7898475423461', 53, 11, 'Porta Agulha Mathieu 14 cm', '\r', 42, 2),
(2310, '7898475423539', 13, 14, 'Colocador de Elastique Metal Lados Diferntes', '\r', 38, 2),
(2311, '7898475424185', 35, 5, 'Tesoura Ouro Curva', '\r', 42, 2),
(2312, '7898475424406', 35, 16, 'Pinca Auxiliar de Sutura 12cm', '\r', 42, 2),
(2313, '7898475424567', 69, 2, 'Pinca Palmer', '\r', 42, 2),
(2314, '7898475424758', 19.5, 11, 'Pinca para Braquetes', '\r', 38, 2),
(2315, '7898475424932', 25, 12, 'Pinca para Tubos', '\r', 38, 2),
(2316, '7898475424956', 70, 1, 'Jogo de Alavanca Seldin Adulto', 'Especial\r', 92, 2),
(2317, '7898475424970', 70, 2, 'Jogo de Alavanca Seldin Infantil', '\r', 92, 2),
(2318, '7898475424987', 70, 2, 'Jogo de Alavanca Apical Adulto', 'Espacial 4\r', 92, 2),
(2319, '7898475425007', 70, 0, 'Jogo de Alavanca Apical Infantil', 'Espacial 4\r', 92, 2),
(2320, '7898475425038', 70, 1, 'Jogo de Alavanca Heidbrink', 'Espesial 3\r', 92, 2),
(2321, '7898475425205', 75, 4, 'Porta Alicate Inox sem Tampa', '\r', 27, 2),
(2322, '7898475425250', 49, 10, 'Espatula de Thompson N?04', 'Espesial 2\r', 87, 2),
(2323, '7898475425267', 49, 4, 'Espatula de Thompson N?05', 'Especial\r', 87, 2),
(2324, '7898475425540', 79, 2, 'Jogo de Alavanca Apexo', 'Especial 5\r', 92, 2),
(2325, '7898475425618', 26, 0, 'Sugador de Sangue Metalico Curvo', '\r', 78, 2),
(2326, '7898475425854', 300, 0, 'Espelho para Foto Inox Kit', '\r', 28, 2),
(2327, '7898475425861', 110, 1, 'Espelho para Foto Oclusal Redondo Inox', '\r', 28, 2),
(2328, '7898475425878', 135, 5, 'Espelho para Foto Sub Lingual Inox', '\r', 28, 2),
(2329, '7898475425915', 135, 4, 'Espelho para Foto Lateral Inox', '\r', 28, 2),
(2330, '7898475426080', 85, 4, 'Porta Agulha Mathieu com Furo para Ligadura 14 cm', '\r', 93, 2),
(2331, '7898475426219', 65, 0, 'Sugador com Desentupidor 19 cm', '\r', 78, 2),
(2332, '7898475426509', 29, 10, 'Pinca Mosquito Reta', '\r', 42, 2),
(2333, '7898475427483', 4.5, 283, 'Espelho Clinico', '\r', 28, 2),
(2334, '7898475427629', 42, 0, 'Seringa Carpule com Refluxo', '\r', 91, 2),
(2335, '7898475427636', 52, 4, 'Seringa Carpule com Refluxo Cor Azul', '\r', 91, 2),
(2336, '7898475428404', 47, 4, 'Descolador Prichard N?03', '\r', 30, 2),
(2337, '7898475429425', 8.5, 4, 'Sputnik Dobrador de Amarrilho', '\r', 38, 2),
(2338, '7898475429463', 14, 7, 'Dobrador de Fio na Distal Fechado', '\r', 38, 2),
(2339, '7898475429494', 13, 13, 'Colocador de Elastique Metal Lado Iguais', '\r', 38, 2),
(2340, '7898475429883', 49, 9, 'Espatula de Thompson N?01', 'Especial 5\r', 87, 2),
(2341, '7898475430124', 49, 5, 'Espatula de Thompson N?02', 'Espacial 4\r', 87, 2),
(2342, '7898475430131', 49, 9, 'Espatula de Thompson N?03', 'Espesial 3\r', 87, 2),
(2343, '7898475430179', 49, 0, 'Espatula de Thompson N?07', '\r', 87, 2),
(2344, '7898475430483', 16, 15, 'Colocador de Elastique Azul Lados Iguais', '\r', 38, 2),
(2345, '7898475431145', 99, 8, 'Alicate Removedor de Braquete Ceramico', '\r', 41, 2),
(2346, '7898475431992', 14.5, 8, 'Bandeja Rosa Autoclavavel 10,5cm x 22,5 cm', '\r', 94, 2),
(2347, '7898475432005', 15.5, 9, 'Bandeja Cinza Autoclavavel 12,5cm x 22,5 cm', '\r', 94, 2),
(2348, '7898475432029', 14.5, 7, 'Bandeja Verde Autoclavavel 10,5 cm x 22,5 cm', '\r', 94, 2),
(2349, '7898475432036', 14.5, 10, 'Bandeja Cinza Autoclavavel 10,5cm x 22,5 cm', '\r', 94, 2),
(2350, '7898475432043', 14.5, 8, 'Bandeja Roxa Autoclavavel 10,5 cm x 22,5 cm', '\r', 94, 2),
(2351, '7898475432050', 15.5, 8, 'Bandeja Azul Autoclavavel 12,5cm x 22,5 cm', '\r', 94, 2),
(2352, '7898475432067', 15.5, 10, 'Bandeja Rosa Autoclavavel 12,5 cm  x 22,5 cm', '\r', 94, 2),
(2353, '7898475432142', 15.5, 11, 'Bandeja Roxa Autoclavavel 12,5 cm x 22,5 cm', '\r', 94, 2),
(2354, '7898475432203', 15.5, 8, 'Bandeja Verde Autoclavavel 12,5 cm x 22,5 cm', '\r', 94, 2),
(2355, '7898475432340', 9, 9, 'Assentador de Banda Quadrado', '\r', 38, 2),
(2356, '7898475432357', 9, 10, 'Assentador de Banda Triangular', '\r', 38, 2),
(2357, '7898475432364', 9, 7, 'Assentador de Banda Triangular Invertido', '\r', 38, 2),
(2358, '7898475432531', 10.5, 0, 'Marcador de Instrumento Pink Crisatal', '\r', 30, 2),
(2359, '7898488900010', 10.5, 74, 'Arco NiTi Superelastico Superior 0.12', '\r', 39, 1),
(2360, '7898488900027', 10.5, 78, 'Arco NiTi Superelastico Inferior 0.12', '\r', 39, 1),
(2361, '7898488900034', 10.5, 42, 'Arco NiTi Superelastico Superior 0.14', '\r', 39, 1),
(2362, '7898488900041', 10.5, 41, 'Arco NiTi Superelastico Inferior 0.14', '\r', 39, 1),
(2363, '7898488900058', 10.5, 78, 'Arco NiTi Superelastico Superior 0.16', '\r', 39, 1),
(2364, '7898488900065', 10.5, 54, 'Arco NiTi Superelastico Inferior 0.16', '\r', 39, 1),
(2365, '7898488900072', 10.5, 64, 'Arco NiTi Superelastico Superior 0.18', '\r', 39, 1),
(2366, '7898488900089', 10.5, 55, 'Arco NiTi Superelastico Inferior 0.18', '\r', 39, 1),
(2367, '7898488900096', 10.5, 52, 'Arco NiTi Superelastico Superior 0.20', '\r', 39, 1),
(2368, '7898488900102', 10.5, 48, 'Arco NiTi Superelastico Inferior 0.20', '\r', 39, 1),
(2369, '7898488900119', 18, 19, 'Arco NiTi Superelastico Superior 0.16 x 0.16', '\r', 39, 1),
(2370, '7898488900126', 18, 13, 'Arco NiTi Superelastico Inferior 0.16 x 0.16', '\r', 39, 1),
(2371, '7898488900133', 18, 12, 'Arco NiTi Superelastico Superior 0.16 x 0.22', '\r', 39, 1),
(2372, '7898488900140', 18, 11, 'Arco NiTi Superelastico Inferior 0.16 x 0.22', '\r', 39, 1),
(2373, '7898488900157', 18, 23, 'Arco NiTi Superelastico Superior 0.17 x 0.25', '\r', 39, 1),
(2374, '7898488900164', 18, 27, 'Arco NiTi Superelastico Inferior 0.17 x 0.25', '\r', 39, 1),
(2375, '7898488900171', 18, 8, 'Arco NiTi Superelastico Superior 0.18 x 0.25', '\r', 39, 1),
(2376, '7898488900188', 18, 27, 'Arco NiTi Superelastico Inferior 0.18 x 0.25', '\r', 39, 1),
(2377, '7898488900195', 18, 26, 'Arco NiTi Superelastico Superior 0.19 x 0.25', '\r', 39, 1),
(2378, '7898488900201', 18, 23, 'Arco NiTi Superelastico Inferior 0.19 x 0.25', '\r', 39, 1),
(2379, '7898488900232', 10.5, 32, 'Arco NiTi Termo Superior 0.12', '\r', 39, 1),
(2380, '7898488900249', 10.5, 36, 'Arco NiTi Termo Inferior 0.12', '\r', 39, 1),
(2381, '7898488900256', 10.5, 30, 'Arco NiTi Termo Superior 0.14', '\r', 39, 1),
(2382, '7898488900263', 10.5, 2, 'Arco NiTi Termo Inferior 0.14', '\r', 39, 1),
(2383, '7898488900270', 10.5, 94, 'Arco NiTi Termo Superior 0.16', '\r', 39, 1),
(2384, '7898488900287', 10.5, 121, 'Arco NiTi Termo Inferior 0.16', '\r', 39, 1),
(2385, '7898488900294', 10.5, 92, 'Arco NiTi Termo Superior 0.18', '\r', 39, 1),
(2386, '7898488900300', 10.5, 77, 'Arco NiTi Termo Inferior 0.18', '\r', 39, 1),
(2387, '7898488900317', 10.5, 36, 'Arco NiTi Termo Superior 0.20', '\r', 39, 1),
(2388, '7898488900324', 10.5, 48, 'Arco NiTi Termo Inferior 0.20', '\r', 39, 1),
(2389, '7898488900331', 18, 36, 'Arco NiTi Termo Superior 0.16 x 0.16', '\r', 39, 1),
(2390, '7898488900348', 18, 47, 'Arco NiTi Termo Inferior 0.16 x 0.16', '\r', 39, 1),
(2391, '7898488900355', 18, 50, 'Arco NiTi Termo Superior 0.16 x 0.22', '\r', 39, 1),
(2392, '7898488900362', 18, 44, 'Arco NiTi Termo Inferior 0.16 x 0.22', '\r', 39, 1),
(2393, '7898488900379', 18, 29, 'Arco NiTi Termo Superior 0.17 x 0.25', '\r', 39, 1),
(2394, '7898488900386', 18, 28, 'Arco NiTi Termo Inferior 0.17 x 0.25', '\r', 39, 1),
(2395, '7898488900393', 18, 14, 'Arco NiTi Termo Superior 0.18 x 0.25', '\r', 39, 1),
(2396, '7898488900409', 18, 14, 'Arco NiTi Termo Inferior 0.18 x 0.25', '\r', 39, 1),
(2397, '7898488900416', 18, 37, 'Arco NiTi Termo Superior 0.19 x 0.25', '\r', 39, 1),
(2398, '7898488900423', 18, 53, 'Arco NiTi Termo Inferior 0.19 x 0.25', '\r', 39, 1),
(2399, '7898488900430', 18, 32, 'Arco NiTi Termo Superior 0.21 x 0.25', '\r', 39, 1),
(2400, '7898488900447', 18, 31, 'Arco NiTi Termo Inferior 0.21 x 0.25', '\r', 39, 1),
(2401, '7898488900669', 18, 6, 'Mola NiTi Fechada 7mm', '\r', 40, 1),
(2402, '7898488900676', 18, 4, 'Mola NiTi Fechada 9mm', '\r', 40, 1),
(2403, '7898488900683', 24, 30, 'Mola NiTi Aberta', '\r', 40, 1),
(2404, '7898488900713', 200, 1, 'Braquetes Ceramico Roth Iceram .022\"', 'Roth \r', 16, 1),
(2405, '7898488900737', 220, 1, 'Braquetes Ceramico MBT Iceram .022\"', 'Roth \r', 16, 1),
(2406, '7898488901826', 11, 19, 'Arco Aco Superior 0.16 x 0.16', '\r', 39, 1),
(2407, '7898488901833', 11, 25, 'Arco Aco Inferior 0.16 x 0.16', '\r', 39, 1),
(2408, '7898488901840', 11, 21, 'Arco Aco Superior 0.16 x 0.22', '\r', 39, 1),
(2409, '7898488901857', 11, 12, 'Arco Aco Inferior 0.16 x 0.22', '\r', 39, 1),
(2410, '7898488901864', 11, 30, 'Arco Aco Inferior 0.17 x 0.25', '\r', 39, 1),
(2411, '7898488901871', 11, 25, 'Arco Aco Superior 0.18 x 0.25', '\r', 39, 1),
(2412, '7898488901888', 11, 17, 'Arco Aco Inferior 0.18 x 0.25', '\r', 39, 1),
(2413, '7898488901895', 11, 32, 'Arco Aco Superior 0.19 x 0.25', '\r', 39, 1),
(2414, '7898488901901', 11, 8, 'Arco Aco Superior 0.21 x 0.25', '\r', 39, 1),
(2415, '7898488901918', 11, 44, 'Arco Aco Inferior 0.19 x 0.25', '\r', 39, 1),
(2416, '7898488901925', 11, 15, 'Arco Aco Inferior 0.21 x 0.25', '\r', 39, 1),
(2417, '7898488901932', 11, 14, 'Arco Aco Superior 0.17 x 0.25', '\r', 39, 1),
(2418, '7898488902069', 9.1, 26, 'Arco Aco Superior 0.12', '\r', 39, 1),
(2419, '7898488902076', 9.1, 29, 'Arco Aco Inferior 0.12', '\r', 39, 1),
(2420, '7898488902083', 9.1, 29, 'Arco Aco Superior 0.14', '\r', 39, 1),
(2421, '7898488902090', 9.1, 33, 'Arco Aco Inferior 0.14', '\r', 39, 1),
(2422, '7898488902106', 9.1, 40, 'Arco Aco Superior 0.16', '\r', 39, 1),
(2423, '7898488902113', 9.1, 42, 'Arco Aco Inferior 0.16', '\r', 39, 1),
(2424, '7898488902120', 9.1, 21, 'Arco Aco Superior 0.18', '\r', 39, 1),
(2425, '7898488902137', 9.1, 9, 'Arco Aco Inferior 0.18', '\r', 39, 1),
(2426, '7898488902144', 9.1, 12, 'Arco Aco Superior 0.20', '\r', 39, 1),
(2427, '7898488902151', 9.1, 21, 'Arco Aco Inferior 0.20', '\r', 39, 1),
(2428, '7898488902625', 13, 3, 'Reposicao Ceramico Roth Iceram Peca 13 .022\"', '\r', 15, 1),
(2429, '7898488902632', 13, 5, 'Reposicao Ceramico Roth Iceram Peca 12 .022\"', '\r', 15, 1),
(2430, '7898488902656', 13, 5, 'Reposicao Ceramico Roth Iceram Peca 21 .022\"', '\r', 15, 1),
(2431, '7898488902663', 13, 4, 'Reposicao Ceramico Roth Iceram Peca 22 .022\"', '\r', 15, 1),
(2432, '7898488902670', 13, 5, 'Reposicao Ceramico Roth Iceram Peca 23 .022\"', '\r', 15, 1),
(2433, '7898488902687', 13, 7, 'Reposicao Ceramico Roth Iceram Peca 15/14 .022\"', '\r', 15, 1),
(2434, '7898488902694', 13, 2, 'Reposicao Ceramico Roth Iceram Peca 45 .022\"', '\r', 15, 1),
(2435, '7898488902700', 13, 2, 'Reposicao Ceramico Roth Iceram Peca 44 .022\"', '\r', 15, 1),
(2436, '7898488902717', 13, 3, 'Reposicao Ceramico Roth Iceram Peca 43 .022\"', '\r', 15, 1),
(2437, '7898488902724', 13, 6, 'Reposicao Ceramico Roth Iceram Peca 31/32/41/42 .022\"', '\r', 15, 1),
(2438, '7898488902731', 13, 2, 'Reposicao Ceramico Roth Iceram Peca 33 .022\"', '\r', 15, 1),
(2439, '7898488902748', 13, 2, 'Reposicao Ceramico Roth Iceram Peca 34 .022\"', '\r', 15, 1),
(2440, '7898488902755', 13, 3, 'Reposicao Ceramico Roth Iceram Peca 35 .022\"', '\r', 15, 1),
(2441, '7898488903578', 37, 10, 'Arco Braided Superior 0.16 x 0.22', '\r', 39, 1),
(2442, '7898488903585', 37, 8, 'Arco Braided Inferior 0.16 x 0.22', '\r', 39, 1),
(2443, '7898488903592', 37, 11, 'Arco Braided Superior 0.17 x 0.25', '\r', 39, 1),
(2444, '7898488903608', 37, 16, 'Arco Braided Inferior 0.17 x 0.25', '\r', 39, 1),
(2445, '7898488903615', 37, 15, 'Arco Braided Superior 0.18 x 0.25', '\r', 39, 1),
(2446, '7898488903622', 37, 19, 'Arco Braided Inferior 0.18 x 0.25', '\r', 39, 1),
(2447, '7898488903639', 37, 11, 'Arco Braided Superior 0.19 x 0.25', '\r', 39, 1),
(2448, '7898488903646', 37, 11, 'Arco Braided Inferior 0.19 x 0.25', '\r', 39, 1),
(2449, '7898488903653', 37, 19, 'Arco Braided Superior 0.21 x 0.25', '\r', 39, 1),
(2450, '7898488903660', 37, 10, 'Arco Braided Inferior 0.21 x 0.25', '\r', 39, 1),
(2451, '7898488904469', 27.5, 40, 'Braquetes Metalico Roth Advenced .022\"', 'Roth \r', 16, 1),
(2452, '7898488904483', 11.6, 4, 'Reposicao Metalico Roth Advanced Peca 12 .022\"', '\r', 15, 1),
(2453, '7898488904490', 15, 2, 'Reposicao Metalico Roth Advanced Peca 13 .022\"', '\r', 15, 1),
(2454, '7898488904506', 15, 45, 'Reposicao Metalico Roth Advanced Peca 15/14 .022\"', '\r', 15, 1),
(2455, '7898488904513', 11.6, 2, 'Reposicao Metalico Roth Advanced Peca 21  .022\"', '\r', 15, 1),
(2456, '7898488904520', 11.6, 6, 'Reposicao Metalico Roth Advanced Peca 22  .022\"', '\r', 15, 1),
(2457, '7898488904537', 15, 4, 'Reposicao Metalico Roth Advanced Peca 23  .022\"', '\r', 15, 1),
(2458, '7898488904544', 15, 37, 'Reposicao Metalico Roth Advanced Peca 24/25 .022\"', '\r', 15, 1),
(2459, '7898488904551', 11.6, 3, 'Reposicao Metalico Roth Advanced Peca 31/32/42/41  .022\"', '\r', 15, 1),
(2460, '7898488904568', 15, 5, 'Reposicao Metalico Roth Advanced Peca 43 .022\"', '\r', 15, 1),
(2461, '7898488904575', 15, 5, 'Reposicao Metalico Roth Advanced Peca 44  .022\"', '\r', 15, 1),
(2462, '7898488904582', 15, 3, 'Reposicao Metalico Roth Advanced Peca 45 .022\"', '\r', 15, 1),
(2463, '7898488904599', 15, 3, 'Reposicao Metalico Roth Advanced Peca 33  .022\"', '\r', 15, 1),
(2464, '7898488904605', 15, 3, 'Reposicao Metalico Roth Advanced Peca 34  .022\"', '\r', 15, 1),
(2465, '7898488904612', 15, 3, 'Reposicao Metalico Roth Advanced Peca 35  .022\"', '\r', 15, 1),
(2466, '7898488904629', 27.5, 9, 'Braquetes Metalico MBT Advenced .022\"', 'Mbt\r', 16, 1),
(2467, '7898488905046', 350, 0, 'Alicate Corte Distal', '\r', 41, 1),
(2468, '7898488905053', 350, 1, 'Alicate Corte Amarrilho', '\r', 41, 1),
(2469, '7898488905992', 550, 7, 'Braquetes Safiro Roth Iceram S .022\"', 'Roth \r', 16, 1),
(2470, '7898488906296', 13, 5, 'Reposicao Ceramico Roth Iceram Peca 11 .022\"', '\r', 15, 1),
(2471, '7898488907019', 35.5, 3, 'Reposicao Safiro Roth IceramS Peca 12 .022\"', '\r', 15, 1),
(2472, '7898488907026', 35.5, 5, 'Reposicao Safiro Roth IceramS Peca 13 .022\"', '\r', 15, 1),
(2473, '7898488907033', 35.5, 5, 'Reposicao Safiro Roth IceramS Peca 15/14 .022\"', '\r', 15, 1),
(2474, '7898488907040', 35.5, 2, 'Reposicao Safiro Roth IceramS Peca 21 .022\"', '\r', 15, 1),
(2475, '7898488907057', 35.5, 3, 'Reposicao Safiro Roth IceramS Peca 22 .022\"', '\r', 15, 1),
(2476, '7898488907064', 35.5, 8, 'Reposicao Safiro Roth IceramS Peca 23 .022\"', '\r', 15, 1),
(2477, '7898488907071', 35.5, 5, 'Reposicao Safiro Roth IceramS Peca 24/25 .022\"', '\r', 15, 1),
(2478, '7898488907088', 35.5, 5, 'Reposicao Safira Roth IceramS Peca 31/32/41/42 .022\"', '\r', 15, 1),
(2479, '7898488907095', 35.5, 2, 'Reposicao Safiro Roth IceramS Peca 43 .022\"', '\r', 15, 1),
(2480, '7898488907101', 35.5, 2, 'Reposicao Safiro Roth IceramS Peca 44 .022\"', '\r', 15, 1),
(2481, '7898488907118', 35.5, 0, 'Reposicao Safiro Roth IceramS Peca 45 .022\"', '\r', 15, 1),
(2482, '7898488907125', 35.5, 7, 'Reposicao Safiro Roth IceramS Peca 33 .022\"', '\r', 15, 1),
(2483, '7898488907132', 35.5, 7, 'Reposicao Safiro Roth IceramS Peca 34 .022\"', '\r', 15, 1),
(2484, '7898488907149', 35.5, 4, 'Reposicao Safiro Roth IceramS Peca 35 .022\"', '\r', 15, 1),
(2485, '7898488907170', 35, 20, 'Reposicao Safiro Roth IceramS Peca 11 .022\"', '\r', 15, 1),
(2486, '7898488907187', 240, 1, 'Braquetes Metalico Roth Advenced+1 caso de Brinde .022\"', 'Roth \r', 16, 1),
(2487, '7898488908801', 28, 13, 'Tubo Roth Cola Simples Conversivel 16', '\r', 17, 1),
(2488, '7898488908818', 28, 17, 'Tubo Roth Cola Simples Conversivel 26', '\r', 17, 1),
(2489, '7898488908825', 28, 15, 'Tubo Roth Cola Simples Conversivel 46', '\r', 17, 1),
(2490, '7898488908832', 28, 18, 'Tubo Roth Cola Simples Conversivel 36', '\r', 17, 1),
(2491, '7898488908849', 28, 15, 'Tubo Roth Cola Simples Peca 17', '\r', 17, 1),
(2492, '7898488908856', 28, 10, 'Tubo Roth Cola Simples Peca 27', '\r', 17, 1),
(2493, '7898488908863', 28, 15, 'Tubo Roth Cola Simples Peca 47', '\r', 17, 1),
(2494, '7898488908870', 28, 13, 'Tubo Roth Cola Simples Peca 37', '\r', 17, 1),
(2495, '7898488908887', 28, 8, 'Tubo MBT Cola Simples Peca 17', '\r', 17, 1),
(2496, '7898488908894', 28, 5, 'Tubo MBT Cola Simples Peca 27', '\r', 17, 1),
(2497, '7898488908900', 28, 5, 'Tubo MBT Cola Simples Peca 47', '\r', 17, 1),
(2498, '7898488908917', 28, 5, 'Tubo MBT Cola Simples Peca 37', '\r', 17, 1),
(2499, '7898488908924', 28, 14, 'Tubo Roth Cola Simples Peca 16', '\r', 17, 1),
(2500, '7898488908948', 28, 12, 'Tubo Roth Cola Simples Peca 46', '\r', 17, 1),
(2501, '7898488908955', 28, 19, 'Tubo Roth Cola Simples Peca 36', '\r', 17, 1),
(2502, '7898488908962', 28, 5, 'Tubo MBT Cola Simples Peca 16', '\r', 17, 1),
(2503, '7898488908979', 28, 5, 'Tubo MBT Cola Simples Peca 26', '\r', 17, 1),
(2504, '7898488908986', 28, 5, 'Tubo MBT Cola Simples Peca 46', '\r', 17, 1),
(2505, '7898488908993', 28, 6, 'Tubo MBT Cola Simples Peca 36', '\r', 17, 1),
(2506, '7898488909006', 30.5, 13, 'Tubo Roth Cola Duplo Peca 16', '\r', 17, 1),
(2507, '7898488909013', 30.5, 10, 'Tubo Roth Cola Duplo Peca 26', '\r', 17, 1),
(2508, '7898488909020', 30.5, 12, 'Tubo Roth Cola Duplo Peca 46', '\r', 17, 1),
(2509, '7898488909037', 30.5, 9, 'Tubo Roth Cola Duplo Peca 36', '\r', 17, 1),
(2510, '7898488909549', 300, 1, 'Braquetes Ceramico Roth Iceram Solt Meta .022\"', 'Roth \r', 16, 1),
(2511, '7898488914307', 65, 10, 'Suporte Alicate Com Tampa Cor Cristal', '\r', 27, 1),
(2512, '7898488923125', 11.6, 6, 'Reposicao Metalico Roth Advanced Peca 11 .022\"', '\r', 15, 1),
(2513, '7898488923163', 28, 11, 'Tubo Roth Cola Simples Peca 26', '\r', 17, 1),
(2514, '7898488923194', 25, 9, 'Arco Curva Reversa Inferior 0.12', '\r', 39, 1),
(2515, '7898488923200', 25, 17, 'Arco Curva Reversa Inferior 0.14', '\r', 39, 1),
(2516, '7898488923217', 25, 12, 'Arco Curva Reversa Inferior 0.16', '\r', 39, 1),
(2517, '7898488923224', 25, 16, 'Arco Curva Reversa Inferior 0.18', '\r', 39, 1),
(2518, '7898488923231', 25, 4, 'Arco Curva Reversa Inferior 0.20', '\r', 39, 1),
(2519, '7898488923248', 26, 4, 'Arco Curva Reversa Inferior 0.16 x 0.16', '\r', 39, 1),
(2520, '7898488923255', 26, 12, 'Arco Curva Reversa Inferior 0.16 x 0.22', '\r', 39, 1),
(2521, '7898488923262', 26, 14, 'Arco Curva Reversa Inferior 0.17 x 0.25', '\r', 39, 1),
(2522, '7898488923279', 26, 12, 'Arco Curva Reversa Inferior 0.18 x 0.25', '\r', 39, 1),
(2523, '7898488923286', 26, 20, 'Arco Curva Reversa Inferior 0.19 x 0.25', '\r', 39, 1),
(2524, '7898488923309', 25, 9, 'Arco Curva Reversa Superior 0.12', '\r', 39, 1),
(2525, '7898488923316', 25, 12, 'Arco Curva Reversa Superior 0.14', '\r', 39, 1),
(2526, '7898488923323', 25, 11, 'Arco Curva Reversa Superior 0.16', '\r', 39, 1),
(2527, '7898488923330', 25, 12, 'Arco Curva Reversa Superior 0.18', '\r', 39, 1);
INSERT INTO `produto` (`id_produto`, `barcode`, `preco`, `estoque`, `especificacao`, `tipo`, `id_subgrupo`, `id_marca`) VALUES
(2528, '7898488923347', 25, 10, 'Arco Curva Reversa Superior 0.20', '\r', 39, 1),
(2529, '7898488923354', 26, 4, 'Arco Curva Reversa Superior 0.16 x 0.16', '\r', 39, 1),
(2530, '7898488923361', 26, 10, 'Arco Curva Reversa Superior 0.16 x 0.22', '\r', 39, 1),
(2531, '7898488923378', 26, 12, 'Arco Curva Reversa Superior 0.17 x 0.25', '\r', 39, 1),
(2532, '7898488923385', 26, 17, 'Arco Curva Reversa Superior 0.18 x 0.25', '\r', 39, 1),
(2533, '7898488923392', 26, 24, 'Arco Curva Reversa Superior 0.19 x 0.25', '\r', 39, 1),
(2534, '7898488928168', 1100, 2, 'Braquetes Metalico Roth Advenced .022\"', 'Roth \r', 16, 1),
(2535, '7898488929103', 36, 5, 'Arco Copper Niti Superior 0.12', '\r', 39, 1),
(2536, '7898488929110', 36, 5, 'Arco Copper Niti Superior 0.14', '\r', 39, 1),
(2537, '7898488929127', 36, 5, 'Arco Copper Niti Superior 0.16', '\r', 39, 1),
(2538, '7898488929134', 36, 6, 'Arco Copper Niti Superior 0.18', '\r', 39, 1),
(2539, '7898488929172', 55, 3, 'Arco Copper Niti Superior 0.17 x 0.25', '\r', 39, 1),
(2540, '7898488929189', 55, 5, 'Arco Copper Niti Superior 0.18 x 0.25', '\r', 39, 1),
(2541, '7898488929219', 36, 4, 'Arco Copper Niti Inferior 0.12', '\r', 39, 1),
(2542, '7898488929226', 36, 6, 'Arco Copper Niti Inferior 0.14', '\r', 39, 1),
(2543, '7898488929233', 36, 5, 'Arco Copper Niti Inferior 0.16', '\r', 39, 1),
(2544, '7898488929240', 36, 5, 'Arco Copper Niti Inferior 0.18', '\r', 39, 1),
(2545, '7898488929288', 55, 5, 'Arco Copper Niti Inferior 0.17 x 0.25', '\r', 39, 1),
(2546, '7898488929295', 55, 5, 'Arco Copper Niti Inferior 0.18 x 0.25', '\r', 39, 1),
(2547, '7898488932196', 55, 5, 'Arco Copper Niti Superior 0.14 x 0.25', '\r', 39, 1),
(2548, '7898488932202', 55, 5, 'Arco Copper Niti Superior 0.16 x 0.25', '\r', 39, 1),
(2549, '7898488932219', 55, 7, 'Arco Copper Niti Inferior 0.14 x 0.25', '\r', 39, 1),
(2550, '7898488932226', 55, 5, 'Arco Copper Niti Inferior 0.16 x 0.25', '\r', 39, 1),
(2551, '7898488938594', 599, 0, 'Braquetes Safira MBT Iceram S .022\"', 'Mbt\r', 16, 1),
(2552, '7898488943598', 60, 1, 'Reposicao Autoliado Ceramico Roth SLB Peca Peca 12 .022\"', '\r', 15, 1),
(2553, '7898488943611', 60, 1, 'Reposicao Autoliado Ceramico Roth SLB Peca 14/15 .022\"', '\r', 15, 1),
(2554, '7898488943666', 60, 1, 'Reposicao Autoliado Ceramico Roth SLB Peca 31/32/41/42 .022\"', '\r', 15, 1),
(2555, '7898488943710', 60, 1, 'Reposicao Autoliado Ceramico Roth SLB Peca 44 .022\"', '\r', 15, 1),
(2556, '7898488944380', 250, 1, 'Alicate 120 Weingart', '\r', 41, 1),
(2557, '7898488945103', 650, 9, 'Braquetes Autoligado Ceramico Roth SLB .022\"', 'Roth \r', 16, 1),
(2558, '7898488948456', 65, 16, 'Braquetes Metalico Roth Premium Elite .022\"', 'Roth 2\r', 16, 1),
(2559, '7898488948623', 65, 1, 'Braquetes Metalico MBT Premium Elite .022\"', 'Mbt 2\r', 16, 1),
(2560, '7898488949385', 5.5, 14, 'Ligadura Bengalinha Azul', 'Azul\r', 6, 1),
(2561, '7898488949392', 5.5, 9, 'Ligadura Bengalinha Vermelho', 'Vermelho\r', 6, 1),
(2562, '7898488949408', 5.5, 4, 'Ligadura Bengalinha Rosa Pink', 'Rosa pink\r', 6, 1),
(2563, '7898488949415', 5.5, 24, 'Ligadura Bengalinha Preto', 'Preto\r', 6, 1),
(2564, '7898488949422', 5.5, 28, 'Ligadura Bengalinha Verde Mar', 'Verde mar\r', 6, 1),
(2565, '7898488949439', 5.5, 20, 'Ligadura Bengalinha Verde Cristal', 'Verde cristal\r', 6, 1),
(2566, '7898488949446', 5.5, 4, 'Ligadura Bengalinha Pink Cristal', 'Pink crisatal\r', 6, 1),
(2567, '7898488949453', 5.5, 16, 'Ligadura Bengalinha Cinza', 'Cinza\r', 6, 1),
(2568, '7898488949460', 5.5, 31, 'Ligadura Bengalinha Trasmparente', 'Trasmparente\r', 6, 1),
(2569, '7898488949477', 5.5, 14, 'Ligadura Bengalinha Azul Cristal', 'Azul crisatal\r', 6, 1),
(2570, '7898488949484', 5.5, 12, 'Ligadura Bengalinha Azul Marinho', 'Azul marinho\r', 6, 1),
(2571, '7898488949491', 5.5, 2, 'Ligadura Bengalinha Roxo', 'Roxo\r', 6, 1),
(2572, '7898488949507', 5.5, 13, 'Ligadura Bengalinha Branco', '\r', 6, 1),
(2573, '7898488949514', 5.5, 5, 'Ligadura Bengalinha Amarelo', 'Amarelo\r', 6, 1),
(2574, '7898488949521', 5.5, 6, 'Ligadura Bengalinha Amarelo Cristal', 'Amarelo cristal\r', 6, 1),
(2575, '7898488949538', 5.5, 11, 'Ligadura Bengalinha Lilas', 'Lilas\r', 6, 1),
(2576, '7898488949545', 5.5, 4, 'Ligadura Bengalinha Amarelo Limao', 'Amarelo limao\r', 6, 1),
(2577, '7898488949552', 5.5, 7, 'Ligadura Bengalinha Prata', 'Prata\r', 6, 1),
(2578, '7898488949569', 5.5, 1, 'Ligadura Bengalinha Rosa Cristal', 'Rosa cristal\r', 6, 1),
(2579, '7898488949576', 5.5, 20, 'Ligadura Bengalinha Azul Bebe', 'Azul bebe\r', 6, 1),
(2580, '7898488949583', 5.5, 11, 'Ligadura Bengalinha Rosa Bebe', 'Rosa bebe\r', 6, 1),
(2581, '7898488949590', 5.5, 6, 'Ligadura Bengalinha Vermelho Cristal', 'Vermelho cristal\r', 6, 1),
(2582, '7898488949606', 5.5, 15, 'Ligadura Bengalinha Larnaja Cristal', 'Laranja crisatal\r', 6, 1),
(2583, '7898488949613', 5.5, 9, 'Ligadura Bengalinha Pearl', 'Pearl\r', 6, 1),
(2584, '7898488949620', 5.5, 5, 'Ligadura Bengalinha Pearl Blue', 'Pearl blue\r', 6, 1),
(2585, '7898488949637', 5.5, 42, 'Ligadura Bengalinha Sortido', 'Sortido\r', 6, 1),
(2586, '7898488949903', 5.5, 27, 'Elastico Intra Oral 1/8 Leve', '\r', 6, 1),
(2587, '7898488949910', 6.5, 12, 'Elastico Intra Oral 3/16 Leve', '\r', 6, 1),
(2588, '7898488949934', 10, 16, 'Elastico Intra Oral 5/16 Leve', '\r', 6, 1),
(2589, '7898488949965', 5.5, 23, 'Elastico Intra Oral 1/8 Media', '\r', 6, 1),
(2590, '7898488949972', 6.5, 27, 'Elastico Intra Oral 3/16 Media', '\r', 6, 1),
(2591, '7898488949989', 7.5, 9, 'Elastico Intra Oral 1/4 Medio', '\r', 6, 1),
(2592, '7898488949996', 10, 8, 'Elastico Intra Oral 5/16 Medio', '\r', 6, 1),
(2593, '7898488950022', 5.5, 24, 'Elastico Intra Oral 1/8 Pesado', '\r', 6, 1),
(2594, '7898488950039', 6.5, 16, 'Elastico Intra Oral 3/16 Pesado', '\r', 6, 1),
(2595, '7898488950046', 7.5, 14, 'Elastico Intra Oral 1/4 Pesado', '\r', 6, 1),
(2596, '7898488950053', 10, 10, 'Elastico Intra Oral 5/16 Pesodo', '\r', 6, 1),
(2597, '7898488950091', 8.5, 9, 'Elastico Extra Oral 1/2 Media', '\r', 6, 1),
(2598, '7898488950565', 5.5, 40, 'Ligadura Bengalinha Sortido Cristal', 'Sortido cristal\r', 6, 1),
(2599, '7898488950589', 8.5, 0, 'Elastico Corrente Curto Azul', 'Azul\r', 6, 1),
(2600, '7898488950596', 8.5, 1, 'Elastico Corrente Curto Vermelho', 'Vermelho\r', 6, 1),
(2601, '7898488950602', 8.5, 1, 'Elastico Corrente Curto Rosa Pink', 'Rosa pink\r', 6, 1),
(2602, '7898488950619', 8.5, 0, 'Elastico Corrente Curto Preto', 'Preto\r', 6, 1),
(2603, '7898488950626', 8.5, 0, 'Elastico Corrente Curto Verde Mar', 'Verde mar\r', 6, 1),
(2604, '7898488950633', 8.5, 1, 'Elastico Corrente Curto Verde Cristal', 'Verde cristal\r', 6, 1),
(2605, '7898488950640', 8.5, 2, 'Elastico Corrente Curto Pink Cristal', 'Pink crisatal\r', 6, 1),
(2606, '7898488950657', 8.5, 1, 'Elastico Corrente Curto Cinza', 'Cinza\r', 6, 1),
(2607, '7898488950671', 8.5, 1, 'Elastico Corrente Curto Azul Cristal', 'Azul crisatal\r', 6, 1),
(2608, '7898488950688', 8.5, 2, 'Elastico Corrente Curto Azul Marinho', 'Azul marinho\r', 6, 1),
(2609, '7898488950695', 8.5, 1, 'Elastico Corrente Curto Roxo', 'Roxo\r', 6, 1),
(2610, '7898488950701', 8.5, 2, 'Elastico Corrente Curto Branco', 'Branco\r', 6, 1),
(2611, '7898488950725', 8.5, 4, 'Elastico Corrente Curto Amrelo Cristal', 'Amarelo cristal\r', 6, 1),
(2612, '7898488950732', 8.5, 2, 'Elastico Corrente Curto Lilas', 'Lilas\r', 6, 1),
(2613, '7898488950749', 8.5, 2, 'Elastico Corrente Curto Amrelo Limao', 'Amarelo limao\r', 6, 1),
(2614, '7898488950756', 8.5, 2, 'Elastico Corrente Curto Prata', 'Prata\r', 6, 1),
(2615, '7898488950763', 8.5, 0, 'Elastico Corrente Curto Rosa Cristal', 'Rosa cristal\r', 6, 1),
(2616, '7898488950770', 8.5, 1, 'Elastico Corrente Curto Azul Bebe', 'Azul bebe\r', 6, 1),
(2617, '7898488950787', 8.5, 0, 'Elastico Corrente Curto Rosa Bebe', 'Rosa bebe\r', 6, 1),
(2618, '7898488950794', 8.5, 0, 'Elastico Corrente Curto Vermelho Cristal', 'Vermelho cristal\r', 6, 1),
(2619, '7898488950800', 8.5, 1, 'Elastico Corrente Curto Laranja Cristal', 'Laranja crisatal\r', 6, 1),
(2620, '7898488950817', 8.5, 2, 'Elastico Corrente Curto Pearl', 'Pearl\r', 6, 1),
(2621, '7898488950824', 8.5, 1, 'Elastico Corrente Curto Pearl Blue', 'Pearl blue\r', 6, 1),
(2622, '7898488950831', 24.5, 1, 'Elastico Corrente Curto Trasmparente', 'Trasmparente\r', 6, 1),
(2623, '7898488950862', 8.5, 3, 'Elastico Corrente Medio Azul', 'Azul\r', 6, 1),
(2624, '7898488950879', 8.5, 3, 'Elastico Corrente Medio Vermelho', 'Vermelho\r', 6, 1),
(2625, '7898488950886', 8.5, 3, 'Elastico Corrente Medio Rosa Pink', 'Rosa pink\r', 6, 1),
(2626, '7898488950893', 8.5, 2, 'Elastico Corrente Medio Preto', 'Preto\r', 6, 1),
(2627, '7898488950909', 8.5, 3, 'Elastico Corrente Medio Verde Mar', 'Verde mar\r', 6, 1),
(2628, '7898488950916', 8.5, 2, 'Elastico Corrente Medio Verde Cristal', 'Verde cristal\r', 6, 1),
(2629, '7898488950923', 8.5, 2, 'Elastico Corrente Medio Pink Cristal', 'Pink crisatal\r', 6, 1),
(2630, '7898488950930', 8.5, 3, 'Elastico Corrente Medio Cinza', 'Cinza\r', 6, 1),
(2631, '7898488950954', 8.5, 3, 'Elastico Corrente Medio Azul Cristal', 'Azul crisatal\r', 6, 1),
(2632, '7898488950961', 8.5, 3, 'Elastico Corrente Medio Azul Marinho', 'Azul marinho\r', 6, 1),
(2633, '7898488950978', 8.5, 3, 'Elastico Corrente Medio Roxo', 'Roxo\r', 6, 1),
(2634, '7898488950985', 8.5, 5, 'Elastico Corrente Medio Branco', 'Branco\r', 6, 1),
(2635, '7898488951005', 8.5, 5, 'Elastico Corrente Medio Amarelo Cristal', 'Amarelo cristal\r', 6, 1),
(2636, '7898488951012', 8.5, 3, 'Elastico Corrente Medio Lilas', 'Lilas\r', 6, 1),
(2637, '7898488951029', 8.5, 2, 'Elastico Corrente Medio Amrelo Limao', 'Amarelo limao\r', 6, 1),
(2638, '7898488951036', 8.5, 2, 'Elastico Corrente Medio Prata', 'Prata\r', 6, 1),
(2639, '7898488951043', 8.5, 3, 'Elastico Corrente Medio Rosa Cristal', 'Rosa cristal\r', 6, 1),
(2640, '7898488951050', 8.5, 3, 'Elastico Corrente Medio Azul Bebe', 'Azul bebe\r', 6, 1),
(2641, '7898488951067', 8.5, 1, 'Elastico Corrente Medio Rosa Bebe', 'Rosa bebe\r', 6, 1),
(2642, '7898488951074', 8.5, 3, 'Elastico Corrente Medio Vermelho Cristal', 'Vermelho cristal\r', 6, 1),
(2643, '7898488951081', 8.5, 2, 'Elastico Corrente Medio Laranja Cristal', 'Laranja crisatal\r', 6, 1),
(2644, '7898488951098', 8.5, 3, 'Elastico Corrente Medio Pearl', 'Pearl\r', 6, 1),
(2645, '7898488951104', 8.5, 3, 'Elastico Corrente Medio Pearl Blue', 'Pearl blue\r', 6, 1),
(2646, '7898488951111', 24.5, 4, 'Elastico Corrente Medio Trasmparente', 'Trasmparente\r', 6, 1),
(2647, '7898488951142', 8.5, 1, 'Elastico Corrente Longo Azul', 'Azul\r', 6, 1),
(2648, '7898488951159', 8.5, 2, 'Elastico Corrente Longo Vermelho', 'Vermelho\r', 6, 1),
(2649, '7898488951166', 8.5, 1, 'Elastico Corrente Longo Rosa Pink', 'Rosa pink\r', 6, 1),
(2650, '7898488951180', 8.5, 1, 'Elastico Corrente Longo Verde Mar', 'Verde mar\r', 6, 1),
(2651, '7898488951197', 8.5, 1, 'Elastico Corrente Longo Verde Cristal', 'Verde cristal\r', 6, 1),
(2652, '7898488951203', 8.5, 1, 'Elastico Corrente Longo Pink Cristal', 'Pink crisatal\r', 6, 1),
(2653, '7898488951234', 8.5, 1, 'Elastico Corrente Longo Azul Cristal', 'Azul crisatal\r', 6, 1),
(2654, '7898488951241', 8.5, 2, 'Elastico Corrente Longo Azul Marinho', 'Azul marinho\r', 6, 1),
(2655, '7898488951289', 8.5, 2, 'Elastico Corrente Longo Amarelo Cristal', 'Amarelo cristal\r', 6, 1),
(2656, '7898488951302', 8.5, 2, 'Elastico Corrente Longo Amarelo Limao', 'Amarelo limao\r', 6, 1),
(2657, '7898488951319', 8.5, 1, 'Elastico Corrente Longo Prata', 'Prata\r', 6, 1),
(2658, '7898488951326', 8.5, 5, 'Elastico Corrente Longo Rosa Cristal', 'Rosa cristal\r', 6, 1),
(2659, '7898488951333', 8.5, 1, 'Elastico Corrente Longo Azul Bebe', 'Azul bebe\r', 6, 1),
(2660, '7898488951340', 8.5, 3, 'Elastico Corrente Longo Rosa Bebe', 'Rosa bebe\r', 6, 1),
(2661, '7898488951371', 8.5, 2, 'Elastico Corrente Longo Pearl', 'Pearl\r', 6, 1),
(2662, '7898488951388', 8.5, 3, 'Elastico Corrente Longo Pearl Blue', 'Pearl blue\r', 6, 1),
(2663, '7898488951395', 24.5, 2, 'Elastico Corrente Longo Transparente', 'Trasmparente\r', 6, 1),
(2664, '7898488951555', 3000, 1, 'Fotoplimerizador LEDX-T 2400', '\r', 18, 1),
(2665, '7898488952781', 15, 1, 'Embalagem Para Elastico Paciente', '\r', 27, 1),
(2666, '7898488955744', 68, 11, 'Broca de Alta Rotacao para Remocao', '\r', 38, 1),
(2667, '7898488957977', 199, 4, 'Braquetes Autoligado Roth Orthoclip Ultra P .022\"', 'Roth \r', 16, 1),
(2668, '7898488958141', 199, 5, 'Braquetes Autoligado Metalico MBT Orthoclip Ultra P .022\"', 'Mbt\r', 16, 1),
(2669, '7898488958394', 89, 27, 'Braquetes Ceramico Roth Ice Clear .022\"', 'Roth 2\r', 16, 1),
(2670, '7898488976909', 210, 1, 'Braquetes Metalico Roth Advenced .022\"', 'Roth \r', 16, 1),
(2671, '7898488976916', 210, 2, 'Braquetes Metalico MBT Advenced .022\"', 'Mbt\r', 16, 1),
(2672, '7898488985178', 270, 10, 'Braquetes Metalico Roth Advenced + Brinde 20 Arcos Nit e 10 Bengalinhas .022\"', 'Roth \r', 16, 1),
(2673, '7898488989343', 24, 13, 'Tubo Roth Cola Simples Advanced  Peca 16/17', 'Especial\r', 17, 1),
(2674, '7898488989350', 24, 12, 'Tubo Roth Cola Simples Advanced  Peca 26/27', 'Especial\r', 17, 1),
(2675, '7898488989367', 24, 11, 'Tubo Roth Cola Simples Advanced  Peca 36/37', 'Especial\r', 17, 1),
(2676, '7898488989374', 24, 12, 'Tubo Roth Cola Simples Advanced  Peca 46/47', 'Especial\r', 17, 1),
(2677, '7898488989749', 2000, 4, 'Braquetes Metalico Roth Advanced + 10 casos de Breinde .022\"', 'Roth \r', 16, 1),
(2678, '7898510673141', 25, 0, 'Haste do Soro Fisiologico Produto', 'Especial\r', 18, 45),
(2679, '7898510770703', 510, 2, 'Micro Motor Mi 01', '\r', 18, 4),
(2680, '7898510770888', 420, 0, 'Contra Angulo Intra Trava Broca FX 110 1:1', '\r', 18, 4),
(2681, '7898510776545', 1150, 1, 'Contra Angulo para Implante Push Button FX 200 PB 20:1', '\r', 18, 4),
(2682, '7898510776859', 6200, 0, 'Motor Para Implante D Force 1000', '\r', 18, 4),
(2683, '7898510777078', 1950, 0, 'Peca Angulada Cirurgica SXA 1101.2', '\r', 18, 4),
(2684, '7898510777153', 409, 0, 'Peca Reta Intra PR 01', '\r', 18, 4),
(2685, '7898510777245', 1499, 1, 'Kit Academico Cor Rosa', '\r', 95, 4),
(2686, '7898510777801', 900, 0, 'Caneta Puch Button Led Sigma Air 4S', 'Espesial 2\r', 18, 4),
(2687, '7898510777856', 145, 1, 'Seringa Triplice', '\r', 18, 4),
(2688, '7898510779133', 24, 7, 'Saca Broca Universal', '\r', 18, 4),
(2689, '7898510779294', 390, 0, 'Jato Para Bicarbonato Jetflex', '\r', 18, 4),
(2690, '7898510779775', 600, 4, 'Cavitador Neumatico Cavflex 6000', '\r', 18, 4),
(2691, '7898510779799', 1499, 1, 'Kit Academico Cor Prata', '\r', 95, 4),
(2692, '7898510779935', 499, 0, 'Caneta Saca Broca Sigma Air 3S', '\r', 18, 4),
(2693, '7898510779966', 520, 0, 'Caneta Puch Button Sigma Air 3S', 'Especial\r', 18, 4),
(2694, '7898561540010', 37.9, 1, 'Edta Gel 24%', 'Especial\r', 67, 1),
(2695, '7898561540027', 19.9, 16, 'Pasta Polimento Diamond Universal', '\r', 45, 1),
(2696, '7898561540126', 19.9, 15, 'Barreira Gengival Max Dam Azul', '\r', 49, 1),
(2697, '7898561540195', 5.9, 12, 'Hidroxido de Calcio P.A', '\r', 21, 1),
(2698, '7898561540201', 33.9, 11, 'Idoformio', '\r', 67, 1),
(2699, '7898561540218', 25, 2, 'Pino Para Moldagem', '\r', 50, 1),
(2700, '7898561540263', 10.5, 2, 'Paramonoclorofenol Canforado', '\r', 67, 1),
(2701, '7898561540270', 19.9, 19, 'Tira de Lixa Resina Airon', '\r', 45, 1),
(2702, '7898561540287', 24.9, 12, 'Silano', '\r', 62, 1),
(2703, '7898561540294', 14, 10, 'Clorhexidina Gel 2%', '\r', 68, 1),
(2704, '7898561540393', 34, 3, 'Evidenciador de Carie Visicarie', '\r', 64, 1),
(2705, '7898561540577', 10.5, 3, 'Afastador Expandex Infantil cor Branco', '\r', 32, 1),
(2706, '7898561540591', 22, 3, 'Afastador Flex Tamanho Gande', '\r', 32, 1),
(2707, '7898561540614', 9.9, 5, 'Arco Young Adulto Pastico Autoclavavel', '\r', 80, 1),
(2708, '7898561540621', 9.99, 4, 'Tigela de Borracha Azul Gande', '\r', 96, 1),
(2709, '7898561540652', 8.99, 2, 'Tigela de Borracha Azul Media', '\r', 96, 1),
(2710, '7898561540683', 7.99, 5, 'Tigela de Borracha Azul Pequena', '\r', 96, 1),
(2711, '7898561540799', 59, 0, 'Moldeira Plastica Kit', '\r', 58, 1),
(2712, '7898561540904', 9.99, 22, 'Tigela de Borracha Rosa Grande', '\r', 96, 1),
(2713, '7898561540911', 8.99, 62, 'Tigela de Borracha Rosa Media', '\r', 96, 1),
(2714, '7898561540928', 7.99, 4, 'Tigela de Borracha Rosa Pequena', '\r', 96, 1),
(2715, '7898561540942', 2.3, 5, 'Espatula Pastica Azul', '\r', 87, 1),
(2716, '7898561540973', 2.3, 6, 'Espatula Pastica Rosa', '\r', 87, 1),
(2717, '7898561541062', 14, 14, 'Caixa para Elastico com Posicionador Sortida', '\r', 27, 1),
(2718, '7898561541185', 10.9, 1, 'Abridor De Boca Abritec cor Azul', '\r', 32, 1),
(2719, '7898561541192', 10.9, 2, 'Abridor De Boca Abritec cor Rosa', '\r', 32, 1),
(2720, '7898561541260', 38.9, 2, 'Mascara Para Tracao Reversa Cinza', '\r', 54, 1),
(2721, '7898561541277', 38.9, 3, 'Mascara Para Tracao Reversa Rosa', '\r', 54, 1),
(2722, '7898561541284', 38.9, 2, 'Mascara Para Tracao Reversa Azul', '\r', 54, 1),
(2723, '7898561541291', 4, 5, 'Adesivo Para Mascara Facial cor Azul', '\r', 54, 1),
(2724, '7898561541369', 25, 4, 'Broqueiro em Aluminio para 21 Brocas FG', '\r', 97, 1),
(2725, '7898561541376', 25, 4, 'Broqueiro Em Aluminio Para 21 Broca FG/CA', '\r', 97, 1),
(2726, '7898561541383', 45, 2, 'Broqueiro Em Aluminio Para 60 Brocas FG', '\r', 97, 1),
(2727, '7898561541420', 16.9, 13, 'Tamborel Refil', '\r', 82, 1),
(2728, '7898561541437', 17.9, 30, 'Tamborel De Aluninio', '\r', 82, 1),
(2729, '7898561541444', 9.9, 3, 'Dispositivo de Mordida para Posicionador Radiografico', 'Especial\r', 23, 1),
(2730, '7898561541482', 13.5, 5, 'Prendedor de Babador Jacare Corrente', '\r', 30, 1),
(2731, '7898561541499', 13.9, 27, 'Embalagem Para Elastrico Paciente', '\r', 27, 1),
(2732, '7898561541512', 9.9, 4, 'Marcador de Instrumento Sextavado Surtida', '\r', 30, 1),
(2733, '7898561541536', 27.9, 2, 'Hidroxido de Calcio Foto Hidrox Cal cor Dentina', '\r', 21, 1),
(2734, '7898561541543', 27.9, 1, 'Hidroxido De Calcio Foto Hidrox Cal cor Branco', '\r', 21, 1),
(2735, '7898561541598', 24.9, 3, 'Restaurador Provisorio Foto Applic A3', '\r', 21, 1),
(2736, '7898561541628', 17, 3, 'Broqueiro em Aluminio para 15 Brocas FG', '\r', 97, 1),
(2737, '7898561541703', 12, 21, 'Tira de Lixa Aco 4mm', '\r', 45, 1),
(2738, '7898561541710', 12, 107, 'Tira de Lixa Aco 6mm', '\r', 45, 1),
(2739, '7898561541734', 23, 4, 'Bolsa Termica Quente e Fria', '\r', 48, 1),
(2740, '7898561541758', 13.9, 5, 'Cimento de Zinco Po', '\r', 21, 1),
(2741, '7898561541765', 13.9, 10, 'Cimento de Zinco Liquido', '\r', 21, 1),
(2742, '7898561541772', 19.9, 36, 'Selante Max Seal Branco', '\r', 24, 1),
(2743, '7898561541789', 19.9, 3, 'Selante Max Seal Matizado', '\r', 24, 1),
(2744, '7898561541796', 24.9, 20, 'Adesivo Universal Bond 2.1', '\r', 47, 1),
(2745, '7898561541826', 19.9, 4, 'Alginato Algi Gel', '\r', 37, 1),
(2746, '7898561542083', 39.9, 11, 'Ionomero Cimentacao de Vidro Auto Ionglas', '\r', 9, 1),
(2747, '7898561542120', 34.9, 26, 'Ionomero Restauracao de Vidro Ionglass Cor A2', '\r', 9, 1),
(2748, '7898561542137', 34.9, 33, 'Ionomero Restauracao de Vidro Ionglass Cor A3', '\r', 9, 1),
(2749, '7898561542144', 34.9, 2, 'Pino de Fibra de Vidro Fiber Post N?0.5 sem Broca', '\r', 50, 1),
(2750, '7898561542151', 34.9, 4, 'Pino de Fibra de Vidro Fiber Post N?1 sem Broca', '\r', 50, 1),
(2751, '7898561542168', 34.9, 4, 'Pino de Fibra de Vidro Fiber Post N?2 sem Broca', '\r', 50, 1),
(2752, '7898561542175', 34.9, 11, 'Pino de Fibra de Vidro Fiber Post N?3 sem Broca', '\r', 50, 1),
(2753, '7898561542182', 28, 25, 'Cimento Forrador de Hidroxido de Calcio Hydcal', '\r', 21, 1),
(2754, '7898561542229', 29, 12, 'Cimento Cirurgico com Eugenol Po', '\r', 21, 1),
(2755, '7898561542236', 29, 12, 'Cimento Cirurgico com Eugenol Liquido', '\r', 21, 1),
(2756, '7898561542250', 79, 6, 'Cimento Provisorio Sem Eugenol', '\r', 21, 1),
(2757, '7898561542359', 19.9, 5, 'Resina Applic Flow Cor A1', '\r', 11, 1),
(2758, '7898561542366', 19.9, 6, 'Resina Applic Flow cor A2', 'Especial\r', 11, 1),
(2759, '7898561542373', 19.9, 4, 'Resina Applic Flow cor A3', '\r', 11, 1),
(2760, '7898561542380', 19.9, 4, 'Resina Applic Flow cor A3.5', '\r', 11, 1),
(2761, '7898561542397', 19.9, 5, 'Resina Applic Flow cor B2', '\r', 11, 1),
(2762, '7898561542472', 21.9, 6, 'Resina Applic cor A1E', '\r', 11, 1),
(2763, '7898561542489', 21.9, 6, 'Resina Applic Cor A2E', '\r', 11, 1),
(2764, '7898561542496', 21.9, 5, 'Resina Applic Cor A3E', '\r', 11, 1),
(2765, '7898561542502', 21.9, 2, 'Resina Applic cor A3.5E', '\r', 11, 1),
(2766, '7898561542519', 21.9, 3, 'Resina Applic cor B1E', '\r', 11, 1),
(2767, '7898561542526', 21.9, 2, 'Resina Applic cor B2E', '\r', 11, 1),
(2768, '7898561542533', 21.9, 1, 'Resina Applic cor C2E', '\r', 11, 1),
(2769, '7898561542540', 21.9, 4, 'Resina Applic cor A1D', '\r', 11, 1),
(2770, '7898561542557', 21.9, 7, 'Resina Applic cor A2D', '\r', 11, 1),
(2771, '7898561542564', 21.9, 4, 'Resina Applic cor A3D', '\r', 11, 1),
(2772, '7898561542571', 21.9, 4, 'Resina Applic Cor A3.5D', '\r', 11, 1),
(2773, '7898561542595', 21.9, 4, 'Resina Applic cor B2D', '\r', 11, 1),
(2774, '7898561542601', 21.9, 3, 'Resina Applic cor Incisal', '\r', 11, 1),
(2775, '7898561542717', 16.9, 8, 'Acido Fluoridrico 5%', '\r', 53, 1),
(2776, '7898561542731', 38.9, 20, 'Adesivo para Braquetes Fix 4g + 1seringa acido 2.5g', '\r', 13, 1),
(2777, '7898561542762', 19.9, 2, 'Alginato Algi Gel Sabor Tutti Frutti', '\r', 37, 1),
(2778, '7898561546142', 24.9, 1, 'Cunha Interdental de Madeira Colorida Surtida', '\r', 69, 1),
(2779, '7898561546166', 99.9, 3, 'Matriz Universal Mini Kit', 'Espesial 2\r', 70, 1),
(2780, '7898561546203', 119.9, 3, 'Matriz Universal Refil Sortido', 'Especial\r', 70, 1),
(2781, '7898561546234', 21.9, 5, 'Resina Applic cor A4E', '\r', 11, 1),
(2782, '7898561546715', 21.9, 3, 'Resina Applic cor B3E', '\r', 11, 1),
(2783, '7898570920285', 80, 0, 'Clareador 16% Power Bleanching Home', 'Especial\r', 49, 3),
(2784, '7898570920551', 80, 5, 'Clareador 10% Power Bleanching Home', 'Especial\r', 49, 3),
(2785, '7898570922296', 79, 0, 'Clareador Power Bleaching Office 37%', '\r', 49, 3),
(2786, '7898570922302', 205, 7, 'Clareador Power Bleaching Office 37%', '\r', 49, 3),
(2787, '7898570923439', 22, 0, 'Dessensibilizante Pain less 5% Consultroro', '\r', 49, 3),
(2788, '7898570924825', 18, 10, 'Placa Soft 1mm Redonda', '\r', 79, 3),
(2789, '7898570924856', 18, 0, 'Placa Soft 1mm Quadrada', '\r', 79, 3),
(2790, '7898570924894', 35, 1, 'Clareador 10% Aroma Acai Power Bleanching Home', '\r', 49, 3),
(2791, '7898570924900', 35, 0, 'Clareador 10% Aroma Hortela Power Bleanching Home', 'Espesial 3\r', 49, 3),
(2792, '7898570924917', 35, 0, 'Clareador 10% Aroma Laranja Power Bleanching Home', 'Espesial 2\r', 49, 3),
(2793, '7898570924924', 35, 0, 'Clareador 16% Aroma Acai Power Bleanching Home', '\r', 49, 3),
(2794, '7898570924931', 35, 0, 'Clareador 16% Aroma Hortela Power Bleanching Home', 'Espesial 3\r', 49, 3),
(2795, '7898570924948', 35, 0, 'Clareador 16% Aroma Laranja Power Bleanching Home', 'Espesial 2\r', 49, 3),
(2796, '7898570924955', 19, 5, 'Dessensibilizante Pain less 1,5 % Caseiro', '\r', 49, 3),
(2797, '7898570926355', 70, 0, 'Clareador 22%  Power Bleanching Home', 'Especial\r', 49, 3),
(2798, '7898570926393', 35, 0, 'Clareador 22% Aroma Hortela Power Bleanching Home', 'Espesial 3\r', 49, 3),
(2799, '7898570926423', 35, 0, 'Clareador 22% Aroma Laranja Power Bleanching Home', 'Espesial 2\r', 49, 3),
(2800, '7898570926454', 35, 0, 'Clareador 22% Aroma Acai Power Bleanching Home', '\r', 49, 3),
(2801, '7898570927031', 65, 0, 'Adesivo para Braquetes Ortho Natures Color Change', '\r', 13, 3),
(2802, '7898570927390', 45, 0, 'Adesivo Universal Power Bond 2.1', '\r', 47, 3),
(2803, '7898570927406', 60, 3, 'Pino Fibra De Vidro Power Post N?0.5 sem Broca', '\r', 50, 3),
(2804, '7898570927413', 60, 7, 'Pino Fibra De Vidro Power Post N? 1 sem Broca', '\r', 50, 3),
(2805, '7898607580017', 175, 2, 'Ponta Jiffy Brush Pointed', '\r', 24, 2),
(2806, '7898607580024', 49, 2, 'Hidroxido de Calcio Ultracal XS', '\r', 21, 2),
(2807, '7898607580123', 32, 0, 'Dessensibilizante UltraEZ 3%', '\r', 49, 2),
(2808, '7898607580192', 61.33, 0, 'Clareador Opalescence Endo 35%', '\r', 49, 2),
(2809, '7898607580222', 55, 3, 'Fio Retrator Ultrapak #1', '\r', 63, 2),
(2810, '7898607580291', 55, 2, 'Fio Retrator Ultrapak #00', '\r', 63, 2),
(2811, '7898607580307', 55, 0, 'Fio Retrator Ultrapak #000', '\r', 63, 2),
(2812, '7898607580352', 31, 0, 'Barreira Gengival Foto OpalDam Verde', '\r', 49, 2),
(2813, '7898607580512', 34, 2, 'Solucao Hemostatica Gel 20% Viscostat', '\r', 51, 2),
(2814, '7898607580666', 63, 1, 'Hidroxido de Calcio Ultra Blend Plus Dentina', '\r', 21, 2),
(2815, '7898607581069', 41, 29, 'Clareador Opalescence 10%', '\r', 49, 2),
(2816, '7898607581083', 41, 19, 'Clareador Opalescence 15%', '\r', 49, 2),
(2817, '7898607581106', 41, 28, 'Clareador Opalescence 20%', '\r', 49, 2),
(2818, '7898607581113', 64.96, 2, 'Selante Ultraseal XT', '\r', 24, 2),
(2819, '7898607581212', 106, 4, 'Pasta de Polimento Opalustre', '\r', 45, 2),
(2820, '7898607581281', 36, 7, 'Solucao Hemostatica ViscoStat Clear', '\r', 51, 2),
(2821, '7898607581533', 187, 4, 'Ponta Jiffy Brush Regular', '\r', 24, 2),
(2822, '7898607581762', 100, 0, 'Clareador Opalescence 10%', '\r', 49, 2),
(2823, '7898607581779', 100, 4, 'Clareador Opalescence 15%', '\r', 49, 2),
(2824, '7898607581786', 100, 26, 'Clareador Opalescence 20%', '\r', 49, 2),
(2825, '7898607581793', 175, 6, 'Clareador Opalescence Go 10% Menta', 'Especial\r', 49, 2),
(2826, '7898607581823', 120, 7, 'Adesivo Universal Bond Peak', '\r', 47, 2),
(2827, '7898607581847', 55, 0, 'Pasta de Polimento Diamond Polish Mint 0,5', '\r', 45, 2),
(2828, '7898607581854', 55, 1, 'Pasta de Polimento Diamond Polish Mint 1,0', '\r', 45, 2),
(2829, '7898607581878', 38, 2, 'Edta File Eze Mini Kit', '\r', 67, 2),
(2830, '7898607581984', 106, 3, 'Selante Foto Para Resinas PermaSeal', '\r', 24, 2),
(2831, '7898607582011', 69.99, 3, 'Resina Forma cor A1E', '\r', 11, 2),
(2832, '7898607582028', 69.99, 0, 'Resina Forma cor A2E', '\r', 11, 2),
(2833, '7898607582035', 69.99, 0, 'Resina Forma cor A3E', '\r', 11, 2),
(2834, '7898607582042', 69.99, 2, 'Resina Forma cor A3.5E', '\r', 11, 2),
(2835, '7898607582059', 69.99, 3, 'Resina Forma cor A4E', '\r', 11, 2),
(2836, '7898607582066', 69.99, 2, 'Resina Forma cor B1E', '\r', 11, 2),
(2837, '7898607582073', 69.99, 2, 'Resina Forma cor B2E', '\r', 11, 2),
(2838, '7898607582097', 69.99, 3, 'Resina Forma cor C1E', '\r', 11, 2),
(2839, '7898607582103', 69.99, 1, 'Resina Forma cor C2E', '\r', 11, 2),
(2840, '7898607582110', 69.99, 3, 'Resina Forma cor Incisal', '\r', 11, 2),
(2841, '7898607582127', 69.99, 2, 'Resina Forma cor Translucida', '\r', 11, 2),
(2842, '7898607582141', 52, 1, 'Verniz Enamelast Fluoride Varnish 5%', '\r', 24, 2),
(2843, '7898607582189', 69.99, 5, 'Resina Forma cor A1B', '\r', 11, 2),
(2844, '7898607582196', 69.99, 5, 'Resina Forma cor A2B', '\r', 11, 2),
(2845, '7898607582202', 69.99, 5, 'Resina Forma cor A3B', '\r', 11, 2),
(2846, '7898607582219', 69.99, 6, 'Resina Forma cor A3.5B', '\r', 11, 2),
(2847, '7898607582226', 69.99, 3, 'Resina Forma cor A4B', '\r', 11, 2),
(2848, '7898607582233', 69.99, 3, 'Resina Forma cor B1B', '\r', 11, 2),
(2849, '7898607582240', 69.99, 3, 'Resina Forma cor B2B', '\r', 11, 2),
(2850, '7898607582257', 69.99, 3, 'Resina Forma cor C1B', '\r', 11, 2),
(2851, '7898607582264', 69.99, 3, 'Resina Forma cor C2B', '\r', 11, 2),
(2852, '7898607582271', 69.99, 3, 'Resina Forma cor A2D', '\r', 11, 2),
(2853, '7898607582288', 69.99, 2, 'Resina Forma cor A3D', '\r', 11, 2),
(2854, '7898607582301', 69.99, 5, 'Resina Forma cor A1D', '\r', 11, 2),
(2855, '7898607582479', 55.05, 0, 'Dessensibilizante UltraEZ kit (4 seringas 1.2g', '\r', 49, 2),
(2856, '7898607582677', 2750, 0, 'Sistema de Guias Para Confeccao de Facetas Uveneer', '\r', 11, 2),
(2857, '7898607582684', 319, 1, 'Resina Forma Kit', '\r', 11, 2),
(2858, '7898607583636', 50.5, 0, 'Acido Fosforico 35%', '\r', 53, 2),
(2859, '7898607583728', 195, 8, 'Clareador Boost PF 40%  kit 2 Paciente', '\r', 49, 2),
(2860, '7898616280076', 21.9, 0, 'Mascara Cirurgica Descartavel Bichos', '\r', 34, 46),
(2861, '7898616284067', 21, 0, 'Burrico Ortho', '\r', 76, 4),
(2862, '7898616286627', 21, 0, 'Zebrinha Ortho', '\r', 76, 4),
(2863, '7898616287457', 21.9, 0, 'Mascara Cirurgica Descartavel Emoji', '\r', 34, 4),
(2864, '7898616287570', 20, 2, 'Babador Impermeavel Infantil Bailarina', '\r', 61, 4),
(2865, '7898616287877', 21, 0, 'Gatito Ortho', '\r', 76, 4),
(2866, '7898616287976', 21.9, 4, 'Mascara Cirurgica Descartavel Ortho', '\r', 34, 4),
(2867, '7898616288584', 24, 3, 'Babador baby Unicornio', '\r', 61, 4),
(2868, '7898620011000', 18, 9, 'Oleo Spray', '\r', 18, 2),
(2869, '7898620011086', 7.99, 74, 'Mascara Tipla com Elastico Cor Verde', '\r', 34, 2),
(2870, '7898620011093', 7.99, 78, 'Mascara Tipla com Elastico Cor Azul', '\r', 34, 2),
(2871, '7898620011109', 7.99, 73, 'Mascara Tipla com Elastico Cor Rosa', '\r', 34, 2),
(2872, '7898629260034', 7.2, 5, 'Borca Carbide FG 1558', 'Espesial 2\r', 77, 9),
(2873, '7898629260041', 7.2, 5, 'Borca Carbide FG 1557', 'Espesial 2\r', 77, 9),
(2874, '7898629260058', 7.2, 3, 'Broca Carbide FG 4', 'Espesial 2\r', 77, 9),
(2875, '7898629260089', 7.2, 1, 'Broca Carbide FG 5', 'Espesial 2\r', 77, 9),
(2876, '7898629260096', 7.2, 4, 'Broca Carbide FG 701', 'Espesial 2\r', 77, 9),
(2877, '7898629260133', 7.2, 5, 'Broca Carbide FG 700', 'Espesial 2\r', 77, 9),
(2878, '7898629260164', 7.2, 0, 'Borca Carbide FG 3', 'Espesial 2\r', 77, 9),
(2879, '7898629260218', 7.2, 5, 'Broca Carbide FG 702', 'Espesial 2\r', 77, 9),
(2880, '7898629260430', 7.2, 5, 'Broca Carbide FG 558', 'Espesial 2\r', 77, 9),
(2881, '7898629260515', 7.2, 5, 'Broca Carbide FG 557', 'Espesial 2\r', 77, 9),
(2882, '7898629260690', 12, 6, 'Broca Carbide Cirurgica FG 702', 'Espesial 3\r', 77, 9),
(2883, '7898629260713', 12, 3, 'Broca Carbide Cirurgica FG 701', 'Espesial 3\r', 77, 9),
(2884, '7898629260737', 12, 4, 'Broca Carbide Cirurgica FG 4', 'Espesial 3\r', 77, 9),
(2885, '7898629260744', 12, 5, 'Broca Carbide Cirurgica FG 700', 'Espesial 3\r', 77, 9),
(2886, '7898629260775', 12, 3, 'Broca Carbide Cirurgica FG 5', 'Espesial 3\r', 77, 9),
(2887, '7898629260782', 12, 4, 'Broca Carbide Cirurgica FG 3', 'Espesial 3\r', 77, 9),
(2888, '7898629260812', 12, 7, 'Broca Carbide Cirurgica FG 558', 'Espesial 3\r', 77, 9),
(2889, '7898629260829', 12, 5, 'Broca Carbide Cirurgica FG 557', 'Espesial 3\r', 77, 9),
(2890, '7898629260836', 12, 5, 'Broca Carbide Cirurgica FG 1557', 'Espesial 3\r', 77, 9),
(2891, '7898629260843', 12, 6, 'Broca Carbide Cirurgica FG 1558', 'Espesial 3\r', 77, 9),
(2892, '7898629261253', 9.8, 13, 'Broca carbide PM 702', '\r', 77, 9),
(2893, '7898629261260', 9.8, 14, 'Broca Carbide PM 703', '\r', 77, 9),
(2894, '7898629261277', 9.8, 9, 'Broca Carbide PM 8', '\r', 77, 9),
(2895, '7898629261307', 9.8, 10, 'Broca Carbide PM 6', '\r', 77, 9),
(2896, '7898629261475', 19.6, 27, 'Broca Carbide FG TR2T', 'Espesial 2\r', 77, 9),
(2897, '7898629261543', 42, 31, 'Broca Remocao FG218', '\r', 38, 9),
(2898, '7898629261888', 24, 9, 'Borca Carbide FG 28  Zekrya', 'Especial\r', 77, 9),
(2899, '7898629262137', 24, 6, 'Broca Carbide FG ZEKRYA 23', 'Especial\r', 77, 9),
(2900, '7898629262458', 47.9, 1, 'Broca de Alta Rotacao para Remocao', '\r', 38, 6),
(2901, '7898629262960', 10.3, 8, 'Ponta diamantada FG 1011', '\r', 10, 9),
(2902, '7898629262984', 10.3, 9, 'Ponta diamantada FG 1014', '\r', 10, 9),
(2903, '7898629263004', 10.3, 4, 'Ponta diamantada FG 1013', '\r', 10, 9),
(2904, '7898629263011', 10.3, 5, 'Ponta diamantada FG 1015', '\r', 10, 9),
(2905, '7898629263110', 10.3, 8, 'Ponta diamantada FG 1016', '\r', 77, 9),
(2906, '7898629263127', 10.3, 0, 'Ponta diamantada FG 2200FF', '\r', 10, 9),
(2907, '7898629263134', 10.3, 1, 'Ponta diamantada FG 2200F', '\r', 10, 9),
(2908, '7898629263172', 10.3, 10, 'Ponta diamantada FG 3118F', '\r', 10, 9),
(2909, '7898629263189', 10.3, 3, 'Ponta diamantada FG 2135', '\r', 10, 9),
(2910, '7898629263196', 10.3, 9, 'Ponta Diamantada FG 3118FF', '\r', 10, 9),
(2911, '7898629263288', 10.3, 3, 'Ponta diamantada FG 1014HL', '\r', 10, 9),
(2912, '7898629263356', 10.3, 4, 'Ponta Diamantada FG 3195F', '\r', 10, 9),
(2913, '7898629263363', 10.3, 7, 'Ponta Diamantada FG 3195FF', '\r', 10, 9),
(2914, '7898629263462', 10.3, 3, 'Ponta diamantada FG 1016HL', '\r', 10, 9),
(2915, '7898657860015', 15, 3, 'Resina YFlow cor B1', '\r', 11, 2),
(2916, '7898657860022', 15, 2, 'Resina YFlow cor Bleach', '\r', 11, 2),
(2917, '7898657860039', 30, 2, 'Resina YFlow SA cor A1', '\r', 11, 2),
(2918, '7898657860046', 30, 2, 'Resina YFlow SA cor A2', '\r', 11, 2),
(2919, '7898657860053', 30, 2, 'Resina YFlow SA cor A3', '\r', 11, 2),
(2920, '7898657860374', 125, 2, 'Silicone de Condensacao Reflex', '\r', 44, 2),
(2921, '7898911795893', 65, 0, 'Fio Nylon 4.0 (24 und agulha 1.5)', '\r', 98, 47),
(2922, '7898911795978', 65, 13, 'Fio Nylon 5.0 (24 und agulha 1.5)', '\r', 98, 4),
(2923, '7898911796708', 55, 22, 'Fio Seda 3.0  (24 und agulha 1.7)', '\r', 98, 4),
(2924, '7898911796777', 55, 6, 'Fio Seda 4.0 (24 und agulha 1.7)', '\r', 98, 4),
(2925, '7898911796975', 65, 26, 'Fio Nylon 3.0 (24 und agulha 1.5)', '\r', 98, 4),
(2926, '7898916637013', 6.8, 40, 'Sugador Colorido', '\r', 78, 2),
(2927, '7898916637099', 2.5, 1, 'Algodao em Rolete N?2', '\r', 22, 2),
(2928, '7898916637105', 7.99, 49, 'Mascara Tipla com Elastico Cor Branca', '\r', 34, 2),
(2929, '7898916637150', 39.9, 16, 'Espelho Clinico', '\r', 28, 2),
(2930, '7898916637181', 15, 21, 'Babador Branco', '\r', 61, 2),
(2931, '7898916637716', 9.9, 77, 'Agua Destilada 5 Litros', '\r', 22, 2),
(2932, '7898916688091', 17.5, 7, 'Gesso Tipo 4 cor Salmao Dent-Mix', '\r', 35, 4),
(2933, '7898916688114', 15, 7, 'Gesso Ortodontico Branco', '\r', 35, 4),
(2934, '7898916688145', 7.5, 103, 'Gesso Pedra Tipo 3 Branco', '\r', 35, 4),
(2935, '7898916688176', 8.5, 72, 'Gesso Pedra Tipo 3 Amarelo', '\r', 35, 4),
(2936, '7898916688268', 6.5, 24, 'Gesso Comum Tipo 2 Branco', '\r', 35, 4),
(2937, '7898916688329', 18, 8, 'Revestimento Cristobalite Pote', '\r', 99, 4),
(2938, '7898916689753', 15, 4, 'Sabonete Cremoso Anti-Septico Erva Doce', '\r', 22, 48),
(2939, '7898916689791', 13, 3, 'Sabonete Cremoso Perolizado Com Extrato', '\r', 22, 4),
(2940, '7898916689913', 10, 5, 'Desincrustante para Autoclave Clave Clean', '\r', 22, 4),
(2941, '7898916689920', 12.2, 3, 'Dissolvente de Gesso Solv', '\r', 100, 4),
(2942, '7898918167068', 8, 12, 'Solucao de Milton', '\r', 85, 4),
(2943, '7898918167129', 10, 22, 'Alcool Gel 70% Antisseptico', '\r', 22, 4),
(2944, '7898918167969', 27.6, 0, 'Detergente Para Instrumentos De Aco Inox', '\r', 22, 4),
(2945, '7898918168010', 10, 10, 'Alcool 70%', '\r', 22, 4),
(2946, '7898918168027', 12, 12, 'Alcool 96%', '\r', 22, 4),
(2947, '7898918168034', 14, 12, 'Alcool 99%', '\r', 22, 4),
(2948, '7898918168232', 31, 6, 'Detergente Enzimatico 5 Enzimas', '\r', 22, 4),
(2949, '7898918168249', 70, 8, 'Detergente Enzimatico 5 Enzimas', '\r', 22, 4),
(2950, '7898920777118', 319, 0, 'Fio Vicryl Poliglactina 5.0 (36 und agulha 1.5)', '\r', 98, 4),
(2951, '7898920777125', 319, 0, 'Fio Vicryl Poliglactina 4.0 (36 und agulha 1.5)', '\r', 98, 4),
(2952, '7898930300092', 91, 1, 'Bolinha de Espuma Pele Tim N?0', '\r', 74, 49),
(2953, '7898930300108', 100, 1, 'Bolinha de Espuma Pele Tim N?1', '\r', 74, 4),
(2954, '7898930300115', 72, 1, 'Bolinha de Espuma Pele Tim N?2', '\r', 74, 4),
(2955, '7898930300122', 65, 1, 'Bolinha de Espuma Pele Tim N?3', '\r', 74, 4),
(2956, '7898930300139', 65, 0, 'Bolinha de Espuma Pele Tim N?4', '\r', 74, 4),
(2957, '7898930300306', 965, 1, 'Resina Grandioso Kit + Escala de cores', '\r', 11, 4),
(2958, '7898930300702', 250, 0, 'Verniz de Fluor Bifluorid 12', '\r', 24, 4),
(2959, '7898930300894', 350, 2, 'Adesivo Futurabond DC', '\r', 47, 4),
(2960, '7898930301174', 99.9, 3, 'Pasta Profilatica Cleanjoy Fina Verde', '\r', 24, 4),
(2961, '7898930301181', 99.9, 1, 'Pasta Profilatica Cleanjoy Media Amarela', '\r', 24, 4),
(2962, '7898930301198', 99.9, 3, 'Pasta Profilatica Cleanjoy Grossa Vermel', '\r', 24, 4),
(2963, '7898930301303', 215, 7, 'Ionomero Vidro Forrador Ionoseal', '\r', 9, 4),
(2964, '7898930301327', 126.9, 1, 'Ionomero de Vidro Forrador Ionoseal', '\r', 9, 4),
(2965, '7898930301396', 109, 2, 'Cimento Provisorio Sem eugenol Provicol', '\r', 21, 4),
(2966, '7898930301570', 410, 1, 'Resina Bisacrilica Structur 2 Sc cor B1', '\r', 12, 4),
(2967, '7898930301815', 772, 2, 'Reembasador Ufi Gel SC', '\r', 101, 4),
(2968, '7898930302041', 590, 3, 'Corante para Resina Final Touch Kit', '\r', 11, 4),
(2969, '7898930302096', 450, 3, 'Resina Bisacrilica Structur 2 Sc A1+ Brinde Provicol', '\r', 12, 4),
(2970, '7898930302102', 450, 1, 'Resina Bisacrilica Structur 2 Sc cor A2 + Provicol', '\r', 12, 4),
(2971, '7898930302119', 450, 3, 'Resina Bisacrilica Structur 2 Sc cor A3 + Brinde un Provicol', '\r', 12, 4),
(2972, '7898930302317', 199, 1, 'Verniz Fluior Profluorid Varnish Caramel', '\r', 24, 4),
(2973, '7898930302324', 199, 1, 'Verniz Fluior Profluorid Varnish Cereja', '\r', 24, 4),
(2974, '7898930302515', 179, 6, 'Ionomero Meron Jumbo Pack', '\r', 9, 4),
(2975, '7898930302522', 99, 7, 'Ionomero Meron Mini Pack', '\r', 9, 4),
(2976, '7898930302539', 150, 4, 'Restaurador Provisorio Foto Clip F', '\r', 21, 4),
(2977, '7898930302676', 490, 1, 'Resina Amaris Gingiva Kit + Escala de cores', 'Especial\r', 11, 4),
(2978, '7898930303161', 1890, 1, 'Pino de Fibra de Vidro Rebilda Post System', '\r', 50, 4),
(2979, '7898930303208', 250, 3, 'Resina Grandioso cor A1', '\r', 11, 4),
(2980, '7898930303215', 250, 2, 'Resina Grandioso cor A2', '\r', 11, 4),
(2981, '7898930303369', 220, 1, 'Resina Grandioso Heavy Flow cor A1', 'Especial\r', 11, 4),
(2982, '7898930303376', 220, 1, 'Resina Grandioso Heavy Flow cor A2', '\r', 11, 4),
(2983, '7898930303550', 220, 1, 'Resina Grandioso Flow cor A1', '\r', 11, 4),
(2984, '7898930303567', 220, 2, 'Resina Grandioso Flow cor A2', '\r', 11, 4),
(2985, '7898930303796', 137.3, 3, 'Pincel de Aplicacao Endo Tim', '\r', 74, 4),
(2986, '7898930303994', 468, 1, 'Resina Grandioso Heavy Flow  Kit + Escala de Cores', 'Especial\r', 11, 4),
(2987, '7898930304038', 510, 1, 'Resina Bisacrilica Structur 3 cor A2', '\r', 12, 4),
(2988, '7898930304236', 270, 2, 'Silicone de Adicao Registrado Clear', '\r', 44, 4),
(2989, '7898930304267', 362, 2, 'Silicone de Adicao para Registro de Mordida Registrado X-Tra', '\r', 44, 4),
(2990, '7898930304519', 130, 2, 'Restaurador Provisorio Clip Flow', '\r', 21, 4),
(2991, '7898930304601', 199, 1, 'Resina Admira Fusion cor A1', 'Especial\r', 11, 4),
(2992, '7898930304618', 199, 0, 'Resina Admira Fusion cor A2', '\r', 11, 4),
(2993, '7898930304625', 199, 2, 'Resina Admira Fusion cor A3', 'Especial\r', 11, 4),
(2994, '7898930304649', 199, 3, 'Resina Admira Fusion cor A.,5', 'Especial\r', 11, 4),
(2995, '7898930304670', 199, 1, 'Resina Admira Fusion cor B1', 'Especial\r', 11, 4),
(2996, '7898930305073', 1510, 0, 'Resina Amaris Kit', '\r', 11, 4),
(2997, '7898930305158', 245, 1, 'Resina Admira Fusion Flow cor A1', 'Especial\r', 11, 4),
(2998, '7898930305165', 245, 1, 'Resina Admira Fusion Flow cor A2', 'Especial\r', 11, 4),
(2999, '7898930305202', 245, 2, 'Resina Admira Fusion Flow cor B1', 'Especial\r', 11, 4),
(3000, '7898930305233', 245, 4, 'Resina Admira Fusion Flow cor I', 'Especial\r', 11, 4),
(3001, '7898930305257', 245, 1, 'Resina Admira Fusion Flow cor BL', 'Especial\r', 11, 4),
(3002, '7898930305264', 245, 1, 'Resina Admira Fusion Flow cor WO', 'Especial\r', 11, 4),
(3003, '7898930305288', 328, 2, 'Silicone de Adicao para Modelos Die+Heavy Flow A2 de 1g+2 Bllisters Adesivo Futurabond U', '\r', 44, 4),
(3004, '7898930305745', 410, 3, 'Adesivo Futurabond U + Brinde Resina Admira Fusion X-tra', '\r', 47, 4),
(3005, '7898930305967', 425, 0, 'Adesivo para Braquetes  BrackFix', '\r', 13, 4),
(3006, '7898937612860', 65, 19, 'Fio Nylon Sertix 4.0 (24 und agulha 1.5)', '\r', 98, 4),
(3007, '7898938244015', 35, 10, 'Teste De Vitalidade Endo Ice Spray', '\r', 67, 1),
(3008, '7898938244060', 32, 16, 'Oleo Spray', '\r', 18, 1),
(3009, '7898938244107', 19.9, 6, 'Oleo de Laranja', '\r', 67, 1),
(3010, '7898938244114', 2.5, 7, 'Cartao para Raio X com 6 Furos', 'Espesial 2\r', 23, 1),
(3011, '7898938244169', 19.9, 19, 'Oleo Spray', '\r', 18, 1),
(3012, '7898938244206', 6.7, 19, 'Fluor Gel Neutro Sabor Menta', '\r', 24, 1),
(3013, '7898938244213', 6.7, 42, 'Fluor Gel Tutti Frutti Acidulado', '\r', 24, 1),
(3014, '7898938244220', 26, 11, 'Sugador Cirurgico Descartavel Esteril', '\r', 78, 1),
(3015, '7898938244268', 10, 7, 'Bicarbonato Sabor Natural Airon', '\r', 24, 1),
(3016, '7898938244275', 13.9, 9, 'Bicarbonato Sabor Natural Airon', '\r', 24, 1),
(3017, '7898938244299', 13.9, 4, 'Clorhexidina Solucao 2%', '\r', 68, 1),
(3018, '7898938244350', 9, 4, 'Evidenciador de Placa Visuplac', '\r', 64, 1),
(3019, '7898938244367', 4, 35, 'Tira de Poliester Airon 4 mm', '\r', 45, 1),
(3020, '7898938244404', 24.9, 3, 'Hemostatica Solucao Hemopare', '\r', 51, 1),
(3021, '7898938244411', 9, 41, 'Pasta Profilatica Tutti Frutti', '\r', 24, 1),
(3022, '7898938244435', 9, 34, 'Pasta Profilatica Meta', '\r', 24, 1),
(3023, '7898938244497', 74, 2, 'Posicionador De Filme Universal Autolava', '\r', 23, 1),
(3024, '7898938244503', 2.5, 35, 'Banda Matriz Metalica 0,05x5mm', 'Espesial 3\r', 70, 1),
(3025, '7898938244510', 2.5, 14, 'Banda Matriz Metalica 0,05x7mm', 'Espacial 4\r', 70, 1),
(3026, '7898938244534', 2.99, 24, 'Papel Carbono Super Carbon Basic', '\r', 81, 1),
(3027, '7898938244541', 7.99, 54, 'Acido Fosforico 37%', '\r', 53, 1),
(3028, '7898938244596', 8.9, 0, 'Pedra Pomes Extra Fina', '\r', 24, 1),
(3029, '7898938244619', 27.9, 7, 'Injetor para Elastomero', '\r', 44, 1),
(3030, '7898938244657', 12.9, 0, 'Regua De Endo Milimetrada Aluminio', 'Especial\r', 83, 1),
(3031, '7898938244664', 8.9, 5, 'Regua De Endo Milimetrada Plastico', '\r', 83, 1),
(3032, '7898938244671', 16.9, 27, 'Acido Fluoridrico 10%', '\r', 53, 1),
(3033, '7898938244695', 15, 15, 'Eugenol', '\r', 67, 1),
(3034, '7898938244701', 7.9, 16, 'Formacrecol', '\r', 67, 1),
(3035, '7898938244718', 8.5, 10, 'Tricresol Formalina', '\r', 67, 1),
(3036, '7898938244725', 9.49, 53, 'Cera Protetora', '\r', 48, 1),
(3037, '7898938244770', 14.9, 54, 'Caixa para Aparelho Movel', '\r', 27, 1),
(3038, '7898938244886', 10.9, 13, 'Obturador Provisorio Obtur', '\r', 21, 1),
(3039, '7898938244893', 35, 0, 'Fio Retrator Retractor N?000', '\r', 63, 1),
(3040, '7898938244909', 35, 5, 'Fio Retrator Retractor N?00', '\r', 63, 1),
(3041, '7898938244916', 35, 4, 'Fio Retrator Retractor N?0', '\r', 63, 1),
(3042, '7898938244947', 7, 27, 'Espatula Para Ionomero', '\r', 9, 1),
(3043, '7898938423618', 8, 2, 'Dissolvente de Alginato Solv', '\r', 100, 4),
(3044, '7898938423649', 30, 5, 'Dissolvente de Cera Solv', '\r', 100, 4),
(3045, '7898938423656', 37, 16, 'Limpador Aco Inox Clean', '\r', 22, 4),
(3046, '7898938423830', 9.9, 12, 'Detergente Neutro Deter Asfer Frasco', '\r', 22, 4),
(3047, '7898951448032', 21.9, 2, 'Mascara Cirurgica Descartavel Lingua', '\r', 34, 4),
(3048, '7898951448070', 21.9, 0, 'Mascara  Cirurgica Descartavel Classicas', '\r', 34, 4),
(3049, '7898951448254', 22, 0, 'Babador infantil Bidu', '\r', 61, 4),
(3050, '7898952555029', 250, 3, 'SIlicone de Adicao Scan Putty + Scan Regular', '\r', 44, 2),
(3051, '7898952555036', 290, 3, 'Silicone de Adicao Scan Putty + Scan Light', '\r', 44, 2),
(3052, '7898952555074', 120, 2, 'Silicone de Adicao Scan Ultra Light', '\r', 44, 2),
(3053, '7898952555081', 120, 2, 'Silicone de Adicao Scan Light', '\r', 44, 2),
(3054, '7898952555098', 120, 2, 'Silicone de Adicao Scan Regular', '\r', 44, 2),
(3055, '7898952555135', 125, 3, 'Silicone Confeccao Modelos Scan Die Isol', '\r', 44, 2),
(3056, '7898952555142', 120, 4, 'Silicone Scan Translux', '\r', 44, 2),
(3057, '7898952555173', 49, 6, 'Silicone de Condensacao Fluido Reflex', '\r', 44, 2),
(3058, '7898952555180', 35, 3, 'Catalisador Universal Reflex', '\r', 44, 2),
(3059, '7898952555197', 25, 3, 'Adesivo Convencional  Ybond Mono', '\r', 47, 2),
(3060, '7898952555210', 20, 5, 'Silano', '\r', 62, 2),
(3061, '7898952555234', 230, 3, 'Resina Bisacrilica Yprov Bisacryl cor A1', '\r', 12, 2),
(3062, '7898952555241', 230, 2, 'Resina Bisacrilica Yprov Bisacryl Cor A2', '\r', 12, 2),
(3063, '7898952555258', 230, 4, 'Resina Bisacrilica Yprov Bisacryll cor A3', '\r', 12, 2),
(3064, '7898952555272', 230, 2, 'Resina Bisacrilica Yprov Bisacryl cor B1', '\r', 12, 2),
(3065, '7898952555302', 230, 2, 'Resina Bisacrilica Yprov Bisacryl cor Bleach', '\r', 12, 2),
(3066, '7898952555395', 40, 5, 'Cimento Para Lentes Veneer Foto Ycem', '\r', 21, 2),
(3067, '7898952555593', 250, 2, 'Pistola Dispensadora  Universal', '\r', 44, 2),
(3068, '7898952555630', 180, 4, 'Silicone Registro de Mordidas Scan Bite', '\r', 44, 2),
(3069, '7898952555678', 140, 1, 'Silicone de Adicao Gengiva Hard Gingimax', '\r', 44, 2),
(3070, '7898952555685', 140, 2, 'Silicone de Adicao Gengiva Esthetic Gingimax', '\r', 44, 2),
(3071, '7898952555692', 300, 4, 'Silicone de Adicao Scan Putty + Scan Light +Scan Regular', '\r', 44, 2),
(3072, '7898952555784', 28, 6, 'Pontas  Automistura Scan Automix Amarelas', '\r', 44, 2),
(3073, '7898952555791', 28, 5, 'Pontas Automistura Scan Automix Azul', '\r', 44, 2),
(3074, '7898952555807', 38, 10, 'Pontas Automistura Scan Automix Amarelas+ Intraoral', '\r', 44, 2),
(3075, '7898952555869', 300, 2, 'Silicone de Adicao Scan Putty + Scan Light + Scan Ultralight', '\r', 44, 2),
(3076, '7898952555975', 15, 4, 'Resina YFlow cor A1', '\r', 11, 2),
(3077, '7898952555982', 15, 0, 'Resina YFlow Cor A2', '\r', 11, 2),
(3078, '7898952555999', 15, 1, 'Resina YFlow cor A3', '\r', 11, 2),
(3079, '7898953463286', 35, 3, 'Ativador Universal Flexilabor', '\r', 44, 50),
(3080, '7898953463323', 90, 2, 'Silicone Flexilabor F85 Semi Rigido Azul + Ativador', '\r', 44, 5),
(3081, '7898953463576', 22, 0, 'Gesso Tipo IV Especial Brnaco', '\r', 35, 5),
(3082, '7898963668428', 39, 13, 'Envelope Para Estetilizacao', '\r', 22, 1),
(3083, '7899179715647', 50, 5, 'Condensador de Guta Finger Spread 21mm N? 15-40', '\r', 75, 51),
(3084, '7899179715791', 53, 4, 'Lentulo 25mm N? 25-40', '\r', 75, 5),
(3085, '7899179715906', 43, 5, 'Lima Flexile Files 21mm N? 15-40', '\r', 75, 5),
(3086, '7899179715975', 43, 4, 'Lima Flexile Files 25mm N? 15-40', '\r', 75, 5),
(3087, '7899179716637', 31, 5, 'Lima K-Flles Kerr 25mm N? 15-40', '\r', 102, 5),
(3088, '7899179716859', 30, 5, 'Lima K-Flles Kerr 25mm N? 45-80', '\r', 75, 5),
(3089, '7899179732699', 60, 2, 'Resina Resilab A1D', '\r', 12, 52),
(3090, '7899179732705', 60, 1, 'Resina Resilab A2D', '\r', 12, 5),
(3091, '7899179732712', 60, 0, 'Resina Resilab A3D', '\r', 12, 5),
(3092, '7899179732729', 60, 2, 'Resina Resilab A3.5D', '\r', 12, 5),
(3093, '7899179732736', 60, 1, 'Resina Resilab A4D', '\r', 12, 5),
(3094, '7899179732743', 60, 1, 'Resina Resilab B1D', '\r', 12, 5),
(3095, '7899179732750', 60, 2, 'Resina Resilab B2D', '\r', 12, 5),
(3096, '7899179732781', 60, 1, 'Resina Resilab C1D', '\r', 12, 5),
(3097, '7899179732798', 60, 2, 'Resina Resilab C2D', '\r', 12, 5),
(3098, '7899179733054', 49.5, 5, 'Resina Resilab Liquida de Modelar', '\r', 12, 5),
(3099, '7899179733085', 56, 1, 'Algodao Rolete Luna N?2', '\r', 22, 53),
(3100, '7899179734945', 75, 2, 'Disco de Aco 7/8\"', '\r', 45, 54),
(3101, '7899179763112', 48, 2, 'Alicate 121 Bico Chato', '\r', 41, 5),
(3102, '7899179768698', 48, 3, 'Alicate 139 Angle', '\r', 41, 5),
(3103, '7899179776785', 35, 0, 'Algodao Rolete Master Roll Plus N?2', '\r', 22, 5),
(3104, '7899179790866', 16, 20, 'Papel Carbono Accufilm II Vermelho e Preto', '\r', 81, 55),
(3105, '7899179791610', 190, 5, 'Lima Rotatoria Silk Standard Pack 25mm', '\r', 75, 5),
(3106, '7899179798190', 110, 1, 'Espelho Economy SS N?5', '\r', 28, 5),
(3107, '7899328753476', 100, 0, 'Enxerto Osseo Ceramico GenPhos HA TCP', 'Espacial 4\r', 103, 56),
(3108, '7899328753599', 135, 14, 'Osseo Composto Enxerto GenMix', 'Espesial 2\r', 103, 5),
(3109, '7899328753704', 85, 16, 'Osseo Enxerto Inorg Esponjoso GenOx', '\r', 103, 5),
(3110, '7899328753711', 145, 7, 'Osseo Enxerto Inorg Esponjoso GenOx', '\r', 103, 5),
(3111, '7899328753834', 170, 4, 'Membrana GenDerm', '\r', 103, 5),
(3112, '7899328753841', 135, 2, 'Membrana GenDerm', '\r', 103, 5),
(3113, '7899328759751', 230, 0, 'Osseo Enxerto em Bloco OrthoGen', 'Especial\r', 103, 5),
(3114, '7899328791225', 110, 1, 'Enxerto Osseo Ceramico GenPhos XP', 'Espesial 3\r', 103, 5),
(3115, '7899439200357', 18, 3, 'Tubo Damon Cola Simples Autoligado 16', '\r', 17, 57),
(3116, '7899439200371', 18, 3, 'Tubo Damon Cola Simples Autoligado 26', '\r', 17, 5),
(3117, '7899439200395', 18, 3, 'Tubo Damon Cola Simples Autoligado 46', '\r', 17, 5),
(3118, '7899439200418', 18, 3, 'Tubo Damon Cola Simples Autoligado 36', '\r', 17, 5),
(3119, '7899439202337', 55, 2, 'Bite Turbo Molde', '\r', 19, 5),
(3120, '7899439205734', 35, 1, 'Braquetes Metalico Padrao 1 Vector', 'Especial\r', 16, 5),
(3121, '7899439211001', 255, 0, 'Braquetes Metalico Roth Vector', 'Roth \r', 16, 5),
(3122, '7899439214439', 35, 0, 'Braquetes Metalico Roth Vector', 'Roth \r', 16, 5),
(3123, '7899439238244', 35, 0, 'Sequencia de Arcos Niti Termoativados 35? Contour EasyClip', '\r', 39, 5),
(3124, '7899439239098', 26.2, 0, 'Arco Contour NiTi Termo 0.14 Formato Damon', '\r', 39, 5),
(3125, '7899439239142', 26.2, 4, 'Arco Contour NiTi Termo 0.16 Formato Damon', '\r', 39, 5),
(3126, '7899439239197', 26.2, 0, 'Arco Contour NiTi Termo 0.18 Formato Damon', '\r', 39, 5),
(3127, '7899439239241', 35.6, 2, 'Arco Contour NiTi Termo 0.14 x 0.25  Formato Damon', '\r', 39, 5),
(3128, '7899439239302', 35.6, 3, 'Arco Contour NiTi Termo 0.16 x 0.25  Formato Damon', '\r', 39, 5),
(3129, '7899439239371', 35.6, 1, 'Arco Contour NiTi Termo 0.18 x 0.25 Formato Damon', '\r', 39, 5),
(3130, '7899439249530', 22, 6, 'Braquetes Metalico Roth Biomax', 'Roth 2\r', 16, 5),
(3131, '7899439250277', 35.5, 5, 'Arco Contour NiTi Termo 0.19 x 0.25 Formato Damon', '\r', 39, 5),
(3132, '7899439270626', 170, 9, 'Braquetes Metalico Damon Standard', '\r', 16, 5),
(3133, '7899439271975', 170, 4, 'Braquetes Metalico Damon Low Torque', '\r', 16, 5),
(3134, '7899439273634', 170, 5, 'Braquetes Metalico Damon Super Torque', '\r', 16, 5),
(3135, '7908004400372', 95, 2, 'Jogo de Alavanca Potts Colorido', 'Espesial 2\r', 92, 2),
(3136, '7908004405544', 30, 10, 'Sonda 12 mm cor Cinza', '\r', 83, 2),
(3137, '7908004405582', 30, 10, 'Sonda 15 mm Cor Cinza', '\r', 83, 2),
(3138, '7908004405858', 5, 26, 'Cabo para Espelho Clinico Cor Cinza', '\r', 104, 2);
INSERT INTO `produto` (`id_produto`, `barcode`, `preco`, `estoque`, `especificacao`, `tipo`, `id_subgrupo`, `id_marca`) VALUES
(3139, '7908004405933', 5, 14, 'Cabo para Espelho Clinico Cor Preto', '\r', 104, 2),
(3140, '7908004405964', 5, 8, 'Cabo para Espelho Clinico Cor Amarelo', '\r', 104, 2),
(3141, '7908004405971', 5, 18, 'Cabo para Espelho Clinico Cor Azul', '\r', 104, 2),
(3142, '7908004405995', 5, 8, 'Cabo para Espelho Clinico Cor Rosa', '\r', 104, 2),
(3143, '7908004406008', 5, 7, 'Cabo para Espelho Clinico Cor Roxo', '\r', 104, 2),
(3144, '7908004406015', 5, 8, 'Cabo para Espelho Clinico Cor Verde', '\r', 104, 2),
(3145, '7908004406022', 5, 10, 'Cabo para Espelho Clinico Cor Vermlho', '\r', 104, 2),
(3146, '7908004407647', 16, 13, 'Colocador de Elastique Roxo Lados Iguais', '\r', 38, 2),
(3147, '7908004407685', 16, 8, 'Colocador de Elastique Rosa Lados Diferente', '\r', 38, 2),
(3148, '7908004407692', 16, 16, 'Colocador de Elastique Roxo Lados Diferente', '\r', 38, 2),
(3149, '7908004407739', 16, 3, 'Sputnik Dobrador de Amarrilho Azul', '\r', 38, 2),
(3150, '7908004407746', 16, 6, 'Sputnik Dobrador de Amarrilho Cinza', '\r', 38, 2),
(3151, '7908004407753', 16, 3, 'Sputnik Dobrador de Amarrilho Rosa', '\r', 38, 2),
(3152, '7908004407760', 16, 6, 'Sputnik Dobrador de Amarrilho Roxo', '\r', 38, 2),
(3153, '7908004410746', 90, 0, 'Perfurador Ainsworth', '\r', 71, 2),
(3154, '7908004410814', 75, 1, 'Forceps Adulto N?01', '001\r', 92, 2),
(3155, '7908004410838', 75, 1, 'Forceps Adulto N?150', '150\r', 92, 2),
(3156, '7908004410845', 75, 1, 'Forceps Adulto N?151', '151\r', 92, 2),
(3157, '7908004410852', 75, 0, 'Forceps Adulto N?16', 'Especial 5\r', 92, 2),
(3158, '7908004410869', 75, 1, 'Forceps Adulto N?17', 'Espacial 4\r', 92, 2),
(3159, '7908004410876', 75, 0, 'Forceps Adulto N?18 L', 'Espesial 3\r', 92, 2),
(3160, '7908004410883', 75, 0, 'Forceps Adulto N?18 R', 'Espesial 3\r', 92, 2),
(3161, '7908004410913', 75, 2, 'Forceps Adulto N?65', 'Espesial 2\r', 92, 2),
(3162, '7908004410920', 75, 2, 'Forceps Adulto N?68', 'Especial\r', 92, 2),
(3163, '7908004410937', 75, 0, 'Forceps Adulto N?69', '\r', 92, 2),
(3164, '7908004411439', 150, 2, 'Saca Coroa N?1', '\r', 30, 2),
(3165, '7908004413082', 10.5, 10, 'Cabo de Bisturi N\"3', '\r', 104, 2),
(3166, '7908004414676', 13, 20, 'Pinca Clinica Comum 317', '\r', 42, 2),
(3167, '7908148201569', 22, 1, 'Babador Adulto Beijos Abracos & Sorriso', '\r', 61, 4),
(3168, '7908255809559', 299, 2, 'Braquetes Autoligado Metalico Passivo High Torque Thomas .022\"', '\r', 16, 6),
(3169, '793573255990', 25.2, 45, 'Luva Pink Latex Extra Pequena', '\r', 14, 1),
(3170, '793573256010', 25.2, 51, 'Luva Pink Latex Media', '\r', 14, 1),
(3171, '793573256027', 25.2, 49, 'Luva Pink Latex Pequena', '\r', 14, 1),
(3172, '793573267603', 24, 54, 'Luva Latex Extra Pequena', '\r', 14, 1),
(3173, '793573958365', 24, 33, 'Luva Latex Pequena', '\r', 14, 1),
(3174, '793573958372', 24, 39, 'Luva Latex Media', '\r', 14, 1),
(3175, '793573958389', 24, 14, 'Luva Latex Grande', '\r', 14, 1),
(3176, '8000000117021', 4.2, 15, 'Triunfo Inferior 2D Cor 60', '\r', 7, 7),
(3177, '8000000117045', 4.2, 10, 'Triunfo Inferior 266 Cor 60', '\r', 7, 7),
(3178, '8000000117069', 4.2, 14, 'Triunfo Superior 3P Cor 62', '\r', 7, 7),
(3179, '8000000117083', 4.2, 20, 'Triunfo Superior 32M Cor 62', '\r', 7, 7),
(3180, '8000000117090', 4.2, 19, 'Triunfo Inferior 34L Cor 62', '\r', 7, 7),
(3181, '8000000117144', 4.2, 10, 'Triunfo Inferior A25 Cor 66', '\r', 7, 7),
(3182, '8000000117151', 4.2, 8, 'Triunfo Inferior 266 Cor 66', '\r', 7, 7),
(3183, '8000000117205', 4.2, 19, 'Triunfo Superior 3D Cor 69', '\r', 7, 7),
(3184, '8000000117212', 4.2, 9, 'Triunfo Superior 3P Cor 69', '\r', 7, 7),
(3185, '8000000117229', 4.2, 6, 'Triunfo Superior 32L Cor 69', '\r', 7, 7),
(3186, '8000000267016', 45, 4, 'Resina Termo Po Incolor', '\r', 12, 7),
(3187, '8000000270139', 15, 4, 'Resina Acrilica Bivalente cor 66', '\r', 12, 7),
(3188, '8000000287281', 85, 3, 'Resina Acrilica Auto Po Cristal', '\r', 12, 7),
(3189, '8000000292711', 8.5, 15, 'Bionix TE3 Cor 69', '\r', 7, 7),
(3190, '8000000292735', 8.5, 16, 'Bionix R4B Cor 69', '\r', 7, 7),
(3191, '8000000292759', 8.5, 13, 'Bionix IL7 Cor 69', '\r', 7, 7),
(3192, '8000000292766', 8.5, 16, 'Bionix IK 6 Cor 60', '\r', 7, 7),
(3193, '8000000292773', 8.5, 7, 'Bionix Superior TM2 Cor 62', '\r', 7, 7),
(3194, '8000000292797', 8.5, 10, 'Bionix Superior TM6 Cor 62', '\r', 7, 7),
(3195, '8000000292803', 8.5, 10, 'Bionix Inferior TM2 Cor 62', '\r', 7, 7),
(3196, '8000000292827', 8.5, 7, 'Bionix Inferior TM6 Cor 62', '\r', 7, 7),
(3197, '8000000292841', 8.5, 13, 'Bionix T14 Cor 66', '\r', 7, 7),
(3198, '896324557', 43.5, 2, 'Barreira Gengival Foto OpalDam Verde', '\r', 49, 2),
(3199, '898958254', 33, 18, 'Lamina de Bisturi de 15', '\r', 25, 1),
(3200, '9000000117020', 4.2, 13, 'Triunfo Superior 2D Cor 60', '\r', 7, 7),
(3201, '9000000117044', 4.2, 11, 'Triunfo Superior 266 Cor 60', '\r', 7, 7),
(3202, '9000000117051', 4.2, 9, 'Triunfo Superior 30L Cor 60', '\r', 7, 7),
(3203, '9000000117068', 4.2, 13, 'Triunfo Superior 263 Cor 62', '\r', 7, 7),
(3204, '9000000117075', 4.2, 17, 'Triunfo Superior 2P Cor 62', '\r', 7, 7),
(3205, '9000000117082', 4.2, 13, 'Triunfo Inferior 30M Cor 62', '\r', 7, 7),
(3206, '9000000117143', 4.2, 10, 'Triunfo Superior A25 Cor 66', '\r', 7, 7),
(3207, '9000000117150', 4.2, 12, 'Triunfo Superior 266 Cor 66', '\r', 7, 7),
(3208, '9000000117204', 4.2, 15, 'Triunfo Inferior 2D Cor 69', '\r', 7, 7),
(3209, '9000000117211', 4.2, 22, 'Triunfo Superior 263 Cor 69', '\r', 7, 7),
(3210, '9000000117235', 4.2, 11, 'Triunfo Superior 264 Cor 62', '\r', 7, 7),
(3211, '9000000255593', 14, 13, 'Cera 9 Rosa', '\r', 8, 7),
(3212, '9000000266964', 16, 13, 'Cera 7 Rosa', '\r', 8, 7),
(3213, '9000000270138', 15, 5, 'Resina Acrilica Bivalente cor 62', '\r', 12, 7),
(3214, '9000000287280', 45, 4, 'Resina Acrilica Auto Po Cristal', '\r', 12, 7),
(3215, '9000000292673', 8.5, 15, 'Bionix TE2 Cor 66', '\r', 7, 7),
(3216, '9000000292697', 8.5, 16, 'Bionix TF4 Cor 66', '\r', 7, 7),
(3217, '9000000292703', 8.5, 13, 'Bionix TE4 Cor 66', '\r', 7, 7),
(3218, '9000000292727', 8.5, 18, 'Bionix T12 Cor 66', '\r', 7, 7),
(3219, '9000000292741', 8.5, 12, 'Bionix T17 Cor 69', '\r', 7, 7),
(3220, '9000000292765', 8.5, 11, 'Bionix I 10 Cor 69', '\r', 7, 7),
(3221, '9000000292772', 8.5, 5, 'Bionix Superior TM2 Cor 60', '\r', 7, 7),
(3222, '9000000292789', 8.5, 11, 'Bionix Superior TM4 Cor 69', '\r', 7, 7),
(3223, '9000000292796', 8.5, 15, 'Bionix Superior TM6 Cor 60', '\r', 7, 7),
(3224, '9000000292802', 8.5, 5, 'Bionix Inferior TM3 Cor 60', '\r', 7, 7),
(3225, '9000000292819', 8.5, 10, 'Bionix Inferior TM4 Cor 69', '\r', 7, 7),
(3226, '9000000292826', 8.5, 15, 'Bionix Inferior TM6 Cor 60', '\r', 7, 7),
(3227, '9000000292833', 8.5, 16, 'Bionix TL4 Cor 62', '\r', 7, 7),
(3228, '9000000292857', 8.5, 15, 'Bionix IK 12 Cor 62', '\r', 7, 7),
(3229, '9300000117076', 4.2, 15, 'Triunfo Inferior 2P Cor 62', '\r', 7, 7),
(3230, '9900000117085', 4.2, 13, 'Triunfo Superior 30L Cor 62', '\r', 7, 7),
(3231, '9991000387059', 7, 63, 'Sugador de Saliva Azul', '\r', 78, 58),
(3232, '9991000387066', 7, 89, 'Sugador de Saliva Amarelo', '\r', 78, 5),
(3233, '9991000387073', 7, 61, 'Sugador de Saliva Verde', '\r', 78, 5),
(3234, '9991000387080', 7, 63, 'Sugador de Saliva Vermelho', '\r', 78, 5),
(3235, '9991000387097', 7, 43, 'Sugador de Saliva Transparente', '\r', 78, 5);

-- --------------------------------------------------------

--
-- Estrutura da tabela `slider`
--

CREATE TABLE `slider` (
  `id_slider` int(11) NOT NULL,
  `id_subgrupo` int(11) NOT NULL,
  `imagem` varchar(5000) DEFAULT NULL,
  `fundo` varchar(5000) DEFAULT NULL,
  `status` enum('1','0') NOT NULL
) ENGINE=InnoDB DEFAULT CHARSET=latin1;

-- --------------------------------------------------------

--
-- Estrutura da tabela `subgrupo`
--

CREATE TABLE `subgrupo` (
  `id_subgrupo` int(11) NOT NULL,
  `nome` varchar(200) NOT NULL,
  `id_grupo` int(11) NOT NULL
) ENGINE=InnoDB DEFAULT CHARSET=latin1;

--
-- Extraindo dados da tabela `subgrupo`
--

INSERT INTO `subgrupo` (`id_subgrupo`, `nome`, `id_grupo`) VALUES
(1, 'Banco esportivo', 19),
(2, 'Volante de competição', 19),
(3, 'abafador', 19),
(4, '', 31),
(5, 'Implante', 32),
(6, 'Elastico', 33),
(7, 'Dente', 34),
(8, 'Insolante e cera', 35),
(9, 'Ionomero', 39),
(10, 'Ponta diamantada', 34),
(11, 'Resina para consultorio', 42),
(12, 'Resina para laboratorio', 43),
(13, 'Adesivo e ionemero ortho', 44),
(14, 'Luvas descartaveis', 50),
(15, 'Reposicao de braquetes', 53),
(16, 'Braquetes', 55),
(17, 'Tubo cola', 60),
(18, 'Perifericos e pecas de mao', 62),
(19, 'Gancho,stop,guia,gurin', 63),
(20, 'Acessorios para ortodontia', 66),
(21, 'Cimento', 71),
(22, 'Biosseguranca', 74),
(23, 'Radiologia', 76),
(24, 'Prevencao e profilaxia', 81),
(25, 'Lamina de bisturi e cabos', 82),
(26, 'Aparelhos', 17),
(27, 'Suporte e porta acessorios', 85),
(28, 'Espelho', 94),
(29, 'Implacil', 100),
(30, 'Instrumentais diversos', 104),
(31, 'Pote dappen', 105),
(32, 'Afastador e abridor', 111),
(33, 'Agulha', 123),
(34, 'Mascara e kit esteril', 124),
(35, 'Gesso', 126),
(36, 'Anestesico', 129),
(37, 'Alginato', 130),
(38, 'Instrumentais para ortodontia', 133),
(39, 'Arcos', 134),
(40, 'Molas', 136),
(41, 'Alicate ortodontico', 147),
(42, 'Tesoura ,pincas e porta agulha', 173),
(43, 'Adesivo ortodonticos', 181),
(44, 'Silicones', 182),
(45, 'Acabamento e polimento', 183),
(46, 'Ponta de guta e papel/solvente', 184),
(47, 'Adesivo', 186),
(48, 'Protecao para paciente', 187),
(49, 'Clareamento', 188),
(50, 'Pino', 189),
(51, 'Hemostatico', 194),
(52, 'Compressa de gaze', 195),
(53, 'Acido en gel', 199),
(54, 'Ortopedia', 209),
(55, 'Bandas', 217),
(56, 'Fio vareta o rolo', 224),
(57, 'Tubo solda', 61),
(58, 'Moldeira', 247),
(59, 'Implante ortodontico', 258),
(60, 'Ancoragem absoluta', 258),
(61, 'Babador', 276),
(62, 'Agente', 280),
(63, 'Retrator', 283),
(64, 'Cariostatico e evidenciador', 284),
(65, 'Material', 286),
(66, 'Edta', 288),
(67, 'Medicamento', 197),
(68, 'Clorhexidina', 289),
(69, 'Cunhas', 295),
(70, 'Matriz', 298),
(71, 'Instrumentais para dentistica', 300),
(72, 'Resina acrilica ortodontica', 302),
(73, 'Coroa', 304),
(74, 'Pinceis e aplicadores', 306),
(75, 'Limas e acessorios', 307),
(76, 'Odontopediatria', 309),
(77, 'Brocas', 310),
(78, 'Sugador', 314),
(79, 'Placa', 316),
(80, 'Grampos e isolamento', 318),
(81, 'Papel carbono', 320),
(82, 'Tamborel', 330),
(83, 'Instrumentais para endodotico', 332),
(84, 'Equipamento laboratorio', 336),
(85, 'Solucao', 340),
(86, 'Mandril', 343),
(87, 'Espatulas', 352),
(88, 'Mufla', 355),
(89, 'Forma', 357),
(90, 'Jateamento', 365),
(91, 'Seringa', 369),
(92, 'Alavancas e forceps', 381),
(93, 'Tesoura e pincas', 173),
(94, 'Bandeja', 34),
(95, 'Kit', 398),
(96, 'Cuba para moldagem', 405),
(97, 'Broqueiro', 34),
(98, 'Agulha de sutura', 418),
(99, 'Revestimento', 423),
(100, 'Dissolvente', 425),
(101, 'Reembasador', 433),
(102, 'Limas', 307),
(103, 'Regeneracao', 463),
(104, 'Cabos', 34);

-- --------------------------------------------------------

--
-- Estrutura da tabela `usuario`
--

CREATE TABLE `usuario` (
  `id_user` bigint(20) UNSIGNED NOT NULL,
  `nome` varchar(200) NOT NULL,
  `login` varchar(200) NOT NULL,
  `senha` varchar(200) NOT NULL,
  `email` varchar(200) NOT NULL,
  `dtupdate` datetime DEFAULT NULL
) ENGINE=InnoDB DEFAULT CHARSET=utf8;

--
-- Extraindo dados da tabela `usuario`
--

INSERT INTO `usuario` (`id_user`, `nome`, `login`, `senha`, `email`, `dtupdate`) VALUES
(2, 'dental', 'dental', 'cde512dfb6937975382bb78607a1b2ec', 'dental@gmail.com', '2019-04-27 15:00:00');

--
-- Indexes for dumped tables
--

--
-- Indexes for table `carrinho`
--
ALTER TABLE `carrinho`
  ADD PRIMARY KEY (`id_carrinho`);

--
-- Indexes for table `categoria`
--
ALTER TABLE `categoria`
  ADD PRIMARY KEY (`id_categoria`);

--
-- Indexes for table `destaque`
--
ALTER TABLE `destaque`
  ADD PRIMARY KEY (`id_destaque`);

--
-- Indexes for table `estilo`
--
ALTER TABLE `estilo`
  ADD PRIMARY KEY (`id_estilo`);

--
-- Indexes for table `foto`
--
ALTER TABLE `foto`
  ADD PRIMARY KEY (`id_foto`);

--
-- Indexes for table `grupo`
--
ALTER TABLE `grupo`
  ADD PRIMARY KEY (`id_grupo`),
  ADD KEY `id_categoria` (`id_categoria`);

--
-- Indexes for table `item`
--
ALTER TABLE `item`
  ADD PRIMARY KEY (`id_item`),
  ADD KEY `id_subgrupo` (`id_subgrupo`),
  ADD KEY `id_marca` (`id_marca`);

--
-- Indexes for table `itemcarrinho`
--
ALTER TABLE `itemcarrinho`
  ADD PRIMARY KEY (`id_itemcarrinho`),
  ADD KEY `id_produto` (`id_produto`),
  ADD KEY `id_carrinho` (`id_carrinho`);

--
-- Indexes for table `marca`
--
ALTER TABLE `marca`
  ADD PRIMARY KEY (`id_marca`);

--
-- Indexes for table `mensagem`
--
ALTER TABLE `mensagem`
  ADD PRIMARY KEY (`id_mensagem`);

--
-- Indexes for table `pedido`
--
ALTER TABLE `pedido`
  ADD PRIMARY KEY (`id_pedido`),
  ADD KEY `id_carrinho` (`id_carrinho`);

--
-- Indexes for table `produto`
--
ALTER TABLE `produto`
  ADD PRIMARY KEY (`id_produto`),
  ADD KEY `id_subgrupo` (`id_subgrupo`),
  ADD KEY `id_marca` (`id_marca`);

--
-- Indexes for table `slider`
--
ALTER TABLE `slider`
  ADD PRIMARY KEY (`id_slider`),
  ADD KEY `id_subgrupo` (`id_subgrupo`);

--
-- Indexes for table `subgrupo`
--
ALTER TABLE `subgrupo`
  ADD PRIMARY KEY (`id_subgrupo`),
  ADD KEY `id_grupo` (`id_grupo`);

--
-- Indexes for table `usuario`
--
ALTER TABLE `usuario`
  ADD PRIMARY KEY (`id_user`);

--
-- AUTO_INCREMENT for dumped tables
--

--
-- AUTO_INCREMENT for table `carrinho`
--
ALTER TABLE `carrinho`
  MODIFY `id_carrinho` int(11) NOT NULL AUTO_INCREMENT;

--
-- AUTO_INCREMENT for table `categoria`
--
ALTER TABLE `categoria`
  MODIFY `id_categoria` int(11) NOT NULL AUTO_INCREMENT, AUTO_INCREMENT=20;

--
-- AUTO_INCREMENT for table `destaque`
--
ALTER TABLE `destaque`
  MODIFY `id_destaque` int(11) NOT NULL AUTO_INCREMENT, AUTO_INCREMENT=5;

--
-- AUTO_INCREMENT for table `estilo`
--
ALTER TABLE `estilo`
  MODIFY `id_estilo` int(11) NOT NULL AUTO_INCREMENT, AUTO_INCREMENT=5;

--
-- AUTO_INCREMENT for table `foto`
--
ALTER TABLE `foto`
  MODIFY `id_foto` int(11) NOT NULL AUTO_INCREMENT, AUTO_INCREMENT=15;

--
-- AUTO_INCREMENT for table `grupo`
--
ALTER TABLE `grupo`
  MODIFY `id_grupo` int(11) NOT NULL AUTO_INCREMENT, AUTO_INCREMENT=474;

--
-- AUTO_INCREMENT for table `item`
--
ALTER TABLE `item`
  MODIFY `id_item` int(11) NOT NULL AUTO_INCREMENT, AUTO_INCREMENT=446;

--
-- AUTO_INCREMENT for table `itemcarrinho`
--
ALTER TABLE `itemcarrinho`
  MODIFY `id_itemcarrinho` int(11) NOT NULL AUTO_INCREMENT;

--
-- AUTO_INCREMENT for table `marca`
--
ALTER TABLE `marca`
  MODIFY `id_marca` int(11) NOT NULL AUTO_INCREMENT, AUTO_INCREMENT=59;

--
-- AUTO_INCREMENT for table `mensagem`
--
ALTER TABLE `mensagem`
  MODIFY `id_mensagem` int(11) NOT NULL AUTO_INCREMENT, AUTO_INCREMENT=5;

--
-- AUTO_INCREMENT for table `pedido`
--
ALTER TABLE `pedido`
  MODIFY `id_pedido` int(11) NOT NULL AUTO_INCREMENT;

--
-- AUTO_INCREMENT for table `produto`
--
ALTER TABLE `produto`
  MODIFY `id_produto` int(11) NOT NULL AUTO_INCREMENT, AUTO_INCREMENT=3236;

--
-- AUTO_INCREMENT for table `slider`
--
ALTER TABLE `slider`
  MODIFY `id_slider` int(11) NOT NULL AUTO_INCREMENT;

--
-- AUTO_INCREMENT for table `subgrupo`
--
ALTER TABLE `subgrupo`
  MODIFY `id_subgrupo` int(11) NOT NULL AUTO_INCREMENT, AUTO_INCREMENT=105;

--
-- AUTO_INCREMENT for table `usuario`
--
ALTER TABLE `usuario`
  MODIFY `id_user` bigint(20) UNSIGNED NOT NULL AUTO_INCREMENT, AUTO_INCREMENT=3;

--
-- Constraints for dumped tables
--

--
-- Limitadores para a tabela `grupo`
--
ALTER TABLE `grupo`
  ADD CONSTRAINT `id_categoria` FOREIGN KEY (`id_categoria`) REFERENCES `categoria` (`id_categoria`);

--
-- Limitadores para a tabela `itemcarrinho`
--
ALTER TABLE `itemcarrinho`
  ADD CONSTRAINT `id_produto` FOREIGN KEY (`id_produto`) REFERENCES `produto` (`id_produto`),
  ADD CONSTRAINT `itemcarrinho_ibfk_1` FOREIGN KEY (`id_carrinho`) REFERENCES `carrinho` (`id_carrinho`);

--
-- Limitadores para a tabela `pedido`
--
ALTER TABLE `pedido`
  ADD CONSTRAINT `id_carrinho` FOREIGN KEY (`id_carrinho`) REFERENCES `carrinho` (`id_carrinho`);

--
-- Limitadores para a tabela `produto`
--
ALTER TABLE `produto`
  ADD CONSTRAINT `id_subgrupo` FOREIGN KEY (`id_subgrupo`) REFERENCES `subgrupo` (`id_subgrupo`);

--
-- Limitadores para a tabela `slider`
--
ALTER TABLE `slider`
  ADD CONSTRAINT `slider_ibfk_1` FOREIGN KEY (`id_subgrupo`) REFERENCES `subgrupo` (`id_subgrupo`);

--
-- Limitadores para a tabela `subgrupo`
--
ALTER TABLE `subgrupo`
  ADD CONSTRAINT `id_grupo` FOREIGN KEY (`id_grupo`) REFERENCES `grupo` (`id_grupo`);
COMMIT;

/*!40101 SET CHARACTER_SET_CLIENT=@OLD_CHARACTER_SET_CLIENT */;
/*!40101 SET CHARACTER_SET_RESULTS=@OLD_CHARACTER_SET_RESULTS */;
/*!40101 SET COLLATION_CONNECTION=@OLD_COLLATION_CONNECTION */;
