-- phpMyAdmin SQL Dump
-- version 4.7.0
-- https://www.phpmyadmin.net/
--
-- Host: 127.0.0.1
-- Generation Time: 16-Out-2019 às 22:17
-- Versão do servidor: 10.1.25-MariaDB
-- PHP Version: 5.6.31

SET SQL_MODE = "NO_AUTO_VALUE_ON_ZERO";
SET AUTOCOMMIT = 0;
START TRANSACTION;
SET time_zone = "+00:00";


/*!40101 SET @OLD_CHARACTER_SET_CLIENT=@@CHARACTER_SET_CLIENT */;
/*!40101 SET @OLD_CHARACTER_SET_RESULTS=@@CHARACTER_SET_RESULTS */;
/*!40101 SET @OLD_COLLATION_CONNECTION=@@COLLATION_CONNECTION */;
/*!40101 SET NAMES utf8mb4 */;

--
-- Database: `dentallivramento2`
--

-- --------------------------------------------------------

--
-- Estrutura da tabela `carrinho`
--

CREATE TABLE `carrinho` (
  `id_carrinho` int(11) NOT NULL
) ENGINE=InnoDB DEFAULT CHARSET=latin1;

-- --------------------------------------------------------

--
-- Estrutura da tabela `categoria`
--

CREATE TABLE `categoria` (
  `id_categoria` int(11) NOT NULL,
  `nome` varchar(100) NOT NULL,
  `descricao` varchar(5000) NOT NULL,
  `imagem` varchar(5000) NOT NULL
) ENGINE=InnoDB DEFAULT CHARSET=latin1;

--
-- Extraindo dados da tabela `categoria`
--

INSERT INTO `categoria` (`id_categoria`, `nome`, `descricao`, `imagem`) VALUES
(1, 'Cirurgia e periodontia', '', ''),
(2, 'Ortodontia ', '', ''),
(3, 'Protese e laboratorio', '', ''),
(4, 'Dentistica e estetica', '', ''),
(5, 'Brocas e pontas diamantada', '', ''),
(6, 'Descartaveis e limpeza', '', ''),
(7, 'Equipamentos', '', ''),
(8, 'Instrumentais e compartimentos', '', ''),
(9, 'Kit', '', ''),
(10, 'Anestesicos e agulha ', '', ''),
(11, 'Moldagem', '', ''),
(12, 'Endodontia e medicamentos', '', '');

-- --------------------------------------------------------

--
-- Estrutura da tabela `destaque`
--

CREATE TABLE `destaque` (
  `id_destaque` int(11) NOT NULL,
  `nome` varchar(100) DEFAULT NULL,
  `imagem` varchar(5000) NOT NULL,
  `id_grupo` int(11) NOT NULL
) ENGINE=InnoDB DEFAULT CHARSET=latin1;

-- --------------------------------------------------------

--
-- Estrutura da tabela `estilo`
--

CREATE TABLE `estilo` (
  `id_estilo` int(11) NOT NULL,
  `hexadecimal` varchar(7) NOT NULL,
  `local` varchar(250) NOT NULL,
  `nome` varchar(25) NOT NULL,
  `status` int(11) NOT NULL
) ENGINE=InnoDB DEFAULT CHARSET=latin1;

--
-- Extraindo dados da tabela `estilo`
--

INSERT INTO `estilo` (`id_estilo`, `hexadecimal`, `local`, `nome`, `status`) VALUES
(1, '#00BAFA', 'default.css', 'Azul', 1),
(2, '#FFB548', 'color-option2.css', 'Amarelo', 0),
(3, '#F45C5D', 'color-option4.css', 'Vermelho', 0),
(4, '#9B59B6', 'color-option1.css', 'Roxo', 0);

-- --------------------------------------------------------

--
-- Estrutura da tabela `foto`
--

CREATE TABLE `foto` (
  `id_foto` int(11) NOT NULL,
  `src` varchar(2000) NOT NULL
) ENGINE=InnoDB DEFAULT CHARSET=latin1;

--
-- Extraindo dados da tabela `foto`
--

INSERT INTO `foto` (`id_foto`, `src`) VALUES
(15, 'alex-7ByfI6Fpi90-unsplash.jpg'),
(16, 'product-img4.jpg'),
(17, 'product-img5.jpg'),
(18, 'wp1957138.jpg');

-- --------------------------------------------------------

--
-- Estrutura da tabela `grupo`
--

CREATE TABLE `grupo` (
  `id_grupo` int(11) NOT NULL,
  `nome` varchar(100) NOT NULL,
  `id_categoria` int(11) NOT NULL
) ENGINE=InnoDB DEFAULT CHARSET=latin1;

--
-- Extraindo dados da tabela `grupo`
--

INSERT INTO `grupo` (`id_grupo`, `nome`, `id_categoria`) VALUES
(1, 'Ucla plastica', 1),
(2, 'Ligadura tematica', 2),
(3, 'Geral', 3),
(4, 'Insolante para resina ', 3),
(5, 'Bionix', 3),
(6, 'Ligadura modular', 2),
(7, 'Ligadura em corrente', 2),
(8, 'Cimentacao', 4),
(9, 'Forrador', 4),
(10, 'Restauracao', 4),
(11, 'Geral', 5),
(12, 'Restauracoes', 4),
(13, 'Resina acrilica p/ provisorio', 3),
(14, 'Resina', 2),
(15, 'Cera', 3),
(16, 'Resina acrilica auto liquido', 3),
(17, 'Resina acrilica termo po', 3),
(18, 'Bionix', 2),
(19, 'Sonda', 1),
(20, 'Geral', 1),
(21, 'Intra oral', 2),
(22, 'Preminun', 6),
(23, 'Resina acrilica termo liquido', 3),
(24, 'Componente oring', 1),
(25, 'Ceramico', 2),
(26, 'Orthogalaxy', 2),
(27, 'Metalico convencional', 2),
(28, 'Autoligado metalico', 2),
(29, 'Braquete metalico lingual', 2),
(30, 'Safiro', 2),
(31, 'Autoligado ceramico', 2),
(32, 'Simple roth', 2),
(33, 'Duplo roth', 2),
(34, 'Autoclave', 7),
(35, 'Guia de mordida', 2),
(36, 'Stop retangulares', 2),
(37, 'Gancho ponta bola', 2),
(38, 'Fita para contencao lingual', 2),
(39, 'Ganchos longos', 2),
(40, 'Botao para solda', 2),
(41, 'Botao para colagem', 2),
(42, 'Gancho longo', 2),
(43, 'Cirurgico', 4),
(44, 'Transfer', 1),
(45, 'Ucla titanio', 1),
(46, 'Suporte embalagem', 6),
(47, 'Rolo', 6),
(48, 'Sensor digital', 7),
(49, 'Filme', 7),
(50, 'Cofia', 1),
(51, 'Ucla base cromo', 1),
(52, 'Mini conico', 1),
(53, 'Bicarbonato', 4),
(54, 'Laminas', 8),
(55, 'Tampa', 1),
(56, 'Barra clip', 1),
(57, 'Raio x', 7),
(58, 'Alicate sem tampa', 8),
(59, 'Arcos', 8),
(60, 'Bengalinha', 8),
(61, 'Alicate com tampa', 8),
(62, 'Corrente', 8),
(63, 'Alicate deitado', 8),
(64, 'Maleta para alicates', 8),
(65, 'Algodao rolete', 8),
(66, 'Algodao rolete', 2),
(67, 'Porta resina', 8),
(68, 'Ligadura modular', 8),
(69, 'Toucador', 8),
(70, 'Babador', 8),
(71, 'Caixa de luvas', 8),
(72, 'Analogo', 1),
(73, 'Munhao hi e he', 1),
(74, 'Kit', 1),
(75, 'Implante', 9),
(76, 'Cicatrizador hi', 1),
(77, 'Cicatrizador he', 1),
(78, 'Cicatrizador cm', 1),
(79, 'Marcador de instrumento', 8),
(80, 'Geral', 8),
(81, 'Silicone', 3),
(82, 'Analogo', 2),
(83, 'Munhao cone morse ', 1),
(84, 'Protecao radiologa', 7),
(85, 'Implante conico hi', 1),
(86, 'Implante cone morse', 1),
(87, 'Parafuso', 1),
(88, 'Afastador labial', 8),
(89, 'Para clariamento', 8),
(90, 'Para foto', 8),
(91, 'Com retrator', 8),
(92, 'Resinoso', 4),
(93, 'Resina acrilica auto po', 3),
(94, 'Resina acrilica p/ provisorio', 4),
(95, 'Acionamento', 7),
(96, 'Triunfo', 3),
(97, 'Seladora', 7),
(98, 'Acessorio para raio-x', 7),
(99, 'Cuba de ultrassom', 7),
(100, 'Resina acrilica auto kit', 3),
(101, 'Cera', 4),
(102, 'Agulha gengival', 10),
(103, 'Kit esteril', 6),
(104, 'Negatoscopio', 7),
(105, 'Tipo 4', 3),
(106, 'Envelope', 6),
(107, 'Indicador quimico', 6),
(108, 'Anestesico topico', 10),
(109, 'Tipo 2', 11),
(110, 'Protecao', 7),
(111, 'Microcanulas', 10),
(112, 'Maniquin', 4),
(113, 'Aco redondo', 2),
(114, 'Aco retangular', 2),
(115, 'Niti fechada', 2),
(116, 'Niti superelastico redondo', 2),
(117, 'Niti superelastico retangular', 2),
(118, 'Niti termo redondo', 2),
(119, 'Niti termo retangular', 2),
(120, 'Curva reversa redondo', 2),
(121, 'Estetico redondo', 2),
(122, 'Estetico retangular', 2),
(123, 'Niti aberta', 2),
(124, 'Copper niti redondo', 2),
(125, 'Copper niti retangular', 2),
(126, 'Corte amarrilho for her', 2),
(127, 'Corte amarrilho', 2),
(128, 'Corte distal confort', 2),
(129, 'Corte fio grosso', 2),
(130, 'Alihnadores', 2),
(131, '109 de la rosa', 2),
(132, '110 how reto', 2),
(133, '111 how curvo', 2),
(134, '139 angle', 2),
(135, '158 formar amarrilho', 2),
(136, '168 dobrar em v', 2),
(137, 'Dobrador de arco de niti', 2),
(138, '200 tridente', 2),
(139, '120 weingart', 2),
(140, '325 universal', 2),
(141, 'Removedor de braquete curvo', 2),
(142, '347 removedor de banda', 2),
(143, 'Alicate 350 tweed omega loop', 4),
(144, '400 w torque individual', 2),
(145, '410 atkinson', 2),
(146, '442 c tweed', 2),
(147, '001 nance', 2),
(148, '053 meia cana', 2),
(149, '074 young', 2),
(150, 'Removedor de braquete reto', 2),
(151, 'Gancho bola', 2),
(152, 'Porta agulha mathieu', 8),
(153, 'Pinca para braquetes', 2),
(154, 'Pinca para tubos', 2),
(155, 'Acalcador', 2),
(156, 'Posicionador', 2),
(157, 'Dobrador de amarrilho', 2),
(158, 'Para bandas foto', 2),
(159, 'Resinas e adesivos', 2),
(160, 'Ionomero para bandas auto', 2),
(161, 'Adicao', 11),
(162, 'Tira de lixa resina', 4),
(163, 'Ponta de guta ', 12),
(164, 'Ponta de papel', 12),
(165, 'Para metal', 4),
(166, 'Resina protetora', 2),
(167, 'Clareador interno', 4),
(168, 'Fibra de vidro', 3),
(169, 'Pastilhas parra limpeza', 2),
(170, 'Caixa concha', 2),
(171, 'Nitrilo', 6),
(172, 'Flow', 4),
(173, 'Esponja', 1),
(174, 'Cordada', 1),
(175, 'Zinco', 4),
(176, 'Endodontico', 12),
(177, 'Verniz de fluor', 4),
(178, 'Fosforico', 4),
(179, 'Com vaso', 10),
(180, 'Hidroxido auto', 4),
(181, 'Provisorio', 4),
(182, 'Fluor em gel', 4),
(183, 'Pedra pomes', 4),
(184, 'Pasta profilatica', 4),
(185, 'Condicionador acido', 4),
(186, 'Restauracao', 2),
(187, 'Aco retangular', 4),
(188, 'Extroral', 2),
(189, 'Curva reversa retangular', 2),
(190, 'Solda prata rolo', 2),
(191, 'Tracionador', 2),
(192, 'Dobrador de expansor', 2),
(193, 'Colocador de elasticos', 2),
(194, 'Torre ortodontica', 2),
(195, 'Tensiometro', 2),
(196, 'Aco aberta', 2),
(197, 'Aco fechada', 2),
(198, 'Embalagem para paciente', 8),
(199, 'Universal', 2),
(200, 'Caixa para bandas', 2),
(201, 'Extra oral', 2),
(202, 'Ligadura bengalinha', 2),
(203, 'Elastico separador', 2),
(204, 'Expansor', 2),
(205, 'Expansor hyrax', 2),
(206, 'Rolo duro elastico inox', 2),
(207, 'Fio amarrilho', 2),
(208, 'Vareta azul morealloy', 2),
(209, 'Vareta standard de aco', 2),
(210, 'Triplo roth', 2),
(211, 'Vareta twist flex ', 2),
(212, 'Elastico rotador', 2),
(213, 'Barra palatina com loop mesial', 2),
(214, 'Gurin sem gancho', 2),
(215, 'Chave para gurin', 2),
(216, 'Gancho para tracao', 2),
(217, 'Light', 2),
(218, 'Light', 5),
(219, 'Diversos', 2),
(220, 'Vareta standard  aco', 2),
(221, 'Gurin com gancho', 2),
(222, 'Template', 2),
(223, 'Destacador de tampa', 2),
(224, 'Dobrador de distal', 2),
(225, 'Policarbonato', 2),
(226, 'Composite', 2),
(227, 'Advanced', 2),
(228, 'Vareta tma', 2),
(229, 'Pinca plic', 2),
(230, 'Completa dentado', 11),
(231, 'Completa', 11),
(232, 'Adesivo', 2),
(233, 'Expansor universal', 2),
(234, 'Max', 2),
(235, 'Gurin haste longa', 2),
(236, 'Fio meia cana', 2),
(237, 'Protetor de fio', 2),
(238, 'Caixa de aparelho', 2),
(239, 'Tala ortodonitca', 2),
(240, 'Stop redondos', 2),
(241, 'Miniparafuso', 2),
(242, 'Geral', 2),
(243, 'Lingual', 2),
(244, 'Chaves', 2),
(245, 'Cera protecao', 2),
(246, 'Simple mbt', 2),
(247, 'Mascara para tracao', 2),
(248, 'Pre-molar', 2),
(249, 'Mini esporao', 2),
(250, 'Autoligado', 2),
(251, 'Tubo simples', 2),
(252, 'Tubo duplo', 2),
(253, 'Tubo triplo', 2),
(254, 'Tubo triplo com tubo lingual', 2),
(255, 'Caixa multiuso', 2),
(256, 'Autoligado', 10),
(257, 'Cursor mesializador', 2),
(258, 'Kit de arcos', 2),
(259, 'Polimento e remacao', 2),
(260, 'Dispensador', 11),
(261, 'Descartavel', 6),
(262, 'Geral', 4),
(263, 'Obturador provisorio', 4),
(264, 'Endodontico', 4),
(265, 'Hidroxido de calcio foto', 4),
(266, 'Fluoridrico', 4),
(267, 'Silano', 4),
(268, 'Barreira gengival', 4),
(269, 'Caseiro', 4),
(270, 'Fio', 11),
(271, 'Evidenciador', 12),
(272, 'Selante', 4),
(273, 'Curativo', 1),
(274, 'Cariostatico', 4),
(275, 'Solucao', 12),
(276, 'Geral', 11),
(277, 'Gel', 11),
(278, 'Solvente', 12),
(279, 'Gel', 12),
(280, 'Dessensibilizante', 4),
(281, 'Universal', 4),
(282, 'Bisacrilica', 3),
(283, 'Discos diversos', 4),
(284, 'Disco de lixa', 5),
(285, 'Cunha de madeira', 4),
(286, 'Tira de lixa aco', 4),
(287, 'Disco de lixa', 4),
(288, 'Cunha elastica', 4),
(289, 'Matriz de poliester', 4),
(290, 'Pasta de polimento', 4),
(291, 'Pincel', 4),
(292, 'Instrumentais para diversos', 4),
(293, 'Po e liquido', 3),
(294, 'Matriz metalica', 4),
(295, 'Coroa de poliester', 3),
(296, 'Matriz cervical', 4),
(297, 'Aplicador descartavel', 4),
(298, 'K', 12),
(299, 'H', 12),
(300, 'Materila para consultorio', 4),
(301, 'Broca largo', 5),
(302, 'Moldeira kit', 11),
(303, 'Moldeiras parciais', 11),
(304, 'Moldeira descartavel', 11),
(305, 'Saliva', 6),
(306, 'Para fundicao', 3),
(307, 'Endodontico', 6),
(308, 'Soft', 11),
(309, 'Consultorio', 4),
(310, 'Arco', 12),
(311, 'Isolamento', 12),
(312, 'Fibra de vidro', 4),
(313, 'Caixa de aparelho', 8),
(314, 'Arcada', 4),
(315, 'Reto', 4),
(316, 'Materila para consultorio', 2),
(317, 'Brindes para pacientes', 2),
(318, 'Abridor de boca', 8),
(319, 'Molderira para fluor', 11),
(320, 'H', 10),
(321, 'Brindes para pacientes', 4),
(322, 'Espacador', 12),
(323, 'Stop de silicone', 12),
(324, 'Broca gates', 5),
(325, 'Evidenciador de placa', 4),
(326, 'Metalico', 3),
(327, 'Metalico', 4),
(328, 'Tamborel de apoio', 12),
(329, 'Ponta de aspiracao', 12),
(330, 'Regua', 12),
(331, 'Algodao hidrofilo', 6),
(332, 'Cordada', 6),
(333, 'Articulador', 7),
(334, 'Fotoplimerizador', 7),
(335, 'Plastificadora', 1),
(336, 'Cristal ', 11),
(337, 'Lupa', 7),
(338, 'Inox dentad kit', 11),
(339, 'Hipoclorito', 12),
(340, 'Para alta rotacao', 5),
(341, 'Taca de borracha', 4),
(342, 'Mandril ca', 5),
(343, 'Broca carbide', 5),
(344, 'Colmeia diamantada', 4),
(345, 'Kit polimento', 4),
(346, 'Kit polimento', 2),
(347, 'Escovas', 4),
(348, 'Cavitador e ultrassom', 7),
(349, 'Avental', 6),
(350, 'Desincrustante', 6),
(351, 'Touca', 6),
(352, 'Espatula para gesso', 3),
(353, 'Typodont metal', 2),
(354, 'Base', 3),
(355, 'De latao', 3),
(356, 'Macarico blaster', 3),
(357, 'Zolacdor pastico', 3),
(358, 'Fio de latao', 2),
(359, 'Lecron', 8),
(360, 'Porta algodao', 8),
(361, 'Prendedor jacare corrente', 8),
(362, 'Camara escura', 7),
(363, 'Eliminadora de bolhas', 3),
(364, 'Jateamento e desgaste', 3),
(365, 'Oxido aluminio', 3),
(366, 'Vibrador de gesso', 7),
(367, 'Solda ponto', 2),
(368, 'Prensa', 3),
(369, 'Carpule', 8),
(370, 'Corte distal master', 2),
(371, 'Corte amarrilho master', 2),
(372, 'Cimento', 8),
(373, 'Sonda', 8),
(374, '114 jonson conformador d banda', 2),
(375, '350 tweed omega loop', 2),
(376, 'Corte amarrilho premiu', 2),
(377, 'Corte distal gold', 2),
(378, 'Jaraback', 2),
(379, 'Tesoura', 8),
(380, 'Pinca auxiliar', 8),
(381, 'Pinca palmer', 8),
(382, 'Alavanca', 8),
(383, 'Para resina', 8),
(384, 'Metalico', 8),
(385, 'Pinca mosquito', 8),
(386, 'Clinico', 8),
(387, 'Descolador', 8),
(388, 'Removedor de braquete ceramico', 2),
(389, 'Bandeja plastica', 8),
(390, 'Braided', 2),
(391, 'Corte distal', 2),
(392, 'Reposicao metalico', 2),
(393, 'Simples conversivel', 2),
(394, 'Motor para implante', 5),
(395, 'Micro motor', 7),
(396, 'Contra angulo', 7),
(397, 'Contra angulo para implante', 8),
(398, 'Motor para implante', 7),
(399, 'Peca cirurgica', 7),
(400, 'Peca reta', 7),
(401, 'Academico', 7),
(402, 'Caneta alta rotacao', 7),
(403, 'Seringa triplice', 7),
(404, 'Jato para bicarbonato', 7),
(405, 'Edta', 12),
(406, 'Idoformio', 12),
(407, 'Paramono', 12),
(408, 'Evidenciador', 4),
(409, 'Tigela de borracha', 11),
(410, 'Kit', 11),
(411, 'Espatula para alginato', 11),
(412, 'Fg/ca', 8),
(413, 'Fg', 8),
(414, 'Refil', 12),
(415, 'Restaurador provisorio', 4),
(416, 'Bolsa termica', 1),
(417, 'Cimento de zinco', 4),
(418, 'Cimentacao', 8),
(419, 'Restauracoes', 3),
(420, 'Tipo 2', 8),
(421, 'Mascara tipla com elastico', 6),
(422, 'Plastico', 6),
(423, 'Oleo spray', 7),
(424, 'Ponta diamantada', 5),
(425, 'Condensacao', 11),
(426, 'Nylon', 1),
(427, 'Seda', 1),
(428, 'Agua destilada', 6),
(429, 'Ortodontico', 3),
(430, 'Tipo 3', 3),
(431, 'Tipo 2', 3),
(432, 'Baixa fusao', 3),
(433, 'Sabonete', 6),
(434, 'De gesso', 3),
(435, 'Solucao de milton', 12),
(436, 'Alcool gel', 6),
(437, 'Detergente para instrumentos', 6),
(438, 'Alcool solucao', 6),
(439, 'Detergente enzimatico', 6),
(440, 'Vicryl', 1),
(441, 'Bolinha de espuma', 4),
(442, 'Em gel', 3),
(443, 'Corante para resina', 4),
(444, 'Registro de mordida', 11),
(445, 'Admira fusion', 4),
(446, 'Modelos', 11),
(447, 'Teste de vitalidade', 12),
(448, 'Oleo de laranja', 12),
(449, 'Cirurgico descartavel', 6),
(450, 'Tira de poliester', 4),
(451, 'Solucao', 1),
(452, 'Eugenol', 12),
(453, 'Formacrecol', 4),
(454, 'Teicresol', 12),
(455, 'Espatula para ionomero', 4),
(456, 'De alginato', 3),
(457, 'De cera', 3),
(458, 'Limpador aco inox', 6),
(459, 'Detergente neutro', 6),
(460, 'Para copia dental', 11),
(461, 'Ativador', 11),
(462, 'Cimento para lentes', 4),
(463, 'Gengiva', 11),
(464, 'Pontas automistura', 11),
(465, 'Laboratorio', 11),
(466, 'Condensador', 12),
(467, 'Broca lentulo mecanisado', 12),
(468, 'Flexile', 12),
(469, 'Resina composta p/ laboratorio', 3),
(470, 'Algodao em rolete', 6),
(471, '121 bico chato', 2),
(472, 'Lima rotatoria', 12),
(473, 'Osso', 1),
(474, 'Membrana', 1),
(475, 'Simples damon', 2),
(476, 'Sequencia', 2),
(477, 'Contour niti', 2),
(478, 'Sonda', 12),
(479, 'Cabo para espelho', 8),
(480, 'Instrumentais para diversos', 8),
(481, 'Forceps adulto', 8),
(482, 'Saca coroa', 8),
(483, 'Cabo de bisturi', 8),
(484, 'Pinca clinica', 8),
(485, 'Latex', 6),
(486, 'Kit niti + arco', 2),
(487, 'Triunfo', 2);

-- --------------------------------------------------------

--
-- Estrutura da tabela `item`
--

CREATE TABLE `item` (
  `id_item` int(11) NOT NULL,
  `descricao` varchar(1000) NOT NULL,
  `imagem` varchar(5000) NOT NULL,
  `destaque` enum('1','0') NOT NULL,
  `tipo` varchar(100) NOT NULL,
  `id_subgrupo` int(11) NOT NULL,
  `id_marca` int(11) NOT NULL
) ENGINE=InnoDB DEFAULT CHARSET=latin1;

--
-- Extraindo dados da tabela `item`
--

INSERT INTO `item` (`id_item`, `descricao`, `imagem`, `destaque`, `tipo`, `id_subgrupo`, `id_marca`) VALUES
(1504, '', '', '1', '\r', 739, 141),
(1505, '', '', '1', '\r', 740, 142),
(1506, '', '', '1', '\r', 741, 143),
(1507, '', '', '1', '\r', 742, 143),
(1508, '', '', '1', '\r', 743, 143),
(1509, '', '', '1', 'Amarelo\r', 744, 142),
(1510, '', '', '', 'Azul bebe\r', 744, 142),
(1511, '', '', '', 'Azul celeste\r', 744, 142),
(1512, '', '', '', 'Azul claro\r', 744, 142),
(1513, '', '', '', 'Azul crisatal\r', 744, 142),
(1514, '', '', '', 'Azul jeans\r', 744, 142),
(1515, '', '', '', 'Azul metalizado\r', 744, 142),
(1516, '', '', '', 'Azul royal\r', 744, 142),
(1517, '', '', '', 'Branco\r', 744, 142),
(1518, '', '', '', 'Cereja\r', 744, 142),
(1519, '', '', '', 'Laranja\r', 744, 142),
(1520, '', '', '', 'Laranja escuro\r', 744, 142),
(1521, '', '', '', 'Lilas\r', 744, 142),
(1522, '', '', '', 'Perola\r', 744, 142),
(1523, '', '', '', 'Pink\r', 744, 142),
(1524, '', '', '', 'Pink escuro\r', 744, 142),
(1525, '', '', '', 'Prata\r', 744, 142),
(1526, '', '', '', 'Preto', 744, 142),
(1527, '', '', '', 'Rosa bebe\r', 744, 142),
(1528, '', '', '', 'Rosa perola\r', 744, 142),
(1529, '', '', '', 'Sortido\r', 744, 142),
(1530, '', '', '', 'Sortido estetica\r', 744, 142),
(1531, '', '', '', 'Sortido metalisado\r', 744, 142),
(1532, '', '', '', 'Trasmparente\r', 744, 142),
(1533, '', '', '', 'Turquesa\r', 744, 142),
(1534, '', '', '', 'Uva\r', 744, 142),
(1535, '', '', '', 'Uva cristal\r', 744, 142),
(1536, '', '', '', 'Verde\r', 744, 142),
(1537, '', '', '', 'Verde neon\r', 744, 142),
(1538, '', '', '', 'Vermelho\r', 744, 142),
(1539, '', '', '', 'Vermelho intenso\r', 744, 142),
(1540, '', '', '', 'Azul bebe\r', 745, 142),
(1541, '', '', '', 'Azul celeste\r', 745, 142),
(1542, '', '', '', 'Azul jeans\r', 745, 142),
(1543, '', '', '', 'Azul metalizado\r', 745, 142),
(1544, '', '', '', 'Azul royal\r', 745, 142),
(1545, '', '', '', 'Branco\r', 745, 142),
(1546, '', '', '', 'Cereja\r', 745, 142),
(1547, '', '', '', 'Laranja\r', 745, 142),
(1548, '', '', '', 'Laranja escuro\r', 745, 142),
(1549, '', '', '', 'Pink\r', 745, 142),
(1550, '', '', '', 'Pink escuro\r', 745, 142),
(1551, '', '', '', 'Prata\r', 745, 142),
(1552, '', '', '', 'Preto\r', 745, 142),
(1553, '', '', '', 'Rosa bebe\r', 745, 142),
(1554, '', '', '', 'Rosa perola\r', 745, 142),
(1555, '', '', '', 'Trasmparente\r', 745, 142),
(1556, '', '', '', 'Turquesa\r', 745, 142),
(1557, '', '', '', 'Uva\r', 745, 142),
(1558, '', '', '', 'Uva cristal\r', 745, 142),
(1559, '', '', '', 'Verde\r', 745, 142),
(1560, '', '', '', 'Verde neon\r', 745, 142),
(1561, '', '', '', 'Vermelho\r', 745, 142),
(1562, '', '', '', 'Vermelho intenso\r', 745, 142),
(1563, '', '', '', 'Lilas\r', 745, 142),
(1564, '', '', '', 'Amarelo\r', 745, 142),
(1565, '', '', '', '\r', 746, 144),
(1566, '', '', '', 'Espesial 2\r', 747, 144),
(1567, '', '', '', '\r', 748, 144),
(1568, '', '', '', 'Espesial 2\r', 748, 144),
(1569, '', '', '', 'Especial\r', 746, 144),
(1570, '', '', '', '\r', 749, 145),
(1571, '', '', '', '\r', 747, 144),
(1572, '', '', '', '\r', 750, 144),
(1573, '', '', '', '\r', 751, 144),
(1574, '', '', '', 'Azul perolizado\r', 744, 142),
(1575, '', '', '', '\r', 752, 146),
(1576, '', '', '', '\r', 753, 143),
(1577, '', '', '', '\r', 754, 143),
(1578, '', '', '', '\r', 755, 143),
(1579, '', '', '', '\r', 756, 143),
(1580, '', '', '', '\r', 757, 141),
(1581, '', '', '', '\r', 758, 141),
(1582, '', '', '', '\r', 759, 142),
(1583, '', '', '', '\r', 760, 147),
(1584, '', '', '', '\r', 761, 143),
(1585, '', '', '', '\r', 762, 141),
(1586, '', '', '', '\r', 763, 148),
(1587, '', '', '', '\r', 764, 142),
(1588, '', '', '', 'Roth \r', 765, 142),
(1589, '', '', '', '\r', 765, 142),
(1590, '', '', '', 'Roth \r', 766, 142),
(1591, '', '', '', 'Mbt\r', 766, 142),
(1592, '', '', '', '\r', 767, 142),
(1593, '', '', '', '\r', 768, 142),
(1594, '', '', '', 'Roth \r', 769, 142),
(1595, '', '', '', '\r', 766, 142),
(1596, '', '', '', '\r', 763, 142),
(1597, '', '', '', 'Roth \r', 770, 142),
(1598, '', '', '', 'Mbt\r', 770, 142),
(1599, '', '', '', 'Roth \r', 771, 142),
(1600, '', '', '', '\r', 772, 142),
(1601, '', '', '', '\r', 773, 142),
(1602, '', '', '', '\r', 774, 149),
(1603, '', '', '', '\r', 775, 142),
(1604, '', '', '', '\r', 776, 142),
(1605, '', '', '', '\r', 777, 142),
(1606, '', '', '', '\r', 778, 142),
(1607, '', '', '', '\r', 779, 142),
(1608, '', '', '', '\r', 780, 142),
(1609, '', '', '', '\r', 781, 142),
(1610, '', '', '', '\r', 782, 142),
(1611, '', '', '', 'Especial\r', 781, 142),
(1612, '', '', '', '\r', 783, 144),
(1613, '', '', '', '\r', 784, 141),
(1614, '', '', '', '\r', 785, 141),
(1615, '', '', '', '\r', 786, 149),
(1616, '', '', '', '\r', 787, 149),
(1617, '', '', '', '\r', 788, 150),
(1618, '', '', '', 'Especial\r', 789, 150),
(1619, '', '', '', '\r', 790, 141),
(1620, '', '', '', '\r', 791, 141),
(1621, '', '', '', '\r', 792, 141),
(1622, '', '', '', '\r', 793, 151),
(1623, '', '', '', '\r', 794, 152),
(1624, '', '', '', '\r', 795, 141),
(1625, '', '', '', '\r', 796, 141),
(1626, '', '', '', '\r', 751, 143),
(1627, '', '', '', '\r', 797, 153),
(1628, '', '', '', '\r', 798, 154),
(1629, '', '', '', '\r', 799, 154),
(1630, '', '', '', '\r', 800, 154),
(1631, '', '', '', '\r', 801, 154),
(1632, '', '', '', '\r', 802, 154),
(1633, '', '', '', '\r', 803, 154),
(1634, '', '', '', '\r', 804, 154),
(1635, '', '', '', '\r', 805, 154),
(1636, '', '', '', '\r', 806, 154),
(1637, '', '', '', '\r', 807, 154),
(1638, '', '', '', '\r', 808, 154),
(1639, '', '', '', '\r', 809, 154),
(1640, '', '', '', '\r', 810, 154),
(1641, '', '', '', '\r', 811, 154),
(1642, '', '', '', '\r', 812, 141),
(1643, '', '', '', '\r', 813, 141),
(1644, '', '', '', 'Especial\r', 762, 141),
(1645, '', '', '', '\r', 814, 141),
(1646, '', '', '', 'Kit', 815, 155),
(1647, '', '', '', '\r', 816, 141),
(1648, '', '', '', '\r', 817, 141),
(1649, '', '', '', '\r', 818, 141),
(1650, '', '', '', '\r', 819, 156),
(1651, '', '', '', '\r', 820, 156),
(1652, '', '', '', '\r', 821, 156),
(1653, '', '', '', '\r', 822, 156),
(1654, '', '', '', '\r', 823, 141),
(1655, '', '', '', '\r', 824, 141),
(1656, '', '', '', '\r', 825, 157),
(1657, '', '', '', '\r', 826, 141),
(1658, '', '', '', '\r', 827, 141),
(1659, '', '', '', '\r', 828, 141),
(1660, '', '', '', '\r', 829, 142),
(1661, '', '', '', '\r', 830, 142),
(1662, '', '', '', '\r', 831, 142),
(1663, '', '', '', '\r', 832, 142),
(1664, '', '', '', '\r', 833, 146),
(1665, '', '', '', 'Especial\r', 748, 144),
(1666, '', '', '', '\r', 834, 143),
(1667, '', '', '', '\r', 835, 143),
(1668, '', '', '', '\r', 836, 149),
(1669, '', '', '', '\r', 750, 146),
(1670, '', '', '', '\r', 837, 143),
(1671, '', '', '', '\r', 838, 149),
(1672, '', '', '', '\r', 839, 150),
(1673, '', '', '', '\r', 840, 149),
(1674, '', '', '', '\r', 841, 144),
(1675, '', '', '', 'Especial\r', 758, 141),
(1676, '', '', '', '\r', 842, 143),
(1677, '', '', '', '\r', 843, 158),
(1678, '', '', '', '\r', 834, 144),
(1679, '', '', '', '\r', 844, 159),
(1680, '', '', '', '\r', 845, 160),
(1681, '', '', '', '\r', 846, 144),
(1682, '', '', '', '\r', 847, 149),
(1683, '', '', '', '\r', 848, 149),
(1684, '', '', '', '\r', 849, 158),
(1685, '', '', '', '\r', 850, 158),
(1686, '', '', '', '\r', 851, 159),
(1687, '', '', '', '\r', 843, 161),
(1688, '', '', '', '\r', 852, 161),
(1689, '', '', '', '\r', 853, 143),
(1690, '', '', '', '\r', 854, 162),
(1691, '', '', '', '\r', 855, 142),
(1692, '', '', '', '\r', 856, 142),
(1693, '', '', '', '\r', 857, 142),
(1694, '', '', '', '\r', 858, 142),
(1695, '', '', '', '\r', 859, 142),
(1696, '', '', '', '\r', 860, 142),
(1697, '', '', '', '\r', 861, 142),
(1698, '', '', '', '\r', 862, 142),
(1699, '', '', '', '\r', 863, 142),
(1700, '', '', '', '\r', 864, 142),
(1701, '', '', '', '\r', 865, 142),
(1702, '', '', '', '\r', 866, 142),
(1703, '', '', '', '\r', 867, 142),
(1704, '', '', '', '\r', 868, 142),
(1705, '', '', '', '\r', 869, 142),
(1706, '', '', '', '\r', 870, 142),
(1707, '', '', '', '\r', 871, 142),
(1708, '', '', '', '\r', 872, 142),
(1709, '', '', '', '\r', 873, 142),
(1710, '', '', '', '\r', 874, 142),
(1711, '', '', '', '\r', 875, 142),
(1712, '', '', '', '\r', 876, 142),
(1713, '', '', '', '\r', 877, 142),
(1714, '', '', '', '\r', 878, 142),
(1715, '', '', '', '\r', 879, 142),
(1716, '', '', '', '\r', 880, 142),
(1717, '', '', '', '\r', 881, 142),
(1718, '', '', '', '\r', 882, 142),
(1719, '', '', '', '\r', 883, 142),
(1720, '', '', '', '\r', 884, 142),
(1721, '', '', '', '\r', 885, 142),
(1722, '', '', '', '\r', 886, 142),
(1723, '', '', '', '\r', 887, 142),
(1724, '', '', '', '\r', 888, 142),
(1725, '', '', '', '\r', 889, 142),
(1726, '', '', '', '\r', 890, 142),
(1727, '', '', '', '\r', 891, 142),
(1728, '', '', '', '\r', 892, 142),
(1729, '', '', '', '\r', 893, 142),
(1730, '', '', '', '\r', 894, 142),
(1731, '', '', '', '\r', 895, 142),
(1732, '', '', '', '\r', 896, 142),
(1733, '', '', '', '\r', 897, 142),
(1734, '', '', '', '\r', 898, 142),
(1735, '', '', '', '\r', 899, 142),
(1736, '', '', '', '\r', 900, 144),
(1737, '', '', '', '\r', 901, 142),
(1738, '', '', '', '\r', 902, 142),
(1739, '', '', '', '\r', 903, 142),
(1740, '', '', '', '\r', 900, 142),
(1741, '', '', '', 'Espesial 2\r', 774, 149),
(1742, '', '', '', '\r', 904, 163),
(1743, '', '', '', '\r', 905, 144),
(1744, '', '', '', '\r', 906, 164),
(1745, '', '', '', '\r', 907, 164),
(1746, '', '', '', '\r', 908, 163),
(1747, '', '', '', '\r', 909, 163),
(1748, '', '', '', '\r', 910, 165),
(1749, '', '', '', '\r', 911, 166),
(1750, '', '', '', '\r', 789, 150),
(1751, '', '', '', '\r', 912, 142),
(1752, '', '', '', '\r', 913, 142),
(1753, '', '', '', '\r', 914, 147),
(1754, '', '', '', '\r', 915, 146),
(1755, '', '', '', 'Espesial 3\r', 916, 151),
(1756, '', '', '', '\r', 917, 167),
(1757, '', '', '', '\r', 918, 168),
(1758, '', '', '', '\r', 746, 168),
(1759, '', '', '', '\r', 748, 168),
(1760, '', '', '', '\r', 919, 168),
(1761, '', '', '', '\r', 793, 168),
(1762, '', '', '', '\r', 920, 168),
(1763, '', '', '', '\r', 921, 168),
(1764, '', '', '', '\r', 922, 168),
(1765, '', '', '', '\r', 923, 168),
(1766, '', '', '', '\r', 924, 168),
(1767, '', '', '', '\r', 925, 168),
(1768, '', '', '', '\r', 742, 168),
(1769, '', '', '', '\r', 926, 168),
(1770, '', '', '', '\r', 927, 168),
(1771, '', '', '', '\r', 928, 169),
(1772, '', '', '', '\r', 922, 169),
(1773, '', '', '', '\r', 746, 169),
(1774, '', '', '', '\r', 849, 169),
(1775, '', '', '', '\r', 929, 169),
(1776, '', '', '', '\r', 858, 170),
(1777, '', '', '', '\r', 859, 170),
(1778, '', '', '', '\r', 855, 170),
(1779, '', '', '', '\r', 856, 170),
(1780, '', '', '', '\r', 930, 170),
(1781, '', '', '', '\r', 931, 170),
(1782, '', '', '', '\r', 862, 170),
(1783, '', '', '', '\r', 932, 170),
(1784, '', '', '', 'Especial\r', 933, 170),
(1785, '', '', '', '\r', 933, 170),
(1786, '', '', '', '\r', 934, 170),
(1787, '', '', '', '\r', 935, 170),
(1788, '', '', '', 'Especial\r', 936, 170),
(1789, '', '', '', '\r', 936, 170),
(1790, '', '', '', '\r', 898, 170),
(1791, '', '', '', '\r', 937, 170),
(1792, '', '', '', '\r', 938, 170),
(1793, '', '', '', '\r', 939, 170),
(1794, '', '', '', '\r', 940, 170),
(1795, '', '', '', '\r', 941, 170),
(1796, '', '', '', '\r', 942, 170),
(1797, '', '', '', '\r', 943, 170),
(1798, '', '', '', '\r', 759, 170),
(1799, '', '', '', '\r', 944, 170),
(1800, '', '', '', 'Trasmparente\r', 945, 170),
(1801, '', '', '', 'Cinza\r', 945, 170),
(1802, '', '', '', 'Sortido\r', 945, 170),
(1803, '', '', '', 'Azul bebe\r', 945, 170),
(1804, '', '', '', 'Amarelo\r', 945, 170),
(1805, '', '', '', 'Verde musgo\r', 945, 170),
(1806, '', '', '', 'Azul\r', 945, 170),
(1807, '', '', '', 'Vermelho\r', 945, 170),
(1808, '', '', '', 'Preto\r', 945, 170),
(1809, '', '', '', 'Rosa\r', 945, 170),
(1810, '', '', '', 'Roxo\r', 945, 170),
(1811, '', '', '', 'Verde mar\r', 945, 170),
(1812, '', '', '', 'Verde\r', 946, 170),
(1813, '', '', '', 'Trasmparente\r', 745, 170),
(1814, '', '', '', 'Cinza\r', 745, 170),
(1815, '', '', '', '\r', 947, 170),
(1816, '', '', '', '\r', 948, 170),
(1817, '', '', '', '\r', 949, 170),
(1818, '', '', '', '\r', 950, 170),
(1819, '', '', '', '\r', 951, 170),
(1820, '', '', '', '\r', 952, 170),
(1821, '', '', '', '\r', 780, 170),
(1822, '', '', '', '\r', 953, 170),
(1823, '', '', '', '\r', 954, 170),
(1824, '', '', '', '\r', 955, 170),
(1825, '', '', '', '\r', 956, 170),
(1826, '', '', '', '\r', 897, 170),
(1827, '', '', '', 'Trasmparente\r', 957, 170),
(1828, '', '', '', '\r', 958, 170),
(1829, '', '', '', '\r', 959, 170),
(1830, '', '', '', 'Espesial 2\r', 781, 170),
(1831, '', '', '', '\r', 772, 170),
(1832, '', '', '', 'Trasmparente\r', 744, 170),
(1833, '', '', '', 'Cinza\r', 744, 170),
(1834, '', '', '', '\r', 773, 170),
(1835, '', '', '', '\r', 865, 170),
(1836, '', '', '', '\r', 857, 170),
(1837, '', '', '', '\r', 960, 170),
(1838, '', '', '', '\r', 961, 170),
(1839, '', '', '', '\r', 962, 170),
(1840, '', '', '', '\r', 963, 170),
(1841, '', '', '', '\r', 964, 170),
(1842, '', '', '', '\r', 965, 170),
(1843, '', '', '', 'Azul marinho\r', 945, 170),
(1844, '', '', '', 'Prata\r', 945, 170),
(1845, '', '', '', 'Cinza\r', 957, 170),
(1846, '', '', '', 'Rosa bebe\r', 945, 170),
(1847, '', '', '', 'Azul bebe\r', 744, 170),
(1848, '', '', '', 'Amarelo\r', 744, 170),
(1849, '', '', '', 'Verde musgo\r', 744, 170),
(1850, '', '', '', 'Azul\r', 744, 170),
(1851, '', '', '', 'Vermelho\r', 744, 170),
(1852, '', '', '', 'Preto\r', 744, 170),
(1853, '', '', '', 'Rosa\r', 744, 170),
(1854, '', '', '', 'Roxo\r', 744, 170),
(1855, '', '', '', 'Verde mar\r', 744, 170),
(1856, '', '', '', 'Azul marinho\r', 744, 170),
(1857, '', '', '', 'Prata\r', 744, 170),
(1858, '', '', '', 'Prata\r', 957, 170),
(1859, '', '', '', '\r', 966, 170),
(1860, '', '', '', '\r', 777, 170),
(1861, '', '', '', '\r', 967, 170),
(1862, '', '', '', '\r', 968, 170),
(1863, '', '', '', '\r', 895, 170),
(1864, '', '', '', '\r', 969, 170),
(1865, '', '', '', 'Azul claro\r', 946, 170),
(1866, '', '', '', 'Roth 2\r', 765, 170),
(1867, '', '', '', 'Sortido\r', 744, 170),
(1868, '', '', '', '\r', 970, 170),
(1869, '', '', '', 'Especial\r', 765, 170),
(1870, '', '', '', '\r', 896, 170),
(1871, '', '', '', '\r', 971, 170),
(1872, '', '', '', '\r', 972, 170),
(1873, '', '', '', '\r', 973, 170),
(1874, '', '', '', 'Verde limao cristal\r', 945, 170),
(1875, '', '', '', 'Vermelho cristal\r', 945, 170),
(1876, '', '', '', 'Laranja crisatal\r', 945, 170),
(1877, '', '', '', 'Verde cristal\r', 945, 170),
(1878, '', '', '', 'Azul crisatal\r', 945, 170),
(1879, '', '', '', 'Verde limao cristal\r', 744, 170),
(1880, '', '', '', 'Vermelho cristal\r', 744, 170),
(1881, '', '', '', 'Laranja crisatal\r', 744, 170),
(1882, '', '', '', 'Verde cristal\r', 744, 170),
(1883, '', '', '', 'Verde limao cristal\r', 745, 170),
(1884, '', '', '', 'Vermelho cristal\r', 745, 170),
(1885, '', '', '', 'Laranja crisatal\r', 745, 170),
(1886, '', '', '', 'Verde cristal\r', 745, 170),
(1887, '', '', '', '\r', 974, 170),
(1888, '', '', '', 'Marfim\r', 945, 170),
(1889, '', '', '', 'Marfim\r', 744, 170),
(1890, '', '', '', 'Marfim\r', 745, 170),
(1891, '', '', '', '\r', 975, 170),
(1892, '', '', '', '\r', 831, 170),
(1893, '', '', '', '\r', 899, 170),
(1894, '', '', '', '\r', 976, 170),
(1895, '', '', '', '\r', 977, 170),
(1896, '', '', '', '\r', 978, 170),
(1897, '', '', '', '\r', 979, 170),
(1898, '', '', '', '\r', 829, 170),
(1899, '', '', '', '\r', 980, 170),
(1900, '', '', '', 'Roth \r', 765, 170),
(1901, '', '', '', 'Vermelho\r', 745, 170),
(1902, '', '', '', 'Rosa\r', 745, 170),
(1903, '', '', '', 'Azul crisatal\r', 745, 170),
(1904, '', '', '', 'Pink crisatal\r', 745, 170),
(1905, '', '', '', 'Especial\r', 948, 170),
(1906, '', '', '', 'Rosa bebe\r', 744, 170),
(1907, '', '', '', 'Vinho\r', 744, 170),
(1908, '', '', '', 'Verde perola\r', 744, 170),
(1909, '', '', '', 'Rosa perola\r', 744, 170),
(1910, '', '', '', 'Azul crisatal\r', 744, 170),
(1911, '', '', '', 'Pink crisatal\r', 744, 170),
(1912, '', '', '', 'Vinho\r', 945, 170),
(1913, '', '', '', 'Verde perola\r', 945, 170),
(1914, '', '', '', 'Rosa perola\r', 945, 170),
(1915, '', '', '', 'Pink crisatal\r', 945, 170),
(1916, '', '', '', '\r', 776, 170),
(1917, '', '', '', '\r', 981, 170),
(1918, '', '', '', '\r', 982, 170),
(1919, '', '', '', '\r', 983, 170),
(1920, '', '', '', 'Azul bebe\r', 745, 170),
(1921, '', '', '', 'Azul\r', 745, 170),
(1922, '', '', '', 'Preto\r', 745, 170),
(1923, '', '', '', 'Verde mar\r', 745, 170),
(1924, '', '', '', 'Prata\r', 745, 170),
(1925, '', '', '', 'Rosa bebe\r', 745, 170),
(1926, '', '', '', 'Rosa perola\r', 745, 170),
(1927, '', '', '', 'Especial\r', 777, 170),
(1928, '', '', '', '\r', 984, 170),
(1929, '', '', '', '\r', 781, 170),
(1930, '', '', '', '\r', 860, 170),
(1931, '', '', '', '\r', 861, 170),
(1932, '', '', '', '\r', 775, 170),
(1933, '', '', '', '\r', 985, 170),
(1934, '', '', '', '\r', 986, 170),
(1935, '', '', '', '\r', 987, 170),
(1936, '', '', '', '\r', 988, 170),
(1937, '', '', '', 'Especial\r', 857, 170),
(1938, '', '', '', 'Especial\r', 989, 170),
(1939, '', '', '', '\r', 990, 170),
(1940, '', '', '', 'Espesial 3\r', 991, 170),
(1941, '', '', '', '\r', 991, 170),
(1942, '', '', '', 'Especial\r', 991, 170),
(1943, '', '', '', 'Espesial 2\r', 991, 170),
(1944, '', '', '', 'Espacial 4\r', 991, 170),
(1945, '', '', '', 'Mbt\r', 765, 170),
(1946, '', '', '', 'Branco renda\r', 945, 170),
(1947, '', '', '', 'Lilas\r', 945, 170),
(1948, '', '', '', 'Sortido cristal\r', 945, 170),
(1949, '', '', '', 'Branco renda\r', 744, 170),
(1950, '', '', '', 'Lilas\r', 744, 170),
(1951, '', '', '', 'Sortido cristal\r', 744, 170),
(1952, '', '', '', 'Verde musgo\r', 745, 170),
(1953, '', '', '', 'Branco renda\r', 745, 170),
(1954, '', '', '', 'Lilas\r', 745, 170),
(1955, '', '', '', 'Amarelo\r', 745, 170),
(1956, '', '', '', 'Azul marinho\r', 745, 170),
(1957, '', '', '', 'Roxo\r', 745, 170),
(1958, '', '', '', 'Verde perola\r', 745, 170),
(1959, '', '', '', 'Vinho\r', 745, 170),
(1960, '', '', '', 'Especial 5\r', 991, 170),
(1961, '', '', '', '\r', 992, 170),
(1962, '', '', '', '\r', 993, 170),
(1963, '', '', '', '\r', 994, 170),
(1964, '', '', '', '\r', 995, 170),
(1965, '', '', '', '\r', 996, 170),
(1966, '', '', '', '\r', 763, 170),
(1967, '', '', '', 'Especial\r', 950, 170),
(1968, '', '', '', 'Especial\r', 962, 170),
(1969, '', '', '', 'Especial\r', 997, 170),
(1970, '', '', '', '\r', 997, 170),
(1971, '', '', '', 'Espesial 2\r', 766, 170),
(1972, '', '', '', '\r', 770, 170),
(1973, '', '', '', 'Espesial 2\r', 765, 170),
(1974, '', '', '', '\r', 998, 170),
(1975, '', '', '', '\r', 999, 170),
(1976, '', '', '', '\r', 1000, 170),
(1977, '', '', '', '\r', 1001, 170),
(1978, '', '', '', '\r', 1002, 170),
(1979, '', '', '', '\r', 863, 170),
(1980, '', '', '', '\r', 864, 170),
(1981, '', '', '', '\r', 866, 170),
(1982, '', '', '', '\r', 867, 170),
(1983, '', '', '', 'Espesial 2\r', 997, 170),
(1984, '', '', '', '\r', 771, 170),
(1985, '', '', '', '\r', 1003, 170),
(1986, '', '', '', '\r', 766, 170),
(1987, '', '', '', '\r', 1004, 170),
(1988, '', '', '', '\r', 1005, 170),
(1989, '', '', '', 'Especial\r', 1006, 170),
(1990, '', '', '', '\r', 1006, 170),
(1991, '', '', '', '\r', 768, 170),
(1992, '', '', '', '\r', 769, 170),
(1993, '', '', '', '\r', 752, 170),
(1994, '', '', '', 'Uva cristal\r', 945, 170),
(1995, '', '', '', 'Uva cristal\r', 744, 170),
(1996, '', '', '', 'Uva cristal\r', 745, 170),
(1997, '', '', '', 'Especial\r', 987, 170),
(1998, '', '', '', '\r', 1007, 146),
(1999, '', '', '', '\r', 1008, 146),
(2000, '', '', '', '\r', 1009, 146),
(2001, '', '', '', '\r', 748, 146),
(2002, '', '', '', '\r', 747, 146),
(2003, '', '', '', '\r', 924, 146),
(2004, '', '', '', '\r', 1010, 146),
(2005, '', '', '', '\r', 1011, 146),
(2006, '', '', '', '\r', 919, 146),
(2007, '', '', '', '\r', 1012, 146),
(2008, '', '', '', '\r', 909, 146),
(2009, '', '', '', '\r', 1013, 146),
(2010, '', '', '', '\r', 921, 146),
(2011, '', '', '', '\r', 1014, 146),
(2012, '', '', '', '\r', 1015, 146),
(2013, '', '', '', '\r', 1016, 146),
(2014, '', '', '', '\r', 1017, 146),
(2015, '', '', '', '\r', 1018, 146),
(2016, '', '', '', '\r', 793, 146),
(2017, '', '', '', '\r', 1019, 146),
(2018, '', '', '', '\r', 1020, 146),
(2019, '', '', '', '\r', 1021, 146),
(2020, '', '', '', '\r', 1022, 146),
(2021, '', '', '', '\r', 1023, 146),
(2022, '', '', '', '\r', 1024, 146),
(2023, '', '', '', '\r', 1025, 146),
(2024, '', '', '', '\r', 1026, 146),
(2025, '', '', '', '\r', 1027, 146),
(2026, '', '', '', '\r', 1028, 146),
(2027, '', '', '', '\r', 1029, 146),
(2028, '', '', '', '\r', 1030, 146),
(2029, '', '', '', '\r', 1031, 146),
(2030, '', '', '', '\r', 749, 171),
(2031, '', '', '', '\r', 749, 172),
(2032, '', '', '', '\r', 1032, 173),
(2033, '', '', '', '\r', 1033, 173),
(2034, '', '', '', '\r', 1034, 173),
(2035, '', '', '', '\r', 1035, 173),
(2036, '', '', '', '\r', 1036, 173),
(2037, '', '', '', '\r', 1037, 173),
(2038, '', '', '', '\r', 1038, 173),
(2039, '', '', '', '\r', 1039, 173),
(2040, '', '', '', '\r', 1040, 173),
(2041, '', '', '', '\r', 1041, 173),
(2042, '', '', '', '\r', 1042, 173),
(2043, '', '', '', '\r', 1043, 173),
(2044, '', '', '', '\r', 1044, 173),
(2045, '', '', '', '\r', 1045, 173),
(2046, '', '', '', '\r', 922, 174),
(2047, '', '', '', '\r', 911, 175),
(2048, '', '', '', '\r', 1046, 175),
(2049, '', '', '', '\r', 1047, 175),
(2050, '', '', '', '\r', 1048, 175),
(2051, '', '', '', '\r', 1049, 175),
(2052, '', '', '', '\r', 1050, 175),
(2053, '', '', '', '\r', 1051, 175),
(2054, '', '', '', '\r', 1052, 175),
(2055, '', '', '', '\r', 976, 175),
(2056, '', '', '', '\r', 1053, 175),
(2057, '', '', '', '\r', 1054, 175),
(2058, '', '', '', '\r', 921, 175),
(2059, '', '', '', '\r', 1055, 175),
(2060, '', '', '', '\r', 1056, 175),
(2061, '', '', '', '\r', 1057, 175),
(2062, '', '', '', '\r', 1058, 175),
(2063, '', '', '', '\r', 1059, 175),
(2064, '', '', '', '\r', 1060, 175),
(2065, '', '', '', '\r', 1061, 175),
(2066, '', '', '', '\r', 1062, 175),
(2067, '', '', '', '\r', 1063, 175),
(2068, '', '', '', '\r', 1064, 175),
(2069, '', '', '', '\r', 1065, 175),
(2070, '', '', '', '\r', 1066, 175),
(2071, '', '', '', '\r', 1067, 175),
(2072, '', '', '', '\r', 1068, 175),
(2073, '', '', '', 'Especial\r', 1069, 175),
(2074, '', '', '', '\r', 1070, 175),
(2075, '', '', '', '\r', 1071, 175),
(2076, '', '', '', '\r', 1072, 175),
(2077, '', '', '', '\r', 1073, 175),
(2078, '', '', '', 'Especial\r', 911, 175),
(2079, '', '', '', '\r', 1074, 175),
(2080, '', '', '', '\r', 1075, 175),
(2081, '', '', '', 'Especial\r', 1076, 175),
(2082, '', '', '', '\r', 1077, 175),
(2083, '', '', '', '\r', 1078, 175),
(2084, '', '', '', '\r', 1011, 175),
(2085, '', '', '', '\r', 1079, 175),
(2086, '', '', '', 'Espesial 2\r', 919, 175),
(2087, '', '', '', '\r', 1080, 176),
(2088, '', '', '', '\r', 1081, 177),
(2089, '', '', '', '\r', 1082, 178),
(2090, '', '', '', '\r', 1083, 178),
(2091, '', '', '', '\r', 1084, 178),
(2092, '', '', '', '\r', 1057, 178),
(2093, '', '', '', '\r', 1085, 178),
(2094, '', '', '', '\r', 1086, 178),
(2095, '', '', '', '\r', 1087, 178),
(2096, '', '', '', '\r', 1088, 179),
(2097, '', '', '', '\r', 1089, 171),
(2098, '', '', '', '\r', 1090, 171),
(2099, '', '', '', '\r', 1091, 171),
(2100, '', '', '', 'Especial\r', 1092, 171),
(2101, '', '', '', '\r', 1092, 171),
(2102, '', '', '', 'Especial\r', 1093, 171),
(2103, '', '', '', '\r', 1093, 171),
(2104, '', '', '', '\r', 1036, 171),
(2105, '', '', '', '\r', 1043, 171),
(2106, '', '', '', '\r', 905, 171),
(2107, '', '', '', '\r', 1035, 171),
(2108, '', '', '', '\r', 1094, 171),
(2109, '', '', '', '\r', 1095, 171),
(2110, '', '', '', 'Especial\r', 1096, 171),
(2111, '', '', '', 'Espesial 2\r', 1096, 171),
(2112, '', '', '', 'Espesial 3\r', 1096, 171),
(2113, '', '', '', '\r', 1097, 171),
(2114, '', '', '', '\r', 1098, 171),
(2115, '', '', '', '\r', 1099, 171),
(2116, '', '', '', '\r', 1083, 171),
(2117, '', '', '', '\r', 916, 151),
(2118, '', '', '', 'Espesial 2\r', 916, 151),
(2119, '', '', '', 'Especial\r', 916, 151),
(2120, '', '', '', 'Especial\r', 787, 159),
(2121, '', '', '', '\r', 1006, 148),
(2122, '', '', '', '\r', 1100, 159),
(2123, '', '', '', '\r', 1101, 159),
(2124, '', '', '', '\r', 1102, 159),
(2125, '', '', '', '\r', 1103, 180),
(2126, '', '', '', '\r', 1082, 180),
(2127, '', '', '', 'Especial\r', 1104, 180),
(2128, '', '', '', '\r', 1105, 180),
(2129, '', '', '', '\r', 1106, 180),
(2130, '', '', '', '\r', 1107, 180),
(2131, '', '', '', '\r', 839, 180),
(2132, '', '', '', '\r', 1108, 180),
(2133, '', '', '', 'Espesial 2\r', 1106, 180),
(2134, '', '', '', 'Especial\r', 1106, 180),
(2135, '', '', '', 'Espesial 2\r', 1104, 180),
(2136, '', '', '', '\r', 1104, 180),
(2137, '', '', '', '\r', 1109, 180),
(2138, '', '', '', '\r', 1110, 180),
(2139, '', '', '', '\r', 1111, 180),
(2140, '', '', '', '\r', 1112, 180),
(2141, '', '', '', '\r', 1113, 160),
(2142, '', '', '', '\r', 1114, 160),
(2143, '', '', '', '\r', 1115, 160),
(2144, '', '', '', '\r', 1116, 160),
(2145, '', '', '', '\r', 1117, 160),
(2146, '', '', '', '\r', 1118, 160),
(2147, '', '', '', '\r', 1107, 160),
(2148, '', '', '', '\r', 1084, 160),
(2149, '', '', '', '\r', 838, 160),
(2150, '', '', '', '\r', 1119, 160),
(2151, '', '', '', '\r', 1120, 160),
(2152, '', '', '', '\r', 1121, 156),
(2153, '', '', '', '\r', 1122, 156),
(2154, '', '', '', '\r', 1123, 156),
(2155, '', '', '', '\r', 936, 156),
(2156, '', '', '', '\r', 1124, 156),
(2157, '', '', '', '\r', 1125, 156),
(2158, '', '', '', '\r', 1110, 156),
(2159, '', '', '', '\r', 889, 156),
(2160, '', '', '', '\r', 890, 156),
(2161, '', '', '', '\r', 891, 156),
(2162, '', '', '', '\r', 873, 156),
(2163, '', '', '', '\r', 874, 156),
(2164, '', '', '', '\r', 875, 156),
(2165, '', '', '', '\r', 1126, 156),
(2166, '', '', '', '\r', 881, 156),
(2167, '', '', '', '\r', 876, 156),
(2168, '', '', '', '\r', 877, 156),
(2169, '', '', '', '\r', 892, 156),
(2170, '', '', '', '\r', 883, 156),
(2171, '', '', '', '\r', 884, 156),
(2172, '', '', '', '\r', 1127, 156),
(2173, '', '', '', '\r', 887, 156),
(2174, '', '', '', '\r', 888, 156),
(2175, '', '', '', '\r', 1128, 156),
(2176, '', '', '', '\r', 1129, 156),
(2177, '', '', '', '\r', 893, 156),
(2178, '', '', '', '\r', 1130, 156),
(2179, '', '', '', '\r', 886, 156),
(2180, '', '', '', '\r', 894, 156),
(2181, '', '', '', '\r', 1131, 156),
(2182, '', '', '', '\r', 1132, 156),
(2183, '', '', '', '\r', 1133, 156),
(2184, '', '', '', '\r', 895, 156),
(2185, '', '', '', '\r', 896, 156),
(2186, '', '', '', 'Especial\r', 1134, 156),
(2187, '', '', '', '\r', 1134, 156),
(2188, '', '', '', 'Espacial 4\r', 1135, 156),
(2189, '', '', '', 'Espesial 3\r', 1134, 156),
(2190, '', '', '', '\r', 798, 156),
(2191, '', '', '', 'Espesial 2\r', 1136, 156),
(2192, '', '', '', 'Especial\r', 1137, 156),
(2193, '', '', '', 'Especial 5\r', 1134, 156),
(2194, '', '', '', '\r', 1138, 156),
(2195, '', '', '', '\r', 1139, 156),
(2196, '', '', '', '\r', 1140, 156),
(2197, '', '', '', '\r', 1141, 156),
(2198, '', '', '', '\r', 1142, 156),
(2199, '', '', '', '\r', 1143, 156),
(2200, '', '', '', '\r', 899, 156),
(2201, '', '', '', '\r', 970, 156),
(2202, '', '', '', 'Especial 5\r', 1136, 156),
(2203, '', '', '', 'Espacial 4\r', 1136, 156),
(2204, '', '', '', 'Espesial 3\r', 1136, 156),
(2205, '', '', '', '\r', 1136, 156),
(2206, '', '', '', '\r', 1144, 156),
(2207, '', '', '', '\r', 1145, 156),
(2208, '', '', '', '\r', 1146, 156),
(2209, '', '', '', '\r', 897, 156),
(2210, '', '', '', '\r', 858, 148),
(2211, '', '', '', '\r', 859, 148),
(2212, '', '', '', '\r', 860, 148),
(2213, '', '', '', '\r', 861, 148),
(2214, '', '', '', '\r', 857, 148),
(2215, '', '', '', '\r', 865, 148),
(2216, '', '', '', 'Roth \r', 770, 148),
(2217, '', '', '', '\r', 856, 148),
(2218, '', '', '', '\r', 855, 148),
(2219, '', '', '', '\r', 1147, 148),
(2220, '', '', '', 'Roth \r', 765, 148),
(2221, '', '', '', '\r', 973, 148),
(2222, '', '', '', 'Mbt\r', 765, 148),
(2223, '', '', '', '\r', 1148, 148),
(2224, '', '', '', '\r', 869, 148),
(2225, '', '', '', 'Roth \r', 769, 148),
(2226, '', '', '', '\r', 768, 148),
(2227, '', '', '', '\r', 1149, 148),
(2228, '', '', '', '\r', 1150, 148),
(2229, '', '', '', '\r', 772, 148),
(2230, '', '', '', '\r', 993, 148),
(2231, '', '', '', '\r', 773, 148),
(2232, '', '', '', '\r', 1151, 148),
(2233, '', '', '', '\r', 862, 148),
(2234, '', '', '', '\r', 867, 148),
(2235, '', '', '', '\r', 932, 148),
(2236, '', '', '', '\r', 866, 148),
(2237, '', '', '', 'Mbt\r', 769, 148),
(2238, '', '', '', '\r', 997, 148),
(2239, '', '', '', '\r', 881, 148),
(2240, '', '', '', 'Roth \r', 771, 148),
(2241, '', '', '', 'Roth 2\r', 765, 148),
(2242, '', '', '', 'Mbt 2\r', 765, 148),
(2243, '', '', '', 'Azul\r', 945, 148),
(2244, '', '', '', 'Vermelho\r', 945, 148),
(2245, '', '', '', 'Rosa pink\r', 945, 148),
(2246, '', '', '', 'Preto\r', 945, 148),
(2247, '', '', '', 'Verde mar\r', 945, 148),
(2248, '', '', '', 'Verde cristal\r', 945, 148),
(2249, '', '', '', 'Pink crisatal\r', 945, 148),
(2250, '', '', '', 'Cinza\r', 945, 148),
(2251, '', '', '', 'Trasmparente\r', 945, 148),
(2252, '', '', '', 'Azul crisatal\r', 945, 148),
(2253, '', '', '', 'Azul marinho\r', 945, 148),
(2254, '', '', '', 'Roxo\r', 945, 148),
(2255, '', '', '', '\r', 945, 148),
(2256, '', '', '', 'Amarelo\r', 945, 148),
(2257, '', '', '', 'Amarelo cristal\r', 945, 148),
(2258, '', '', '', 'Lilas\r', 945, 148),
(2259, '', '', '', 'Amarelo limao\r', 945, 148),
(2260, '', '', '', 'Prata\r', 945, 148),
(2261, '', '', '', 'Rosa cristal\r', 945, 148),
(2262, '', '', '', 'Azul bebe\r', 945, 148),
(2263, '', '', '', 'Rosa bebe\r', 945, 148),
(2264, '', '', '', 'Vermelho cristal\r', 945, 148),
(2265, '', '', '', 'Laranja crisatal\r', 945, 148),
(2266, '', '', '', 'Pearl\r', 945, 148),
(2267, '', '', '', 'Pearl blue\r', 945, 148),
(2268, '', '', '', 'Sortido\r', 945, 148),
(2269, '', '', '', '\r', 759, 148),
(2270, '', '', '', '\r', 1152, 148),
(2271, '', '', '', '\r', 944, 148),
(2272, '', '', '', 'Sortido cristal\r', 945, 148),
(2273, '', '', '', 'Azul\r', 745, 148),
(2274, '', '', '', 'Vermelho\r', 745, 148),
(2275, '', '', '', 'Rosa pink\r', 745, 148),
(2276, '', '', '', 'Preto\r', 745, 148),
(2277, '', '', '', 'Verde mar\r', 745, 148),
(2278, '', '', '', 'Verde cristal\r', 745, 148),
(2279, '', '', '', 'Pink crisatal\r', 745, 148),
(2280, '', '', '', 'Cinza\r', 745, 148),
(2281, '', '', '', 'Azul crisatal\r', 745, 148),
(2282, '', '', '', 'Azul marinho\r', 745, 148),
(2283, '', '', '', 'Roxo\r', 745, 148),
(2284, '', '', '', 'Branco\r', 745, 148),
(2285, '', '', '', 'Amarelo cristal\r', 745, 148),
(2286, '', '', '', 'Lilas\r', 745, 148),
(2287, '', '', '', 'Amarelo limao\r', 745, 148),
(2288, '', '', '', 'Prata\r', 745, 148),
(2289, '', '', '', 'Rosa cristal\r', 745, 148),
(2290, '', '', '', 'Azul bebe\r', 745, 148),
(2291, '', '', '', 'Rosa bebe\r', 745, 148),
(2292, '', '', '', 'Vermelho cristal\r', 745, 148),
(2293, '', '', '', 'Laranja crisatal\r', 745, 148),
(2294, '', '', '', 'Pearl\r', 745, 148),
(2295, '', '', '', 'Pearl blue\r', 745, 148),
(2296, '', '', '', 'Trasmparente\r', 745, 148),
(2297, '', '', '', '\r', 1083, 148),
(2298, '', '', '', '\r', 941, 148),
(2299, '', '', '', 'Roth \r', 766, 148),
(2300, '', '', '', 'Mbt\r', 766, 148),
(2301, '', '', '', 'Roth 2\r', 770, 148),
(2302, '', '', '', 'Especial\r', 772, 148),
(2303, '', '', '', 'Especial\r', 1153, 181),
(2304, '', '', '', '\r', 1154, 181),
(2305, '', '', '', '\r', 1155, 181),
(2306, '', '', '', '\r', 1156, 181),
(2307, '', '', '', '\r', 1157, 181),
(2308, '', '', '', '\r', 1158, 181),
(2309, '', '', '', '\r', 1159, 181),
(2310, '', '', '', '\r', 1160, 181),
(2311, '', '', '', 'Espesial 2\r', 1161, 181),
(2312, '', '', '', '\r', 1162, 181),
(2313, '', '', '', '\r', 1163, 181),
(2314, '', '', '', '\r', 1164, 181),
(2315, '', '', '', '\r', 1099, 181),
(2316, '', '', '', '\r', 1161, 181),
(2317, '', '', '', 'Especial\r', 1161, 181),
(2318, '', '', '', 'Especial\r', 1165, 151),
(2319, '', '', '', '\r', 1039, 151),
(2320, '', '', '', '\r', 1015, 151),
(2321, '', '', '', '\r', 923, 151),
(2322, '', '', '', '\r', 1166, 151),
(2323, '', '', '', '\r', 1055, 151),
(2324, '', '', '', '\r', 1167, 151),
(2325, '', '', '', '\r', 905, 151),
(2326, '', '', '', '\r', 1014, 151),
(2327, '', '', '', '\r', 1027, 151),
(2328, '', '', '', '\r', 1168, 151),
(2329, '', '', '', '\r', 829, 151),
(2330, '', '', '', '\r', 1059, 151),
(2331, '', '', '', '\r', 1169, 151),
(2332, '', '', '', '\r', 1170, 151),
(2333, '', '', '', '\r', 1171, 151),
(2334, '', '', '', '\r', 1172, 151),
(2335, '', '', '', '\r', 941, 151),
(2336, '', '', '', '\r', 1067, 151),
(2337, '', '', '', '\r', 994, 151),
(2338, '', '', '', '\r', 965, 151),
(2339, '', '', '', '\r', 1173, 151),
(2340, '', '', '', '\r', 1174, 151),
(2341, '', '', '', '\r', 1175, 151),
(2342, '', '', '', '\r', 1176, 151),
(2343, '', '', '', '\r', 1077, 151),
(2344, '', '', '', 'Especial\r', 839, 151),
(2345, '', '', '', '\r', 1112, 151),
(2346, '', '', '', '\r', 819, 151),
(2347, '', '', '', '\r', 1177, 151),
(2348, '', '', '', '\r', 1035, 151),
(2349, '', '', '', '\r', 1178, 151),
(2350, '', '', '', '\r', 1179, 151),
(2351, '', '', '', '\r', 1019, 151),
(2352, '', '', '', '\r', 1030, 151),
(2353, '', '', '', '\r', 850, 151),
(2354, '', '', '', '\r', 1180, 151),
(2355, '', '', '', '\r', 748, 151),
(2356, '', '', '', '\r', 911, 151),
(2357, '', '', '', '\r', 783, 151),
(2358, '', '', '', '\r', 915, 151),
(2359, '', '', '', 'Especial\r', 915, 151),
(2360, '', '', '', '\r', 1181, 151),
(2361, '', '', '', '\r', 750, 151),
(2362, '', '', '', '\r', 1182, 151),
(2363, '', '', '', '\r', 1013, 151),
(2364, '', '', '', '\r', 752, 151),
(2365, '', '', '', '\r', 1183, 151),
(2366, '', '', '', '\r', 1034, 151),
(2367, '', '', '', 'Espesial 2\r', 1043, 151),
(2368, '', '', '', 'Especial\r', 1043, 151),
(2369, '', '', '', 'Especial\r', 1016, 166),
(2370, '', '', '', '\r', 1058, 166),
(2371, '', '', '', '\r', 1029, 166),
(2372, '', '', '', '\r', 1057, 166),
(2373, '', '', '', '\r', 1016, 166),
(2374, '', '', '', 'Espesial 3\r', 1016, 166),
(2375, '', '', '', 'Espesial 2\r', 1016, 166),
(2376, '', '', '', '\r', 752, 166),
(2377, '', '', '', '\r', 1030, 166),
(2378, '', '', '', '\r', 1098, 165),
(2379, '', '', '', '\r', 923, 165),
(2380, '', '', '', '\r', 1029, 165),
(2381, '', '', '', '\r', 1017, 165),
(2382, '', '', '', '\r', 1015, 165),
(2383, '', '', '', '\r', 1024, 165),
(2384, '', '', '', '\r', 1012, 165),
(2385, '', '', '', '\r', 1016, 165),
(2386, '', '', '', '\r', 1019, 165),
(2387, '', '', '', '\r', 1039, 165),
(2388, '', '', '', 'Especial\r', 1016, 165),
(2389, '', '', '', '\r', 1030, 165),
(2390, '', '', '', '\r', 1165, 165),
(2391, '', '', '', '\r', 750, 165),
(2392, '', '', '', '\r', 920, 165),
(2393, '', '', '', '\r', 921, 165),
(2394, '', '', '', '\r', 1058, 165),
(2395, '', '', '', '\r', 1184, 182),
(2396, '', '', '', '\r', 1049, 182),
(2397, '', '', '', '\r', 1185, 182),
(2398, '', '', '', '\r', 1186, 159),
(2399, '', '', '', '\r', 1184, 159),
(2400, '', '', '', 'Espesial 2\r', 1093, 145),
(2401, '', '', '', 'Espesial 3\r', 1093, 145),
(2402, '', '', '', '\r', 1093, 145),
(2403, '', '', '', '\r', 1006, 145),
(2404, '', '', '', 'Especial\r', 1093, 145),
(2405, '', '', '', '\r', 1006, 142),
(2406, '', '', '', '\r', 1187, 145),
(2407, '', '', '', '\r', 915, 163),
(2408, '', '', '', '\r', 1188, 163),
(2409, '', '', '', '\r', 1189, 183),
(2410, '', '', '', '\r', 1190, 183),
(2411, '', '', '', '\r', 1054, 159),
(2412, '', '', '', '\r', 1191, 159),
(2413, '', '', '', '\r', 1142, 159),
(2414, '', '', '', '\r', 1008, 159),
(2415, '', '', '', '\r', 1192, 159),
(2416, '', '', '', '\r', 846, 179),
(2417, '', '', '', '\r', 1193, 179),
(2418, '', '', '', '\r', 1194, 179),
(2419, '', '', '', '\r', 1195, 179),
(2420, '', '', '', '\r', 1196, 179),
(2421, '', '', '', '\r', 1197, 184),
(2422, '', '', '', '\r', 1191, 179),
(2423, '', '', '', '\r', 1198, 179),
(2424, '', '', '', '\r', 1199, 179),
(2425, '', '', '', '\r', 1200, 184),
(2426, '', '', '', '\r', 1201, 179),
(2427, '', '', '', '\r', 1202, 179),
(2428, '', '', '', '\r', 1203, 179),
(2429, '', '', '', '\r', 1204, 183),
(2430, '', '', '', '\r', 1205, 185),
(2431, '', '', '', '\r', 750, 185),
(2432, '', '', '', '\r', 920, 185),
(2433, '', '', '', '\r', 1030, 185),
(2434, '', '', '', '\r', 927, 185),
(2435, '', '', '', '\r', 747, 185),
(2436, '', '', '', '\r', 746, 185),
(2437, '', '', '', '\r', 1177, 185),
(2438, '', '', '', '\r', 1031, 185),
(2439, '', '', '', '\r', 1206, 185),
(2440, '', '', '', '\r', 1207, 185),
(2441, '', '', '', '\r', 853, 185),
(2442, '', '', '', 'Especial\r', 750, 185),
(2443, '', '', '', '\r', 911, 185),
(2444, '', '', '', 'Especial\r', 915, 185),
(2445, '', '', '', '\r', 915, 185),
(2446, '', '', '', '\r', 1046, 185),
(2447, '', '', '', '\r', 1208, 185),
(2448, '', '', '', '\r', 1209, 185),
(2449, '', '', '', '\r', 1210, 185),
(2450, '', '', '', '\r', 901, 185),
(2451, '', '', '', '\r', 1211, 151),
(2452, '', '', '', '\r', 1186, 151),
(2453, '', '', '', '\r', 1212, 151),
(2454, '', '', '', 'Espesial 2\r', 839, 151),
(2455, '', '', '', '\r', 925, 151),
(2456, '', '', '', '\r', 1213, 151),
(2457, '', '', '', '\r', 1028, 151),
(2458, '', '', '', '\r', 1074, 151),
(2459, '', '', '', '\r', 1214, 151),
(2460, '', '', '', '\r', 1215, 151),
(2461, '', '', '', '\r', 927, 151),
(2462, '', '', '', '\r', 839, 151),
(2463, '', '', '', 'Espesial 3\r', 1043, 151),
(2464, '', '', '', 'Espacial 4\r', 1043, 151),
(2465, '', '', '', '\r', 1064, 151),
(2466, '', '', '', '\r', 921, 151),
(2467, '', '', '', '\r', 926, 151),
(2468, '', '', '', '\r', 1007, 151),
(2469, '', '', '', 'Especial\r', 1079, 151),
(2470, '', '', '', '\r', 1079, 151),
(2471, '', '', '', '\r', 1216, 151),
(2472, '', '', '', '\r', 1217, 151),
(2473, '', '', '', '\r', 1218, 151),
(2474, '', '', '', '\r', 992, 151),
(2475, '', '', '', '\r', 1062, 151),
(2476, '', '', '', '\r', 1010, 151),
(2477, '', '', '', '\r', 1017, 151),
(2478, '', '', '', '\r', 1219, 151),
(2479, '', '', '', '\r', 1220, 179),
(2480, '', '', '', '\r', 1221, 179),
(2481, '', '', '', '\r', 1222, 179),
(2482, '', '', '', '\r', 1223, 179),
(2483, '', '', '', '\r', 924, 151),
(2484, '', '', '', '\r', 1224, 163),
(2485, '', '', '', '\r', 1225, 163),
(2486, '', '', '', '\r', 1030, 163),
(2487, '', '', '', '\r', 1014, 163),
(2488, '', '', '', '\r', 1031, 163),
(2489, '', '', '', '\r', 1226, 163),
(2490, '', '', '', '\r', 1007, 163),
(2491, '', '', '', '\r', 1208, 163),
(2492, '', '', '', '\r', 1227, 163),
(2493, '', '', '', '\r', 1228, 163),
(2494, '', '', '', '\r', 1229, 186),
(2495, '', '', '', '\r', 846, 186),
(2496, '', '', '', '\r', 1230, 187),
(2497, '', '', '', '\r', 1231, 187),
(2498, '', '', '', '\r', 1232, 187),
(2499, '', '', '', '\r', 1233, 187),
(2500, '', '', '', '\r', 1047, 187),
(2501, '', '', '', '\r', 1234, 188),
(2502, '', '', '', '\r', 1235, 189),
(2503, '', '', '', '\r', 1032, 190),
(2504, '', '', '', '\r', 1236, 188),
(2505, '', '', '', '\r', 876, 188),
(2506, '', '', '', '\r', 1235, 188),
(2507, '', '', '', '\r', 1064, 191),
(2508, '', '', '', '\r', 1237, 187),
(2509, '', '', '', '\r', 1142, 188),
(2510, '', '', '', 'Espacial 4\r', 1238, 192),
(2511, '', '', '', 'Espesial 2\r', 1238, 192),
(2512, '', '', '', '\r', 1238, 192),
(2513, '', '', '', '\r', 1239, 192),
(2514, '', '', '', 'Especial\r', 1238, 192),
(2515, '', '', '', 'Espesial 3\r', 1238, 192),
(2516, '', '', '', '\r', 1240, 193),
(2517, '', '', '', '\r', 775, 193),
(2518, '', '', '', 'Especial\r', 765, 193),
(2519, '', '', '', 'Roth \r', 765, 193),
(2520, '', '', '', '\r', 1241, 193),
(2521, '', '', '', '\r', 1242, 193),
(2522, '', '', '', 'Roth 2\r', 765, 193),
(2523, '', '', '', '\r', 766, 193),
(2524, '', '', '', 'Espesial 2\r', 1135, 156),
(2525, '', '', '', '\r', 1243, 156),
(2526, '', '', '', '\r', 1244, 156),
(2527, '', '', '', '\r', 1245, 156),
(2528, '', '', '', '\r', 1246, 156),
(2529, '', '', '', '001\r', 1247, 156),
(2530, '', '', '', '150\r', 1247, 156),
(2531, '', '', '', '151\r', 1247, 156),
(2532, '', '', '', 'Especial 5\r', 1247, 156),
(2533, '', '', '', 'Espacial 4\r', 1247, 156),
(2534, '', '', '', 'Espesial 3\r', 1247, 156),
(2535, '', '', '', 'Espesial 2\r', 1247, 156),
(2536, '', '', '', 'Especial\r', 1247, 156),
(2537, '', '', '', '\r', 1247, 156),
(2538, '', '', '', '\r', 1248, 156),
(2539, '', '', '', '\r', 1249, 156),
(2540, '', '', '', '\r', 1250, 156),
(2541, '', '', '', 'Especial\r', 777, 142),
(2542, '', '', '', 'Especial\r', 883, 142),
(2543, '', '', '', '\r', 1251, 147),
(2544, '', '', '', '\r', 1252, 148),
(2545, '', '', '', 'Especial\r', 1058, 175),
(2546, '', '', '', '\r', 1253, 143),
(2547, '', '', '', '\r', 1054, 194);

-- --------------------------------------------------------

--
-- Estrutura da tabela `itemcarrinho`
--

CREATE TABLE `itemcarrinho` (
  `id_itemcarrinho` int(11) NOT NULL,
  `id_produto` int(11) NOT NULL,
  `quantidade` int(11) NOT NULL,
  `id_carrinho` int(11) NOT NULL
) ENGINE=InnoDB DEFAULT CHARSET=latin1;

-- --------------------------------------------------------

--
-- Estrutura da tabela `marca`
--

CREATE TABLE `marca` (
  `id_marca` int(11) NOT NULL,
  `nome` varchar(100) NOT NULL,
  `imagem` varchar(5000) NOT NULL,
  `catalogo` varchar(1000) NOT NULL,
  `slider` enum('1','0') NOT NULL,
  `single_prod` enum('1','0') NOT NULL
) ENGINE=InnoDB DEFAULT CHARSET=latin1;

--
-- Extraindo dados da tabela `marca`
--

INSERT INTO `marca` (`id_marca`, `nome`, `imagem`, `catalogo`, `slider`, `single_prod`) VALUES
(141, 'Implacil', '', '', '1', '1'),
(142, 'Orthomundi', '', '', '1', '1'),
(143, 'Triunfo', '', '', '1', '1'),
(144, 'Gc', '', '', '1', '1'),
(145, 'Prima dental', '', '', '1', '1'),
(146, 'Biodinamica', '', '', '1', '1'),
(147, 'Unigloves', '', '', '1', '1'),
(148, 'Orthometric', '', '', '1', '1'),
(149, 'Cristofoli', '', '', '1', '1'),
(150, 'Carestream', '', '', '1', '1'),
(151, 'Maquira', '', '', '1', '1'),
(152, ' advantive', '', '', '1', '1'),
(153, 'Xdent', '', '', '1', '1'),
(154, 'Orto guaru', '', '', '1', '1'),
(155, '0', '', '', '1', '1'),
(156, 'Ice', '', '', '1', '1'),
(157, 'Unemol', '', '', '1', '1'),
(158, 'Septodont', '', '', '1', '1'),
(159, 'S.s.plus', '', '', '1', '1'),
(160, 'Essence dental', '', '', '1', '1'),
(161, 'Fine flex', '', '', '1', '1'),
(162, 'Ossos nacional ', '', '', '1', '1'),
(163, 'Yller', '', '', '1', '1'),
(164, 'Gap', '', '', '1', '1'),
(165, 'Ultradent', '', '', '1', '1'),
(166, 'Bm4', '', '', '1', '1'),
(167, 'Medical', '', '', '1', '1'),
(168, 'Ss white', '', '', '1', '1'),
(169, 'Dfl', '', '', '1', '1'),
(170, 'Morelli', '', '', '1', '1'),
(171, 'Microdont', '', '', '1', '1'),
(172, 'Kg', '', '', '1', '1'),
(173, 'Tdv', '', '', '1', '1'),
(174, 'Dla pharma', '', '', '1', '1'),
(175, 'Angelus', '', '', '1', '1'),
(176, 'Farol', '', '', '1', '1'),
(177, 'Clean', '', '', '1', '1'),
(178, 'Bio art', '', '', '1', '1'),
(179, 'Asfer', '', '', '1', '1'),
(180, 'Orto central', '', '', '1', '1'),
(181, 'Dentfelx', '', '', '1', '1'),
(182, 'Funmask', '', '', '1', '1'),
(183, 'Shalon', '', '', '1', '1'),
(184, 'Biosoma', '', '', '1', '1'),
(185, 'Voco', '', '', '1', '1'),
(186, 'Flexsiv', '', '', '1', '1'),
(187, 'Mani', '', '', '1', '1'),
(188, 'Wilcos', '', '', '1', '1'),
(189, 'Roeko', '', '', '1', '1'),
(190, 'Horico', '', '', '1', '1'),
(191, 'Parkell', '', '', '1', '1'),
(192, 'Baumer', '', '', '1', '1'),
(193, 'Aditek', '', '', '1', '1'),
(194, 'Euronda monoart', '', '', '1', '1');

-- --------------------------------------------------------

--
-- Estrutura da tabela `mensagem`
--

CREATE TABLE `mensagem` (
  `id_mensagem` int(11) NOT NULL,
  `email` varchar(200) NOT NULL,
  `mensagem` text NOT NULL,
  `data` date NOT NULL
) ENGINE=InnoDB DEFAULT CHARSET=latin1;

-- --------------------------------------------------------

--
-- Estrutura da tabela `pedido`
--

CREATE TABLE `pedido` (
  `id_pedido` int(11) NOT NULL,
  `nome` varchar(500) NOT NULL,
  `endereco` varchar(2000) DEFAULT NULL,
  `cep` varchar(30) DEFAULT NULL,
  `cidade` varchar(100) DEFAULT NULL,
  `uf` varchar(2) DEFAULT NULL,
  `telefone` varchar(20) NOT NULL,
  `email` varchar(100) DEFAULT NULL,
  `mensagem` text,
  `precototal` float NOT NULL,
  `data` date NOT NULL,
  `status` enum('INCONCLUSO','NAO ENTREGUE','ENTREGUE') NOT NULL,
  `id_carrinho` int(11) NOT NULL
) ENGINE=InnoDB DEFAULT CHARSET=latin1;

-- --------------------------------------------------------

--
-- Estrutura da tabela `produto`
--

CREATE TABLE `produto` (
  `id_produto` int(11) NOT NULL,
  `barcode` varchar(50) NOT NULL,
  `preco` float NOT NULL,
  `estoque` int(11) NOT NULL,
  `especificacao` varchar(500) NOT NULL,
  `tipo` varchar(100) NOT NULL,
  `embalagem` varchar(100) NOT NULL,
  `id_subgrupo` int(11) NOT NULL,
  `id_marca` int(11) NOT NULL
) ENGINE=InnoDB DEFAULT CHARSET=latin1;

--
-- Extraindo dados da tabela `produto`
--

INSERT INTO `produto` (`id_produto`, `barcode`, `preco`, `estoque`, `especificacao`, `tipo`, `embalagem`, `id_subgrupo`, `id_marca`) VALUES
(1, '000000003698', 35, 80, 'Ucla plastica hi com hexagono sim ombro 3.5', '\r', '1 und', 739, 141),
(2, '00000003', 19.9, 0, 'Ligadura tematica premium gatinho cor surtida', '\r', '1000 und', 740, 142),
(3, '00000004', 19.9, 0, 'Ligadura tematica premium orelhas cor surtida', '\r', '1000 und', 740, 142),
(4, '000000117029', 4.2, 16, 'Triunfo superior 3p cor 60', '\r', '1 und', 741, 143),
(5, '000000117043', 4.2, 14, 'Triunfo superior 264 cor 60', '\r', '1 und', 741, 143),
(6, '000000117074', 4.2, 12, 'Triunfo inferior a26 cor 62', '\r', '1 und', 741, 143),
(7, '000000117081', 4.2, 6, 'Triunfo superior 30m cor 62', '\r', '1 und', 741, 143),
(8, '000000117159', 4.2, 14, 'Triunfo superior 32l cor 66', '\r', '1 und', 741, 143),
(9, '000000255400', 24, 4, 'Isolante', '\r', '500 ml', 742, 143),
(10, '000000292719', 8.5, 20, 'Bionix tg3 cor 62', '\r', '1 und', 743, 143),
(11, '000000292733', 8.5, 16, 'Bionix r4b cor 66', '\r', '1 und', 743, 143),
(12, '000000292757', 8.5, 11, 'Bionix il7 cor 66', '\r', '1 und', 743, 143),
(13, '000000292771', 8.5, 13, 'Bionix ik 6 cor 69', '\r', '1 und', 743, 143),
(14, '000000292795', 8.5, 8, 'Bionix superior tm5 cor 69', '\r', '1 und', 743, 143),
(15, '000000292825', 8.5, 8, 'Bionix inferior tm5 cor 69', '\r', '1 und', 743, 143),
(16, '000000292832', 8.5, 16, 'Bionix tl4 cor 60', '\r', '1 und', 743, 143),
(17, '000000292849', 8.5, 16, 'Bionix r25 cor 69', '\r', '1 und', 743, 143),
(18, '000000292856', 8.5, 16, 'Bionix ik 12 cor 60', '\r', '1 und', 743, 143),
(19, '00000051', 9.9, 0, 'Ligadura modular amarelo', 'Amarelo\r', '500 und', 744, 142),
(20, '00000052', 9.9, 1, 'Ligadura modular azul bebe', 'Azul bebe\r', '500 und', 744, 142),
(21, '00000053', 9.9, 3, 'Ligadura modular azul celeste', 'Azul celeste\r', '500 und', 744, 142),
(22, '00000055', 9.9, 6, 'Ligadura modular azul claro', 'Azul claro\r', '500 und', 744, 142),
(23, '00000056', 9.9, 1, 'Ligadura modular azul cristal', 'Azul crisatal\r', '500 und', 744, 142),
(24, '00000057', 9.9, 3, 'Ligadura modular azul jeans', 'Azul jeans\r', '500 und', 744, 142),
(25, '00000058', 9.9, 1, 'Ligadura modular azul metalizado', 'Azul metalizado\r', '500 und', 744, 142),
(26, '00000059', 9.9, 2, 'Ligadura modular azul royal', 'Azul royal\r', '500 und', 744, 142),
(27, '00000060', 9.9, 4, 'Ligadura modular branco', 'Branco\r', '500 und', 744, 142),
(28, '00000061', 9.9, 4, 'Ligadura modular cereja', 'Cereja\r', '500 und', 744, 142),
(29, '00000064', 9.9, 3, 'Ligadura modular laranja', 'Laranja\r', '500 und', 744, 142),
(30, '00000065', 9.9, 1, 'Ligadura modular laranja escuro', 'Laranja escuro\r', '500 und', 744, 142),
(31, '00000066', 9.9, 0, 'Ligadura modular lilas', 'Lilas\r', '500 und', 744, 142),
(32, '00000068', 9.9, 2, 'Ligadura modular perola', 'Perola\r', '500 und', 744, 142),
(33, '00000071', 9.9, 0, 'Ligadura modular pink', 'Pink\r', '500 und', 744, 142),
(34, '00000072', 9.9, 1, 'Ligadura modular pink escuro', 'Pink escuro\r', '500 und', 744, 142),
(35, '00000073', 9.9, 0, 'Ligadura modular prata', 'Prata\r', '500 und', 744, 142),
(36, '00000074', 9.9, 1, 'Ligadura modular preto', 'Preto\r', '500 und', 744, 142),
(37, '00000075', 9.9, 2, 'Ligadura modular rosa bebe', 'Rosa bebe\r', '500 und', 744, 142),
(38, '00000079', 9.9, 2, 'Ligadura modular rosa perola', 'Rosa perola\r', '500 und', 744, 142),
(39, '00000081', 9.9, 15, 'Ligadura modular sortido', 'Sortido\r', '500 und', 744, 142),
(40, '00000085', 9.9, 10, 'Ligadura modular sortido estetica', 'Sortido estetica\r', '500 und', 744, 142),
(41, '00000086', 9.9, 9, 'Ligadura modular sortido metalisado', 'Sortido metalisado\r', '500 und', 744, 142),
(42, '00000107', 9.9, 5, 'Ligadura modular transparente', 'Trasmparente\r', '500 und', 744, 142),
(43, '00000108', 9.9, 3, 'Ligadura modular turquesa', 'Turquesa\r', '500 und', 744, 142),
(44, '00000109', 9.9, 1, 'Ligadura modular uva', 'Uva\r', '500 und', 744, 142),
(45, '00000110', 9.9, 0, 'Ligadura modular uva cristal', 'Uva cristal\r', '500 und', 744, 142),
(46, '00000111', 9.9, 0, 'Ligadura modular verde', 'Verde\r', '500 und', 744, 142),
(47, '00000113', 9.9, 1, 'Ligadura modular verde neon', 'Verde neon\r', '500 und', 744, 142),
(48, '00000114', 9.9, 1, 'Ligadura modular vermelho', 'Vermelho\r', '500 und', 744, 142),
(49, '00000115', 9.9, 2, 'Ligadura modular vermelho intenso', 'Vermelho intenso\r', '500 und', 744, 142),
(50, '00000116', 19.9, 0, 'Ligadura tematica flor cor surtida', '\r', '1000 und', 740, 142),
(51, '00000121', 7.99, 2, 'Elastico corrente curto azul bebe', 'Azul bebe\r', '1.5 m', 745, 142),
(52, '00000122', 7.99, 2, 'Elastico corrente curto azul celeste', 'Azul celeste\r', '1.5 m', 745, 142),
(53, '00000123', 7.99, 1, 'Elastico corrente curto azul jeans', 'Azul jeans\r', '1.5 m', 745, 142),
(54, '00000125', 7.99, 2, 'Elastico corrente curto azul metalizado', 'Azul metalizado\r', '1.5 m', 745, 142),
(55, '00000126', 7.99, 2, 'Elastico corrente curto azul royal', 'Azul royal\r', '1.5 m', 745, 142),
(56, '00000127', 7.99, 2, 'Elastico corrente curto branco', 'Branco\r', '1.5 m', 745, 142),
(57, '00000128', 7.99, 1, 'Elastico corrente curto cereja', 'Cereja\r', '1.5 m', 745, 142),
(58, '00000130', 7.99, 1, 'Elastico corrente curto laranja', 'Laranja\r', '1.5 m', 745, 142),
(59, '00000131', 7.99, 1, 'Elastico corrente curto laranja escuro', 'Laranja escuro\r', '1.5 m', 745, 142),
(60, '00000132', 7.99, 2, 'Elastico corrente curto pink', 'Pink\r', '1.5 m', 745, 142),
(61, '00000133', 7.99, 2, 'Elastico corrente curto pink escuro', 'Pink escuro\r', '1.5 m', 745, 142),
(62, '00000134', 7.99, 1, 'Elastico corrente curto prata', 'Prata\r', '1.5 m', 745, 142),
(63, '00000135', 7.99, 2, 'Elastico corrente curto preto', 'Preto\r', '1.5 m', 745, 142),
(64, '00000136', 7.99, 2, 'Elastico corrente curto rosa bebe', 'Rosa bebe\r', '1.5 m', 745, 142),
(65, '00000137', 7.99, 4, 'Elastico corrente curto rosa perola', 'Rosa perola\r', '1.5 m', 745, 142),
(66, '00000138', 7.99, 3, 'Elastico corrente curto transparente', 'Trasmparente\r', '1.5 m', 745, 142),
(67, '00000139', 7.99, 2, 'Elastico corrente curto turqesa', 'Turquesa\r', '1.5 m', 745, 142),
(68, '00000140', 7.99, 1, 'Elastico corrente curto uva', 'Uva\r', '1.5 m', 745, 142),
(69, '00000141', 7.99, 1, 'Elastico corrente curto uva cristal', 'Uva cristal\r', '1.5 m', 745, 142),
(70, '00000142', 7.99, 1, 'Elastico corrente curto verde', 'Verde\r', '1.5 m', 745, 142),
(71, '00000143', 7.99, 1, 'Elastico corrente curto verde neon', 'Verde neon\r', '1.5 m', 745, 142),
(72, '00000144', 7.99, 4, 'Elastico corrente curto vermelho', 'Vermelho\r', '1.5 m', 745, 142),
(73, '00000145', 7.99, 1, 'Elastico corrente curto vermelho intenso', 'Vermelho intenso\r', '1.5 m', 745, 142),
(74, '00000146', 7.99, 1, 'Elastico corrente longo azul bebe', 'Azul bebe\r', '1.5 m', 745, 142),
(75, '00000147', 7.99, 1, 'Elastico corrente longo azul celeste', 'Azul celeste\r', '1.5 m', 745, 142),
(76, '00000148', 7.99, 1, 'Elastico corrente longo azul jeans', 'Azul jeans\r', '1.5 m', 745, 142),
(77, '00000150', 7.99, 1, 'Elastico corrente longo azul metalizado', 'Azul metalizado\r', '1.5 m', 745, 142),
(78, '00000151', 7.99, 1, 'Elastico corrente longo azul royal', 'Azul royal\r', '1.5 m', 745, 142),
(79, '00000152', 7.99, 1, 'Elastico corrente longo branco', 'Branco\r', '1.5 m', 745, 142),
(80, '00000153', 7.99, 1, 'Elastico corrente longo cereja', 'Cereja\r', '1.5 m', 745, 142),
(81, '00000155', 7.99, 2, 'Elastico corrente longo laranja', 'Laranja\r', '1.5 m', 745, 142),
(82, '00000156', 7.99, 1, 'Elastico corrente longo laranja escuro', 'Laranja escuro\r', '1.5 m', 745, 142),
(83, '00000157', 7.99, 1, 'Elastico corrente longo lilias', 'Lilas\r', '1.5 m', 745, 142),
(84, '00000158', 7.99, 1, 'Elastico corrente longo prata', 'Prata\r', '1.5 m', 745, 142),
(85, '00000159', 7.99, 0, 'Elastico corrente longo pink', 'Pink\r', '1.5 m', 745, 142),
(86, '00000160', 7.99, 1, 'Elastico corrente longo pink escuro', 'Pink escuro\r', '1.5 m', 745, 142),
(87, '00000161', 7.99, 0, 'Elastico corrente longo preto', 'Preto\r', '1.5 m', 745, 142),
(88, '00000163', 7.99, 1, 'Elastico corrente longo rosa bebe', 'Rosa bebe\r', '1.5 m', 745, 142),
(89, '00000164', 7.99, 1, 'Elastico corrente longo rosa perola', 'Rosa perola\r', '1.5 m', 745, 142),
(90, '00000165', 7.99, 3, 'Elastico corrente longo trasmparente', 'Trasmparente\r', '1.5 m', 745, 142),
(91, '00000167', 7.99, 1, 'Elastico corrente longo turquesa', 'Turquesa\r', '1.5 m', 745, 142),
(92, '00000168', 7.99, 1, 'Elastico corrente longo uva', 'Uva\r', '1.5 m', 745, 142),
(93, '00000169', 7.99, 1, 'Elastico corrente longo uva cristal', 'Uva cristal\r', '1.5 m', 745, 142),
(94, '00000170', 7.99, 1, 'Elastico corrente longo verde', 'Verde\r', '1.5 m', 745, 142),
(95, '00000171', 7.99, 1, 'Elastico corrente longo verde neon', 'Verde neon\r', '1.5 m', 745, 142),
(96, '00000172', 7.99, 0, 'Elastico corrente longo vermelho', 'Vermelho\r', '1.5 m', 745, 142),
(97, '00000173', 7.99, 1, 'Elastico corrente longo vermelho intenso', 'Vermelho intenso\r', '1.5 m', 745, 142),
(98, '00000174', 7.99, 0, 'Elastico corrente medio amarelo', 'Amarelo\r', '1.5 m', 745, 142),
(99, '00000175', 7.99, 2, 'Elastico corrente medio azul bebe', 'Azul bebe\r', '1.5 m', 745, 142),
(100, '00000176', 7.99, 2, 'Elastico corrente medio azul celeste', 'Azul celeste\r', '1.5 m', 745, 142),
(101, '00000177', 7.99, 1, 'Elastico corrente medio azul jeans', 'Azul jeans\r', '1.5 m', 745, 142),
(102, '00000179', 7.99, 2, 'Elastico corrente medio azul metalizado', 'Azul metalizado\r', '1.5 m', 745, 142),
(103, '00000180', 7.99, 2, 'Elastico corrente medio azul royal', 'Azul royal\r', '1.5 m', 745, 142),
(104, '00000181', 7.99, 2, 'Elastico corrente medio branco', 'Branco\r', '1.5 m', 745, 142),
(105, '00000182', 7.99, 0, 'Elastico corrente medio cereja', 'Cereja\r', '1.5 m', 745, 142),
(106, '00000183', 7.99, 2, 'Elastico corrente medio turqesa', 'Turquesa\r', '1.5 m', 745, 142),
(107, '00000184', 7.99, 1, 'Elastico corrente medio laranja', 'Laranja\r', '1.5 m', 745, 142),
(108, '00000185', 7.99, 1, 'Elastico corrente medio laranja escuro', 'Laranja escuro\r', '1.5 m', 745, 142),
(109, '00000186', 7.99, 1, 'Elastico corrente medio lilas', 'Lilas\r', '1.5 m', 745, 142),
(110, '00000187', 7.99, 2, 'Elastico corrente medio pink', 'Pink\r', '1.5 m', 745, 142),
(111, '00000188', 7.99, 2, 'Elastico corrente medio pink escuro', 'Pink escuro\r', '1.5 m', 745, 142),
(112, '00000189', 7.99, 1, 'Elastico corrente medio prata', 'Prata\r', '1.5 m', 745, 142),
(113, '00000190', 7.99, 2, 'Elastico corrente medio rosa perola', 'Rosa perola\r', '1.5 m', 745, 142),
(114, '00000191', 7.99, 1, 'Elastico corrente medio rosas bebe', 'Rosa bebe\r', '1.5 m', 745, 142),
(115, '00000192', 7.99, 3, 'Elastico corrente medio trasmparente', 'Trasmparente\r', '1.5 m', 745, 142),
(116, '00000194', 7.99, 1, 'Elastico corrente medio uva', 'Uva\r', '1.5 m', 745, 142),
(117, '00000196', 7.99, 1, 'Elastico corrente medio verde', 'Verde\r', '1.5 m', 745, 142),
(118, '00000197', 7.99, 1, 'Elastico corrente medio verde neon', 'Verde neon\r', '1.5 m', 745, 142),
(119, '00000198', 7.99, 2, 'Elastico corrente medio vermelho', 'Vermelho\r', '1.5 m', 745, 142),
(120, '00000199', 7.99, 1, 'Elastico corrente medio vermelho intenso', 'Vermelho intenso\r', '1.5 m', 745, 142),
(121, '00000636', 7.99, 2, 'Elastico corrente medio preto', 'Preto\r', '1.5 m', 745, 142),
(122, '00000639', 7.99, 1, 'Elastico corrente medio uva cristal', 'Uva cristal\r', '1.5 m', 745, 142),
(123, '00002232', 177, 5, 'Ionomero auto cimentacao fuji plus', '\r', '7g de po + 3,4ml', 746, 144),
(124, '00002233', 125, 16, 'Ionomero foto forrador lc fuji lining', 'Espesial 2\r', '5g de po + 3,4ml', 747, 144),
(125, '00002563', 110, 37, 'Ionomero foto restaurador lc gold label tipo 2 a2', '\r', '5g de po + 2,6ml', 748, 144),
(126, '00002564', 110, 33, 'Ionomero foto restaurador lc gold label tipo 2 a3', '\r', '5g de po + 2,6ml', 748, 144),
(127, '00002565', 110, 21, 'Ionomero foto restaurador lc gold label tipo 2 a3.5', '\r', '5g de po + 2,6ml', 748, 144),
(128, '00002577', 95, 25, 'Ionomero auto restaurador gold label tipo 9 a2', 'Espesial 2\r', '5g de po + 2,4ml', 748, 144),
(129, '00002579', 95, 28, 'Ionomero auto restauracao gold label tipo 9 a3.5', 'Espesial 2\r', '5g de po + 2,4ml', 748, 144),
(130, '00002580', 139, 21, 'Ionomero auto cimentacao gold label tipo 1', 'Especial\r', '15g de po + 8ml', 746, 144),
(131, '00025783', 95, 31, 'Ionomero auto restaurador gold label tipo 9 a3', 'Espesial 2\r', '5g de po + 2,4ml', 748, 144),
(132, '001', 10.3, 0, 'Ponta diamantada fg 1012', '\r', '1 und', 749, 145),
(133, '012812800000', 115, 5, 'Ionomero liquido lc fuji lining', '\r', '6,8ml', 747, 144),
(134, '0198819880', 60, 15, 'Resina gradia direct cor a1', '\r', '4 g', 750, 144),
(135, '034051300000', 62, 3, 'Resina auto alike cor 65', '\r', '45 g', 751, 144),
(136, '034051400000', 62, 0, 'Resina auto alike cor 67', '\r', '45 g', 751, 144),
(137, '06030107', 9.9, 3, 'Ligadura modular azul perolizado', 'Azul perolizado\r', '500 und', 744, 142),
(138, '06056360', 45, 0, 'Adesivo para braquetes foto biofix + brinde 3 seringas acido fosforico 37%', '\r', '1seringa 4g+1acido', 752, 146),
(139, '1000000117028', 4.2, 47, 'Triunfo superior 263 cor 60', '\r', '1 und', 741, 143),
(140, '1000000117042', 4.2, 23, 'Triunfo inferior 2p cor 60', '\r', '1 und', 741, 143),
(141, '1000000117066', 4.2, 18, 'Triunfo superior 3n cor 62', '\r', '1 und', 741, 143),
(142, '1000000117073', 4.2, 16, 'Triunfo superior a26 cor 62', '\r', '1 und', 741, 143),
(143, '1000000117080', 4.2, 14, 'Triunfo superior 38 cor 62', '\r', '1 und', 741, 143),
(144, '1000000117134', 4.2, 13, 'Triunfo superior 3d cor 66', '\r', '1 und', 741, 143),
(145, '1000000117141', 4.2, 17, 'Triunfo superior 3p cor 66', '\r', '1 und', 741, 143),
(146, '1000000117219', 4.2, 12, 'Triunfo superior 264 cor 69', '\r', '1 und', 741, 143),
(147, '1000000117226', 4.2, 18, 'Triunfo inferior 32m cor 69', '\r', '1 und', 741, 143),
(148, '1000000255751', 14, 3, 'Cera articulacao', '\r', '225g', 753, 143),
(149, '1000000255805', 42, 7, 'Liquido auto sem crosslink', '\r', '500 ml', 754, 143),
(150, '1000000255812', 53, 4, 'Liquido auto com crosslink', '\r', '500 ml', 754, 143),
(151, '1000000266429', 27, 0, 'Resina termo po incolor', '\r', '225 g', 755, 143),
(152, '1000000266993', 85, 5, 'Resina termo po rosa medio', '\r', '1 kg', 755, 143),
(153, '1000000267099', 45, 4, 'Resina termo po rosa claro', '\r', '450 g', 755, 143),
(154, '1000000292671', 8.5, 13, 'Bionix te2 cor 62', '\r', '1 und', 743, 143),
(155, '1000000292688', 8.5, 15, 'Bionix th4 cor 60', '\r', '1 und', 743, 143),
(156, '1000000292695', 8.5, 15, 'Bionix tf4 cor 62', '\r', '1 und', 743, 143),
(157, '1000000292701', 8.5, 14, 'Bionix te4 cor 62', '\r', '1 und', 743, 143),
(158, '1000000292718', 8.5, 15, 'Bionix tg3 cor 60', '\r', '1 und', 743, 143),
(159, '1000000292725', 8.5, 9, 'Bionix t12 cor 62', '\r', '1 und', 743, 143),
(160, '1000000292749', 8.5, 12, 'Bionix il5 cor 62', '\r', '1 und', 743, 143),
(161, '1000000292763', 8.5, 14, 'Bionix i10 cor  66', '\r', '1 und', 743, 143),
(162, '1000000292787', 8.5, 13, 'Bionix superior tm4 cor 66', '\r', '1 und', 756, 143),
(163, '1000000292817', 8.5, 26, 'Bionix inferior tm4 cor 66', '\r', '1 und', 743, 143),
(164, '1000000292831', 8.5, 9, 'Bionix inferior tm6 cor 69', '\r', '1 und', 743, 143),
(165, '1000000292855', 8.5, 15, 'Bionix ik 10 cor 69', '\r', '1 und', 743, 143),
(166, '1000000293296', 27, 2, 'Resina termo po black', '\r', '225 g', 755, 143),
(167, '1000024708', 99, 6, 'Sonda', '\r', '1 und', 757, 141),
(168, '1000024823', 76, 6, 'Fresa conica 3.5 x 9 longa', '\r', '1', 758, 141),
(169, '10000812', 19.9, 10, 'Elastico intra oral 3/16 leve', '\r', '10pc de 100 und cada', 759, 142),
(170, '10047', 27, 20, 'Luva laranja media premium', '\r', '100 und', 760, 147),
(171, '1033', 29, 20, 'Luva verde extra pequena premium', '\r', '100 und', 760, 147),
(172, '1034', 29, 9, 'Luva verde pequena premium', '\r', '100 und', 760, 147),
(173, '1035', 29, 21, 'Luva verde media premium', '\r', '100 und', 760, 147),
(174, '103939', 85, 2, 'Liquido auto com crosslink', '\r', '1L', 754, 143),
(175, '1044', 77, 7, 'Liquido auto sem crosslink', '\r', '1L', 754, 143),
(176, '1045', 27, 32, 'Luva laranja extra pequena premium', '\r', '100 und', 760, 147),
(177, '1046', 27, 8, 'Luva laranja pequena premium', '\r', '100 und', 760, 147),
(178, '1049', 8.5, 0, 'Liquido auto sem crosslink', '\r', '50 ml', 754, 143),
(179, '1060', 25, 3, 'Liquido termo com crosslink', '\r', '250 ml', 761, 143),
(180, '1061', 10, 0, 'Liquido termo com crosslink', '\r', '50ml', 761, 143),
(181, '1063', 77, 2, 'Liquido termo sem crosslink', '\r', '1L', 761, 143),
(182, '1066', 22, 3, 'Liquido termo sem crosslink', '\r', '250ml', 761, 143),
(183, '1067', 8, 3, 'Liquido termo sem crosslink', '\r', '50ml', 761, 143),
(184, '1068', 37, 6, 'Liquido termo sem crosslink', '\r', '500ml', 761, 143),
(185, '10733', 12, 8, 'Borracha o´ring', '\r', '1 und', 762, 141),
(186, '10802124', 13, 5, 'Reposicao ceramico roth iceram peca 24/25 .022\"', '\r', '1 und', 763, 148),
(187, '1100201100000', 10.2, 9, 'Reposicao metalico roth orthogalaxy peca 11 .022\"', '\r', '10 und', 764, 142),
(188, '1100201200007', 10.2, 10, 'Reposicao matalico roth orthogalaxy peca 12 .022\"', '\r', '10 und', 764, 142),
(189, '1100202100009', 10.2, 9, 'Reposicao metalico roth orthogalaxy peca 21 .022\"', '\r', '10 und', 764, 142),
(190, '1100202200006', 10.2, 9, 'Reposicao metalico roth orthogalaxy peca 22 .022\"', '\r', '10 und', 764, 142),
(191, '1100203100008', 10.2, 16, 'Reposicao metalico roth orthogalaxy peca 31/32/41/42 .022\"', '\r', '10 und', 764, 142),
(192, '1100206300009', 12.5, 9, 'Reposicao metalico roth orthogalaxy peca 13 .022\"', '\r', '10 und', 764, 142),
(193, '1100206400006', 12.5, 10, 'Reposicao metalico roth orthogalaxy peca 15/14 .022\"', '\r', '10 und', 764, 142),
(194, '1100207300008', 12.5, 7, 'Reposicao metalico roth orthogalaxy peca 23 .022\"', '\r', '10 und', 764, 142),
(195, '1100207400005', 12.5, 10, 'Reposicao metalico roth orthogalaxy peca 25/24 .022\"', '\r', '10 und', 764, 142),
(196, '1100208300007', 12.5, 36, 'Reposicao metalico roth orthogalaxy peca 33 .022\"', '\r', '10 und', 764, 142),
(197, '1100208400004', 12.5, 3, 'Reposicao metalico roth orthogalaxy peca 34 .022\"', '\r', '10 und', 764, 142),
(198, '1100208500001', 12.5, 2, 'Reposicao matalico roth orthogalaxy peca 35 .022\"', '\r', '10 und', 764, 142),
(199, '1100209300006', 12.5, 12, 'Reposicao metalico roth orthogalaxy peca 43 .022\"', '\r', '10 und', 764, 142),
(200, '1100209400003', 12.5, 6, 'Reposicao matalico roth orthogalaxy peca 44  .022\"', '\r', '10 und', 764, 142),
(201, '1100209500000', 12.5, 5, 'Reposicao metalico roth orthogalaxy peca 45 .022\"', '\r', '10 und', 764, 142),
(202, '1100212100006', 22.9, 18, 'Braquetes metalico roth orthogalaxy .022\"', 'Roth \r', '1 caso', 765, 142),
(203, '1100212300000', 199, 20, 'Braquetes metalico roth orthogalaxy .022\"', 'Roth \r', '10 casos', 765, 142),
(204, '1100212500004', 949, 3, 'Braquetes metalico roth orthogalaxy .022\"', 'Roth \r', '50 casos', 765, 142),
(205, '1100212600001', 1749, 4, 'Braquetes metalico roth orthogalaxy+brinde 1 caso de elegnpro .022\"', 'Roth \r', '100 casos', 765, 142),
(206, '1101212100003', 22.9, 5, 'Braquetes metalico mbt orthogalaxy .022\"', 'Roth \r', '1 caso', 765, 142),
(207, '1101212300007', 199, 1, 'Braquetes metalico mbt orthogalaxy .022\"', 'Roth \r', '10 und', 765, 142),
(208, '1101212900009', 1749, 0, 'Braquetes metalico mbt orthogalaxy+brinde 1caso eleganpro .022\"', '\r', '100 casso', 765, 142),
(209, '1110212100005', 129, 14, 'Braquetes autoligado metalico  roth interativo smart .022\"', 'Roth \r', '1 caso', 766, 142),
(210, '1111212100002', 145, 5, 'Braquetes autoligado metalico mbt interativa smart .022\"', 'Mbt\r', '1 caso', 766, 142),
(211, '1123113100005', 390, 3, 'Braquetes metalico lingualtech .018\"', '\r', '1 caso', 767, 142),
(212, '1140201200003', 35.7, 0, 'Reposicao safiro roth ultra clear peca 12 .022\"', '\r', '1 und', 768, 142),
(213, '1140202100005', 35.7, 0, 'Reposicao safiro roth ultra clear peca 21 .022\"', '\r', '1 und', 768, 142),
(214, '1140203100004', 35.7, 0, 'Reposicao safiro roth ultra clear peca 32/31/41/42 .022\"', '\r', '1 und', 768, 142),
(215, '1140212100002', 559, 12, 'Braquetes safiro roth ultra clear .022\"', 'Roth \r', '1 caso', 769, 142),
(216, '1152212100005', 224, 2, 'Braquetes autoligado metalico passivo low torque thomas .022\"', '\r', '1 caso', 766, 142),
(217, '1153212100002', 224, 5, 'Braquetes autoligado metalico passivo standard thomas .022\"', '\r', '1 caso', 766, 142),
(218, '1160201100004', 27.7, 5, 'Reposicao ceramico roth elegan pro peca 11 .022\"', '\r', '5 und', 763, 142),
(219, '1160201200001', 27.7, 2, 'Reposicao ceramico roth elegan pro peca 12', '\r', '5 und', 763, 142),
(220, '1160202100003', 27.7, 2, 'Reposicao ceramico roth elegan pro peca 21 .022\"', '\r', '5 und', 763, 142),
(221, '1160202200000', 27.7, 2, 'Reposicao ceramico roth elegan pro peca 22 .022\"', '\r', '5 und', 763, 142),
(222, '1160203100002', 27.7, 2, 'Reposicao ceramico roth elegan pro peca 31/32/41/42 .022\"', '\r', '5 und', 763, 142),
(223, '1160206300003', 27.7, 2, 'Reposicao ceramico roth elegan pro peca 13 .022\"', '\r', '5 und', 763, 142),
(224, '1160206400000', 27.5, 2, 'Reposicao ceramico roth elegan pro peca 15/14 .022\"', '\r', '5 und', 763, 142),
(225, '1160207300002', 27.7, 2, 'Reposicao ceramico roth elegan pro peca 23 .022\"', '\r', '5 und', 763, 142),
(226, '1160207400009', 27.7, 2, 'Reposicao ceramico roth elegan pro peca 24/25 .022\"', '\r', '5 und', 763, 142),
(227, '1160208300001', 27.7, 2, 'Reposicao ceramico roth elegan pro peca 33 .022\"', '\r', '5 und', 763, 142),
(228, '1160208400008', 27.7, 2, 'Reposicao ceramico roth elegan pro peca 34 .022\"', '\r', '5 und', 763, 142),
(229, '1160208500005', 27.7, 2, 'Reposicao ceramico roth elegan pro peca 35 .022\"', '\r', '5 und', 763, 142),
(230, '1160209300000', 27.7, 2, 'Reposicao ceramico roth elegan pro peca 43 .022\"', '\r', '5 und', 763, 142),
(231, '1160209400007', 27.7, 2, 'Reposicao ceramico roth elegan pro peca 44 .022\"', '\r', '5 und', 763, 142),
(232, '1160209500004', 27.7, 2, 'Reposicao ceramico roth elegan pro peca 45 .022\"', '\r', '5 und', 763, 142),
(233, '1160212100000', 94, 11, 'Braquetes ceramico roth eleganpro .022\"', 'Roth \r', '1 caso', 770, 142),
(234, '1161212100007', 94, 5, 'Braquetes ceramico mbt eleganpro .022\"', 'Mbt\r', '1 caso', 770, 142),
(235, '117', 19.9, 10, 'Elastico intra oral 1/8 leve', '\r', '10pc de 100 und cada', 759, 142),
(236, '1170212100009', 1192, 1, 'Braquetes autoligado ceramico roth passivo nobel .022\"', 'Roth \r', '1 caso', 771, 142),
(237, '117058', 4.2, 20, 'Triunfo inferior 3m cor 62', '\r', '1 und', 741, 143),
(238, '117059', 4.2, 12, 'Triunfo superior a23 cor 62', '\r', '1 und', 741, 143),
(239, '117067', 4.2, 12, 'Triunfo inferior 3n cor 62', '\r', '1 und', 741, 143),
(240, '117135', 4.2, 13, 'Triunfo inferior 3d cor 66', '\r', '1 und', 741, 143),
(241, '117142', 4.2, 14, 'Triunfo inferior 3p cor 66', '\r', '1 und', 741, 143),
(242, '117149', 4.2, 13, 'Triunfo superior 264 cor 66', '\r', '1 und', 741, 143),
(243, '117201', 4.2, 14, 'Triunfo inferior 3m cor 69', '\r', '1 und', 741, 143),
(244, '117202', 4.2, 15, 'Triunfo superior a23 cor 69', '\r', '1 und', 741, 143),
(245, '117203', 4.2, 14, 'Triunfo superior 2d cor 69', '\r', '1 und', 741, 143),
(246, '117206', 4.2, 13, 'Triunfo inferior 3d cor 69', '\r', '1 und', 741, 143),
(247, '117210', 4.2, 11, 'Triunfo inferior 3n cor 69', '\r', '1 und', 741, 143),
(248, '117227', 4.2, 13, 'Triunfo superior 30l cor 69', '\r', '1 und', 741, 143),
(249, '120', 19.9, 8, 'Elastico intra oral 1/8 media', '\r', '10pc de 100 und cada', 759, 142),
(250, '1210211000006', 16.9, 4, 'Tubo roth cola simples peca 16 / 17', '\r', '10 und', 772, 142),
(251, '1210212000005', 16.9, 10, 'Tubo roth cola simples peca 26 / 27', '\r', '10 und', 772, 142),
(252, '1210213000004', 16.9, 19, 'Tubo roth cola simples peca 36 / 37', '\r', '10 und', 772, 142),
(253, '1210214000003', 16.9, 15, 'Tubo roth cola simples peca 46 / 47', '\r', '10 und', 772, 142),
(254, '1210221600005', 21.6, 9, 'Tubo roth cola duplo peca 16', '\r', '10 und', 773, 142),
(255, '1210222600004', 21.6, 8, 'Tubo roth cola duplo peca 26', '\r', '10 und', 773, 142),
(256, '1210223600003', 21.6, 12, 'Tubo roth cola duplo peca 36', '\r', '10 und', 773, 142),
(257, '1210224600002', 21.6, 13, 'Tubo roth cola duplo peca 46', '\r', '10 und', 773, 142),
(258, '1231', 4875, 0, 'Autoclave vitale class cd 12 litros', '\r', '1 und', 774, 149),
(259, '1300000100007', 27.9, 5, 'Stop e guia de mordida o bite turbo', '\r', 'kit', 775, 142),
(260, '1300000700009', 10.5, 9, 'Stop para arcos redondos e retangulares', '\r', '10 und', 776, 142),
(261, '1300000900003', 9.8, 17, 'Gancho ponta bola universal', '\r', '10 und', 777, 142),
(262, '1300001200003', 11.9, 9, 'Fita para contencao lingual 1,2mm', '\r', '2 und', 778, 142),
(263, '1300002000008', 11.9, 6, 'Fita para contencao lingual 2mm', '\r', '2 und', 779, 142),
(264, '1300010500002', 6.2, 4, 'Botao lingual para solda', '\r', '10 und', 780, 142),
(265, '1300020500009', 8.9, 18, 'Botao lingual para colagem', '\r', '10 und', 781, 142),
(266, '1300030100008', 14.5, 8, 'Gancho curto 7mm espuerdo', '\r', '5 und', 782, 142),
(267, '1300030200005', 14.5, 8, 'Gancho curto 7mm direito', '\r', '5 und', 782, 142),
(268, '1300030300002', 14.5, 6, 'Gancho longo 10mm esquerdo', '\r', '5 und', 782, 142),
(269, '1300030400009', 14.5, 6, 'Gancho longo 10mm direito', '\r', '5 und', 782, 142),
(270, '1300040200002', 5.9, 8, 'Botao ceramico lingual para colagem', 'Especial\r', '1 und', 781, 142),
(271, '135001', 100, 6, 'Cimento cirurgico periodontal coe-pak', '\r', '90g base+90g cat', 783, 144),
(272, '13512', 29, 40, 'Transfer mini conico moldeira aberta', '\r', '1 und', 784, 141),
(273, '14083', 40, 20, 'Ucla titanio hi 4.0', '\r', '1 und', 785, 141),
(274, '14250', 40, 15, 'Ucla titanio hi ar 4.0', '\r', '1 und', 785, 141),
(275, '14793', 40, 5, 'Ucla titanio he 4.0', '\r', '1 und', 785, 141),
(276, '14809', 40, 20, 'Ucla titanio hi 3.5', '\r', '1 und', 785, 141),
(277, '14816', 40, 5, 'Ucla titanio hi ar 3.5', '\r', '1 und', 785, 141),
(278, '14854', 29, 7, 'Transfer hi moldeira aberta 3.5', '\r', '1 und', 784, 141),
(279, '150015', 65, 6, 'Suporte para 13 embalagem de esteriliaca', '\r', '1 und', 786, 149),
(280, '1514', 49, 6, 'Rolo para esterilizacao', '\r', '10cmx100m', 787, 149),
(281, '1515', 3805, 0, 'Software cs carestream imaging suite', '\r', '1 und', 788, 150),
(282, '151515', 69, 15, 'Rolo para esterilizacao', '\r', '15cm x 100m', 787, 149),
(283, '1516', 95, 11, 'Rolo para esterilizacao', '\r', '20cm x 100m', 787, 149),
(284, '1517', 110, 11, 'Rolo para esterilizacao', '\r', '25cm x 100m', 787, 149),
(285, '1518', 165, 6, 'Rolo para esterilizacao', '\r', '30cm x 100m', 787, 149),
(286, '15899', 29, 17, 'Transfer hi moldeira aberta 4.0', '\r', '1 und', 784, 141),
(287, '165187', 6295, 0, 'Autoclave vitale class cd 21 litros', '\r', '1 und', 774, 149),
(288, '1656', 365, 1, 'Filme dve 20x25', 'Especial\r', '125 und', 789, 150),
(289, '17428', 20, 12, 'Transfer para munhao cm 3.5x4', '\r', '1 und', 784, 141),
(290, '17435', 20, 15, 'Transfer para munhao cm 3.5x6', '\r', '1 und', 784, 141),
(291, '17442', 20, 19, 'Transfer para munhao cm 4.5x4', '\r', '1 und', 784, 141),
(292, '17459', 20, 6, 'Transfer para munhao cm 4.5x6', '\r', '1 und', 784, 141),
(293, '17466', 21, 8, 'Cofia plastica cimentada munhao anti-rot cm 3.5 x 4', '\r', '1 und', 790, 141),
(294, '17473', 21, 10, 'Cofia plastica cimentada munhao anti-rot cm 4.5 x 4', '\r', '1 und', 790, 141),
(295, '17480', 21, 8, 'Cofia plastica cimentada munhao anti-rotcm 4.5 x 6', '\r', '1 und', 790, 141),
(296, '17503', 21, 5, 'Cofia plastica cimentada munhao anti-rot cm 3.5 x 6', '\r', '1 und', 790, 141),
(297, '17657', 65, 20, 'Ucla he base cromo ar cc 4.0', '\r', '1 und', 791, 141),
(298, '17664', 63, 4, 'Ucla he base cromo cc 4.0', '\r', '1 und', 791, 141),
(299, '17688', 63, 80, 'Ucla hi base cromo ar cc 3.5', '\r', '1 und', 791, 141),
(300, '17695', 63, 80, 'Ucla hi base cromo cc 3.5', '\r', '1 und', 791, 141),
(301, '17701', 63, 0, 'Ucla hi base cromo ar cc 4.0', '\r', '1 und', 791, 141),
(302, '17718', 63, 23, 'Ucla hi base cromo cc 4.0', '\r', '1 und', 791, 141),
(303, '17749', 34, 52, 'Cofia plastica mini conica l11', '\r', '1 und', 792, 141),
(304, '1789856154011', 9.9, 5, 'Bicarbonato sabor morango airon', '\r', '100g', 793, 151),
(305, '17898958254480', 33, 19, 'Lamina de bisturi de 15c', '\r', '100 und', 794, 152),
(306, '18302', 36, 20, 'Cofia titanio mini conico', '\r', '1', 792, 141),
(307, '18548', 24, 20, 'Tampa de cicatrizacao mini conico', '\r', '1 und', 795, 141),
(308, '18722', 109, 1, 'Barra clip conjunto', '\r', '1 und', 796, 141),
(309, '18920', 38, 0, 'Capsula do oring titanio', '\r', '1 und', 762, 141),
(310, '19088', 65, 3, 'O´ring clacinavel para posicionamento', '\r', '1 und', 762, 141),
(311, '19095', 12, 10, 'Borracha microcapsula', '\r', '1 und', 762, 141),
(312, '19217', 45, 4, 'Barra clip 35°', '\r', '1 und', 796, 141),
(313, '19224', 45, 5, 'Barra clip 70°', '\r', '1 und', 796, 141),
(314, '19231', 45, 5, 'Barra clip reta', '\r', '1 und', 796, 141),
(315, '19316', 25, 8, 'Micro capsula de titanio', '\r', '1 und', 762, 141),
(316, '19668', 12, 8, 'Anel espacadro oring', '\r', '1 und', 762, 141),
(317, '1989198900', 60, 14, 'Resina gradia direct cor a2', '\r', '4 g', 750, 144),
(318, '1990199000', 60, 12, 'Resina gradia direct cor a3', '\r', '4 g', 750, 144),
(319, '1991199100', 60, 13, 'Resina gradia direct cor a3.5', '\r', '4 g', 750, 144),
(320, '1992', 60, 3, 'Resina gradia direct cor ao3', '\r', '4 g', 750, 144),
(321, '1996', 60, 5, 'Resina gradia direct cor nt', '\r', '4 g', 750, 144),
(322, '2000000117027', 4.2, 23, 'Triunfo inferior 3n cor 60', '\r', '1 und', 741, 143),
(323, '2000000117034', 4.2, 16, 'Triunfo inferior a26 cor 60', '\r', '1 und', 741, 143),
(324, '2000000117041', 4.2, 14, 'Triunfo superior 2p cor 60', '\r', '1 und', 741, 143),
(325, '2000000117072', 4.2, 14, 'Triunfo inferior a25 cor 62', '\r', '1 und', 741, 143),
(326, '2000000117089', 4.2, 12, 'Triunfo superior 34l cor 62', '\r', '1 und', 741, 143),
(327, '2000000117133', 4.2, 15, 'Triunfo inferior 2d cor 66', '\r', '1 und', 741, 143),
(328, '2000000117140', 4.2, 17, 'Triunfo superior 263 cor 66', '\r', '1 und', 741, 143),
(329, '2000000117157', 4.2, 9, 'Triunfo superior 30l cor 66', '\r', '1 und', 741, 143),
(330, '2000000117218', 4.2, 14, 'Triunfo inferior 2p cor 69', '\r', '1 und', 741, 143),
(331, '2000000117225', 4.2, 19, 'Triunfo superior 32m cor 69', '\r', '1 und', 741, 143),
(332, '2000000117232', 4.2, 18, 'Triunfo inferior 34l cor 69', '\r', '1 und', 741, 143),
(333, '2000000255804', 27, 8, 'Liquido auto sem crosslink', '\r', '250 ml', 754, 143),
(334, '2000000269764', 21, 4, 'Resina acrilica bivalente cor 69', '\r', '80 g', 751, 143),
(335, '2000000286761', 85, 2, 'Resina termo po cristal', '\r', '1 kg', 755, 143),
(336, '2000000292670', 8.5, 15, 'Bionix te2 cor 60', '\r', '1 und', 743, 143),
(337, '2000000292687', 8.5, 13, 'Bionix t13 cor 69', '\r', '1 und', 743, 143),
(338, '2000000292694', 8.5, 13, 'Bionix tf4 cor 60', '\r', '1 und', 743, 143),
(339, '2000000292700', 8.5, 16, 'Bionix te4 cor 60', '\r', '1 und', 743, 143),
(340, '2000000292717', 8.5, 16, 'Bionix t36 cor 69', '\r', '1 und', 743, 143),
(341, '2000000292724', 8.5, 15, 'Bionix t12 cor 60', '\r', '1 und', 743, 143),
(342, '2000000292731', 8.5, 18, 'Bionix r4b cor 62', '\r', '1 und', 743, 143),
(343, '2000000292748', 8.5, 16, 'Bionix il5 cor 60', '\r', '1 und', 743, 143),
(344, '2000000292755', 8.5, 19, 'Bionix il7 cor 62', '\r', '1 und', 743, 143),
(345, '2000000292779', 8.5, 2, 'Bionix superior tm3 cor 62', '\r', '1 und', 743, 143),
(346, '2000000292793', 8.5, 10, 'Bionix superior tm5 cor 66', '\r', '1 und', 743, 143),
(347, '2000000292809', 8.5, 4, 'Bionix inferior tm3 cor 62', '\r', '1 und', 743, 143),
(348, '2000000292823', 8.5, 21, 'Bionix inferior tm5 cor 66', '\r', '1 und', 743, 143),
(349, '2000000292847', 8.5, 16, 'Bionix r25 cor 66', '\r', '1 und', 743, 143),
(350, '2000000292861', 8.5, 15, 'Bionix ik 12 cor 69', '\r', '1 und', 743, 143),
(351, '2000000293295', 45, 2, 'Resina termo black', '\r', '450 g', 755, 143),
(352, '2001329000007', 85, 0, 'Resina termo po rosa especial', '\r', '1 kg', 755, 143),
(353, '2001330000003', 45, 1, 'Resina termo po rosa especial', '\r', '450 g', 755, 143),
(354, '20039', 23, 10, 'Capsula plastica', '\r', '1 und', 762, 141),
(355, '20040003', 5800, 0, 'Aparelho de rx - x70 de parede com braco pantografico', '\r', '1 und', 797, 153),
(356, '20077', 124, 2, 'Mini conico angulado hi 4.0 17°', '\r', '1 und', 792, 141),
(357, '20084', 124, 2, 'Mini conico angulado hi 3.5 17°', '\r', '1 und', 792, 141),
(358, '201', 19.9, 5, 'Elastico intra oral 3/16 media', '\r', '10pc de 100 und cada', 759, 142),
(359, '202', 19.9, 9, 'Elastico intra oral 5/16 leve', '\r', '10pc de 100 und cada', 759, 142),
(360, '2025010327136', 40, 4, 'Suporte alicate sem tampa cor cristal', '\r', '1 und', 798, 154),
(361, '2025110327135', 60, 10, 'Porta arcos cor cristal 18 dezenas', '\r', '1 und', 799, 154),
(362, '2025120327132', 65, 10, 'Porta arcos cor azul 18 dezenas', '\r', '1 und', 799, 154),
(363, '2025130327139', 65, 3, 'Porta arcos cor rosa 18 dezenas', '\r', '1 und', 799, 154),
(364, '2025410327132', 60, 7, 'Porta bengalinha cor cristal (16 cores)', '\r', '1 und', 800, 154),
(365, '2025720327136', 70, 5, 'Suporte alicate com tampa cor azul', '\r', '1 und (10 Alicates)', 801, 154),
(366, '2025730327133', 70, 4, 'Suporte alicate com tampa cor rosa', '\r', '1 und (10 Alicates)', 801, 154),
(367, '2025740327130', 70, 4, 'Suporte alicate com tampa cor verde', '\r', '1 und (10 Alicates)', 801, 154),
(368, '2025760327134', 70, 5, 'Suporte alicate com tampa cor laranja', '\r', '1 und (10 Alicates)', 801, 154),
(369, '2026210327131', 55, 9, 'Porta corrente cor cristal (12 correntes)', '\r', '1 und', 802, 154),
(370, '2026710327136', 90, 1, 'Suporte alicate deitado com tampa cor cristal', '\r', '1 und', 803, 154),
(371, '2026910327134', 100, 5, 'Maleta para alicates (capasidade 15)', '\r', '1 und', 804, 154),
(372, '2027110327139', 45, 9, 'Porta algodao rolete cor cristal', '\r', '1 und', 805, 154),
(373, '2027120327136', 50, 10, 'Porta algodao rolete cor azul', '\r', '1 und', 805, 154),
(374, '2027130327133', 50, 10, 'Porta algodao rolete cor rosa', '\r', '', 805, 154),
(375, '2027140327130', 50, 9, 'Porta algodao rolete cor verde', '\r', '', 805, 154),
(376, '2027150327137', 50, 5, 'Porta algodao rolete cor amarelo', '\r', '1 und', 806, 154),
(377, '2027160327134', 50, 5, 'Porta algodao rolete cor laranja', '\r', '1 und', 805, 154),
(378, '2027310327137', 45, 5, 'Porta resina simples cor cristal (28 seringas)', '\r', '1 und (28 Seringas)', 807, 154),
(379, '2027320327134', 45, 4, 'Porta resina simples cor azul (28 seringas)', '\r', '', 807, 154),
(380, '2027330327131', 45, 4, 'Porta resina simples cor rosa (28 seringas)', '\r', '1 und (28 Seringas)', 807, 154),
(381, '2027340327138', 45, 5, 'Porta resina simples verde (28 seringas)', '\r', '1 und (28 Seringas)', 807, 154),
(382, '2027350327135', 40, 2, 'Porta resina simples cor amarelo (28 seringas)', '\r', '1 und (28 Seringas)', 807, 154),
(383, '2027360327132', 45, 3, 'Porta resina simplescor laranja (28 seringas)', '\r', '1 und (28 Seringas)', 807, 154),
(384, '2027710327133', 95, 4, 'Porta ligadura modular cor cristal (28 cores)', '\r', '1 und (28 Cores)', 808, 154),
(385, '2027810327132', 70, 4, 'Porta ligadura modular cor cristal (16 cores)', '\r', '1 und', 808, 154),
(386, '2028310327134', 21, 7, 'Espelho toucador com cabo cor cristal', '\r', '1 und', 809, 154),
(387, '2028320327131', 21, 6, 'Espelho toucador com cabo azul', '\r', '1 und', 809, 154),
(388, '2028330327138', 21, 5, 'Espelho toucador com cabo cor rosa', '\r', '1 und', 809, 154),
(389, '2028340327135', 21, 10, 'Espelho toucador com cabo cor verde', '\r', '1 und', 809, 154),
(390, '2028350327132', 21, 7, 'Espelho toucador com cabo cor amarelo', '\r', '1 und', 809, 154),
(391, '2028360327139', 17, 8, 'Espelho toucador com cabo cor laranja', '\r', '1 und', 809, 154),
(392, '2028810327139', 55, 2, 'Suporte para babador cor cristal', '\r', '1 und', 810, 154),
(393, '2028910327138', 52, 3, 'Suporte para caixa de luvas cor cristal', '\r', '1 und', 811, 154),
(394, '203', 19.9, 7, 'Elastico intra oral 5/16 pesada', '\r', '10pc de 100 und cada', 759, 142),
(395, '204071', 28, 45, 'Analogo he 3.5', '\r', '1 und', 812, 141),
(396, '2043', 60, 6, 'Resina gradia direct cor b2', '\r', '4 g', 750, 144),
(397, '204330', 71, 1, 'Munhao angulado he 3.5 15°', '\r', '1 und', 813, 141),
(398, '204354', 71, 1, 'Munhao angulado he 3.5 25°', '\r', '1 und', 813, 141),
(399, '204378', 42, 1, 'Munhao reto he ar 3.5', '\r', '1 und', 813, 141),
(400, '204392', 124, 2, 'Mini conico angulado he 3.5 17°', '\r', '1 und', 792, 141),
(401, '204415', 124, 2, 'Mini conico angulado he 3.5 30°', '\r', '1 und', 792, 141),
(402, '204439', 71, 10, 'Mini conico he 3.5 x 1', '\r', '1 und', 792, 141),
(403, '204453', 71, 20, 'Mini conico he 3.5 x 2', '\r', '1 und', 792, 141),
(404, '204477', 71, 10, 'Mini conico he 3.5 x 3', '\r', '1 und', 792, 141),
(405, '204514', 48, 2, 'O`ring he 3.5 x 1', 'Especial\r', '1 und', 762, 141),
(406, '204538', 48, 2, 'O`ring he 3.5 x 2', 'Especial\r', '1 und', 762, 141),
(407, '204552', 48, 2, 'O`ring he 3.5 x 3', 'Especial\r', '1 und', 762, 141),
(408, '204576', 48, 2, 'O`ring he 3.5 x 4', 'Especial\r', '1 und', 762, 141),
(409, '204590', 48, 2, 'O`ring he 3.5 x 5', 'Especial\r', '1 und', 762, 141),
(410, '2046', 60, 4, 'Resina gradia direct cor ao2', '\r', '4 g', 750, 144),
(411, '204699', 29, 48, 'Transfer he moldeira aberta 3.5', '\r', '1 und', 758, 141),
(412, '2049', 60, 7, 'Resina gradia direct cor ct', '\r', '4 g', 750, 144),
(413, '204941', 63, 20, 'Ucla he base cromo ar cc 3.5', '\r', '1 und', 791, 141),
(414, '204965', 63, 6, 'Ucla he base cromo cc3.5', '\r', '1 und', 791, 141),
(415, '204989', 35, 9, 'Ucla plastica he sim hexagono com ombro 3.5', '\r', '1 und', 739, 141),
(416, '205009', 35, 4, 'Ucla plastica he com hexagano com ombro 3.5', '\r', '1 und', 739, 141),
(417, '20503', 124, 2, 'Mini conico angulado he 4.0 17°', '\r', '1 und', 792, 141),
(418, '2051', 60, 7, 'Resina gradia direct cor wt', '\r', '4 g', 750, 144),
(419, '20563987', 690, 0, 'Kit jogo de chaves para  protetico (boloinha)', '\r', 'Kit', 814, 141),
(420, '20598536', 1600, 0, 'Kit protetico completo', '\r', 'Kit', 814, 141),
(421, '20598743', 0, 950, 'Kit upgrade hi ', 'Kit', 'Cirurgia e Periodontia', 815, 155),
(422, '20652793', 3800, 0, 'Kit cirurgico master cilindrico e conico he/hi/cm', '\r', 'kit', 814, 141),
(423, '20718', 124, 2, 'Mini conico angulado hi 3.5 30°', '\r', '1 und', 792, 141),
(424, '208482', 30, 10, 'Cicatrizador hi 3.5 x 2', '\r', '1 und', 816, 141),
(425, '208499', 30, 6, 'Cicatrizador hi 3.5 x 3', '\r', '1 und', 816, 141),
(426, '208505', 30, 9, 'Cicatrizador hi 3.5 x 4', '\r', '1 und', 816, 141),
(427, '208512', 28, 5, 'Cicatrizador hi 3.5 x 5', '\r', '1 und', 816, 141),
(428, '208529', 28, 8, 'Cicatrizador hi 3.5 x 6', '\r', '1 und', 816, 141),
(429, '208536', 28, 7, 'Cicatrizador hi 3.5 x 7', '\r', '1 und', 816, 141),
(430, '208550', 30, 11, 'Cicatrizador hi 4.0 x 2', '\r', '1 und', 816, 141),
(431, '208567', 30, 6, 'Cicatrizador hi 4.0 x 3', '\r', '1 und', 816, 141),
(432, '208574', 30, 9, 'Cicatrizador hi 4.0 x 4', '\r', '1 und', 816, 141),
(433, '208581', 30, 8, 'Cicatrizador hi 4.0 x 5', '\r', '1 und', 816, 141),
(434, '208598', 28, 6, 'Cicatrizador hi 4.0 x 6', '\r', '1 und', 790, 141),
(435, '208604', 28, 8, 'Cicatrizador hi 4.0 x 7', '\r', '1 und', 816, 141),
(436, '208765', 28, 7, 'Cicatrizador he 4.0 x 2', '\r', '1 und', 817, 141),
(437, '208772', 28, 1, 'Cicatrizador he 4.0 x 3', '\r', '1 und', 817, 141),
(438, '208789', 28, 4, 'Cicatrizador he 4.0 x 4', '\r', '1 und', 817, 141),
(439, '208796', 28, 10, 'Cicatrizador he 4.0 x 5', '\r', '1 und', 817, 141),
(440, '208802', 28, 10, 'Cicatrizador he 4.0 x 6', '\r', '1 und', 817, 141),
(441, '208819', 28, 10, 'Cicatrizador he 4.0 x 7', '\r', '1 und', 817, 141),
(442, '208918', 32, 4, 'Cicatrizador cm 3.5 x 2.5', '\r', '1 und', 818, 141),
(443, '208925', 32, 9, 'Cicatrizador cm 3.5 x 3.5', '\r', '1 und', 814, 141),
(444, '208932', 32, 8, 'Cicatrizador cm 3.5 x 4.5', '\r', '1 und', 818, 141),
(445, '208949', 32, 0, 'Cicatrizador cm 3.5 x 5.5', '\r', '1 und', 818, 141),
(446, '208987', 32, 6, 'Cicatrizador cm 4.5 x 2.5', '\r', '1 und', 818, 141),
(447, '208994', 32, 10, 'Cicatrizador cm 4.5 x 3.5', '\r', '1 und', 818, 141),
(448, '209007', 32, 4, 'Cicatrizador cm 4.5 x 4.5', '\r', '1 und', 818, 141),
(449, '209014', 32, 8, 'Cicatrizador cm 4.5 x 5.5', '\r', '1 und', 818, 141),
(450, '2114160', 10.5, 0, 'Marcador de instrumento verde', '\r', '50und', 819, 156),
(451, '2114170', 10.5, 0, 'Marcador de instrumento azul bebe', '\r', '50 und', 820, 156),
(452, '2114180', 10.5, 0, 'Marcador de instrumento rosa bebe', '\r', '50 und', 819, 156),
(453, '2114190', 10.5, 0, 'Marcador de instrumento roxo', '\r', '50 und', 819, 156),
(454, '2114260', 9.6, 3, 'Pote dappen silicone grande rosa', '\r', '1 und', 821, 156),
(455, '2114270', 9.6, 3, 'Pote dappen silicone grande azul', '\r', '1 und', 821, 156),
(456, '2114370', 6.6, 0, 'Pote dappen de silicone cinza', '\r', '1 und', 821, 156),
(457, '2114380', 6.6, 0, 'Pote dappen de silicone rosa', '\r', '1 und', 822, 156),
(458, '2114390', 6.6, 0, 'Pote dappen de silicone azul', '\r', '1 und', 822, 156),
(459, '21449', 124, 2, 'Mini conico angulado hi 4.0 30°', '\r', '1 und', 792, 141),
(460, '217392', 34, 9, 'Cofia plastica parafusada munhao rot cm 3.5 x 4', '\r', '1 und', 790, 141),
(461, '217408', 34, 8, 'Cofia plastica parafusada munhao rot/cm 3.5 x 6', '\r', '1 und', 790, 141),
(462, '217415', 34, 16, 'Cofia plastica parafusada munhao anti-rot cm 3.5 x 4', '\r', '1 und', 790, 141),
(463, '217422', 34, 4, 'Cofia plastica parafusada munhao anti-rot cm 3.5 x 6', '\r', '1 und', 790, 141),
(464, '217507', 28, 14, 'Analogo munhao cone morse 3.5x4', '\r', '1 und', 812, 141),
(465, '217521', 28, 15, 'Analogo munhao cone morse 3.5x6', '\r', '1 und', 823, 141),
(466, '217545', 28, 20, 'Analogo munhao cone morse 4.5x4', '\r', '1 und', 823, 141),
(467, '217569', 28, 14, 'Analogo munhao cone morse 4.5x6', '\r', '1 und', 823, 141),
(468, '217637', 42, 4, 'Munhao reto ar com cinta hi 4.0x1.0', '\r', '1 und', 813, 141),
(469, '217651', 42, 8, 'Munhao reto ar com cinta hi 4.0x2.0', '\r', '1 und', 813, 141),
(470, '217675', 42, 9, 'Munhao reto ar com cinta hi 4.0 x 3.0', '\r', '1 und', 813, 141),
(471, '217699', 42, 9, 'Munhao reto ar com cinta hi 4.0 x 4.0', '\r', '1 und', 813, 141),
(472, '217712', 42, 10, 'Munhao reto ar com cinta hi 4.0 x 5.0', '\r', '1 und', 813, 141),
(473, '217910', 57, 6, 'Munhao cone morse c/p 3.5 x 4 x 0.8', '\r', '1 und', 824, 141),
(474, '217934', 56, 10, 'Munhao cone morse c/p 3.5 x 4 x 1.5', '\r', '1 und', 824, 141),
(475, '217958', 56, 6, 'Munhao cone morse c/p 3.5 x 4 x 2.5', '\r', '1 und', 824, 141),
(476, '217972', 56, 10, 'Munhao cone morse c/p 3.5x4x3.5', '\r', '1 und', 824, 141),
(477, '217996', 56, 0, 'Munhao cone morse c/p 3.5 x 4 x 4.5', '\r', '1 und', 824, 141),
(478, '218030', 56, 8, 'Munhao cone morse c/p 3.5 x 6 x 0.8', '\r', '1 und', 824, 141),
(479, '218054', 56, 8, 'Munhao cone morse c/p 3.5 x 6 x 1.5', '\r', '1 und', 824, 141),
(480, '218078', 56, 10, 'Munhao cone morse c/p 3.5 x 6 x 2.5', '\r', '1 und', 824, 141),
(481, '218092', 56, 8, 'Munhao cone morse c/p 3.5 x 6 x 3.5', '\r', '1 und', 824, 141),
(482, '218115', 56, 9, 'Munhao cone morse c/p 3.5 x 6 x 4.5', '\r', '1 und', 824, 141),
(483, '218177', 56, 10, 'Munhao cone morse c/p 4.5 x 4 x 0.8', '\r', '1 und', 824, 141),
(484, '218191', 56, 7, 'Munhao cone morse c/p 4.5 x 4 x 1.5', '\r', '1 und', 824, 141),
(485, '218214', 56, 7, 'Munhao cone morse c/p 4.5 x 4 x 2.5', '\r', '1 und', 824, 141),
(486, '218238', 56, 10, 'Munhao cone morse c/p 4.5 x 4 x 3.5', '\r', '1 und', 824, 141),
(487, '218252', 56, 10, 'Munhao cone morse c/p 4.5 x 4 x 4.5', '\r', '1 und', 824, 141),
(488, '218290', 56, 6, 'Munhao cone morse c/p 4.5 x 6 x 0.8', '\r', '1 und', 824, 141),
(489, '218313', 56, 5, 'Munhao cone morse c/p 4.5 x 6 x 1.5', '\r', '1 und', 824, 141),
(490, '218337', 56, 9, 'Munhao cone morse c/p 4.5 x 6 x 2.5', '\r', '1 und', 824, 141),
(491, '218351', 56, 2, 'Munhao cone morse c/p 4.5 x 6 x 3.5', '\r', '1 und', 824, 141),
(492, '218375', 56, 7, 'Munhao cone morse c/p 4.5 x 6 x 4.5', '\r', '1 und', 824, 141),
(493, '218399', 59, 1, 'Munhao cone morse c/p 4.5 x 6 x 5.5', '\r', '1 und', 813, 141),
(494, '21951', 124, 2, 'Mini conico angulado he 4.0 30°', '\r', '1 und', 792, 141),
(495, '22050006', 290, 1, 'Com protetor azul', '\r', '1 und', 825, 157),
(496, '22077', 123, 0, 'Implante conico he 4.0 x 9', '\r', '1 und', 826, 141),
(497, '22097', 123, 17, 'Implante conico hi 3.5 x 7', '\r', '1 und', 826, 141),
(498, '22099', 123, 14, 'Implante conico hi 3.5 x 9', '\r', '1 UND', 826, 141),
(499, '221016', 123, 18, 'Implante conico hi 3.5 x 11', '\r', '1 und', 826, 141),
(500, '22103', 123, 11, 'Implante conico hi 3.5 x 13', '\r', '1 und', 826, 141),
(501, '221092', 42, 1, 'Munhao reto ar com cinta he 4.0 x 1.0', '\r', '1 und', 813, 141),
(502, '221108', 42, 1, 'Munhao reto ar com cinta he 4.0x2.0', '\r', '1 und', 813, 141),
(503, '221115', 42, 1, 'Munhao reto ar com cinta he 4.0 x 3.0', '\r', '1 und', 813, 141),
(504, '221122', 42, 1, 'Munhao reto ar com cinta he 4.0 x 4.0', '\r', '1 und', 813, 141),
(505, '221139', 42, 1, 'Munhao reto ar com cinta he 4.0 x 5.0', '\r', '1 und', 813, 141),
(506, '22119', 123, 0, 'Implante conico hi 4.0 x 7', '\r', '1 und', 826, 141),
(507, '22121', 123, 17, 'Implante conico hi 4.0 x 9', '\r', '1 und', 826, 141),
(508, '22123', 123, 18, 'Implante conico hi 4.0 x 11', '\r', '1 und', 826, 141),
(509, '221252', 123, 10, 'Implante conico hi 4.0 x 13', '\r', '1 und', 826, 141),
(510, '22131', 123, 0, 'Implante conico hi 5.0 x 7', '\r', '1 und', 826, 141),
(511, '22133', 123, 0, 'Implante conico hi 5.0 x 9', '\r', '1 und', 826, 141),
(512, '22134', 123, 0, 'Implante conico hi 5.0 x 10', '\r', '1 und', 826, 141),
(513, '22135', 123, 0, 'Implante conico hi 5.0 x 11', '\r', '1 und', 758, 141),
(514, '22137', 123, 2, 'Implante conico hi 5.0 x 13', '\r', '1 und', 826, 141),
(515, '22274', 146, 8, 'Implante due cone ar 3.5 x 7', '\r', '1 und', 827, 141),
(516, '22276', 146, 6, 'Implante due cone ar 3.5 x 9', '\r', '1 und', 827, 141),
(517, '22278', 146, 8, 'Implante due cone ar 3.5 x 11', '\r', '1 und', 827, 141),
(518, '222860', 146, 6, 'Implante due cone ar 4.0 x 7', '\r', '1 und', 827, 141),
(519, '22288', 146, 7, 'Implante due cone ar 4.0 x 9', '\r', '1 und', 827, 141),
(520, '22290', 146, 5, 'Implante due cone ar 4.0 x 11', '\r', '1 und', 827, 141),
(521, '22298', 146, 1, 'Implante due cone ar 4.5 x 7', '\r', '1 und', 827, 141),
(522, '22300', 146, 5, 'Implante due cone ar 4.5 x 9', '\r', '1 und', 827, 141),
(523, '22302', 146, 6, 'Implante due cone ar 4.5 x 11', '\r', '1 und', 827, 141),
(524, '22304', 146, 5, 'Implante due cone ar 4.5 x 13', '\r', '1 und', 827, 141),
(525, '224284', 34, 19, 'Cofia plastica parafusada munhao anti-rot cm 4.5 x 4', '\r', '1 und', 790, 141),
(526, '224314', 34, 9, 'Cofia plastica parafusada munhao anti-rotcm 4.5 x 6', '\r', '1 und', 790, 141),
(527, '224345', 34, 10, 'Cofia plastica parafusada munhao rot cm 4.5 x 4', '\r', '1 und', 790, 141),
(528, '224369', 34, 10, 'Cofia plastica parafusada munhao rot cm 4.5 x 6', '\r', '1 und', 790, 141),
(529, '2274', 60, 6, 'Resina gradia direct cor b1', '\r', '4 g', 750, 144),
(530, '22894', 159, 1, 'Munhao angulado cm ar 3.5 x 4 x 0.8 15°', '\r', '1 und', 824, 141),
(531, '22896', 159, 1, 'Munhao angulado cm ar 3.5 x 4 x 1.5 15°', '\r', '1 und', 824, 141),
(532, '22898', 159, 1, 'Munhao angulado cm ar 3.5 x 4 x 2.5 15°', '\r', '1 und', 824, 141),
(533, '22900', 159, 1, 'Munhao angulado cm ar 3.5 x 4 x 3.5 15°', '\r', '1 und', 824, 141),
(534, '22902', 159, 1, 'Munhao angulado cm ar 3.5 x 4 x 0.8 25°', '\r', '1 und', 824, 141),
(535, '22904', 159, 1, 'Munhao angulado cm ar 3.5 x 4 x 1.5 25°', '\r', '1 und', 824, 141),
(536, '22906', 159, 1, 'Munhao angulado cm ar 3.5 x 4 x 2.5 25°', '\r', '1 und', 824, 141),
(537, '22908', 159, 1, 'Munhao angulado cm ar  3.5 x 4 x 3.5 25°', '\r', '1 und', 824, 141),
(538, '22910', 159, 1, 'Munhao angulado cm ar 3.5 x 6 x 0.8 15°', '\r', '1 und', 824, 141),
(539, '22912', 159, 1, 'Munhao angulado cm ar 3.5 x 6 x 1.5 15°', '\r', '1 und', 824, 141),
(540, '22914', 159, 0, 'Munhao angulado cm ar 3.5 x 6 x 2.5 15°', '\r', '1 und', 824, 141),
(541, '22916', 159, 1, 'Munhao angulado cm ar 3.5 x 6 x 3.5 15°', '\r', '1 und', 758, 141),
(542, '22918', 159, 1, 'Munhao angulado cm ar 3.5 x 6 x 0.8 25°', '\r', '1 und', 824, 141),
(543, '22920', 159, 1, 'Munhao angulado cm ar 3.5 x 6 x 1.5 25°', '\r', '1 und', 824, 141),
(544, '22922', 159, 0, 'Munhao angulado cm ar 3.5 x 6 x 2.5 25°', '\r', '1 und', 824, 141),
(545, '22924', 159, 0, 'Munhao angulado cm ar 3.5 x 6 x 3.5 25°', '\r', '1 und', 824, 141),
(546, '22926', 159, 1, 'Munhao angulado cm ar 4.5 x 4 x 0.8 15°', '\r', '1 und', 824, 141),
(547, '22928', 159, 1, 'Munhao angulado cm ar 4.5 x 4 x 2.5 15°', '\r', '1 und', 824, 141),
(548, '22930', 159, 1, 'Munhao angulado cm ar 4.5 x 4 x 2.5 15°', '\r', '1 und', 824, 141),
(549, '22932', 159, 1, 'Munhao angulado cm ar 4.5 x 4 x 3.5 15°', '\r', '1 und', 824, 141),
(550, '22934', 159, 1, 'Munhao angulado cm ar 4.5 x 6 x 0.8 15°', '\r', '1 und', 824, 141),
(551, '22936', 159, 1, 'Munhao angulado cm ar 4.5 x 6 x 1.5 15°', '\r', '1 und', 824, 141),
(552, '22938', 159, 0, 'Munhao angulado cm ar 4.5 x 6 x 2.5 15°', '\r', '1 und', 824, 141),
(553, '22940', 159, 1, 'Munhao angulado cm ar 4.5 x 6 x 3.5 15°', '\r', '1 und', 824, 141),
(554, '22942', 159, 1, 'Munhao angulado cm ar 4.5 x 4 x 0.8 25°', '\r', '1 und', 824, 141),
(555, '22944', 159, 1, 'Munhao angulado cm ar 4.5 x 4 x 1.5 25°', '\r', '1 und', 824, 141),
(556, '22946', 159, 1, 'Munhao angulado cm ar 4.5 x 4 x 2.5 25°', '\r', '1 und', 824, 141),
(557, '22948', 159, 1, 'Munhao angulado cm ar 4.5 x 4 x 3.5 25°', '\r', '1 und', 824, 141),
(558, '22950', 159, 1, 'Munhao angulado cm ar 4.5 x 6 x 0.8 25°', '\r', '1 und', 824, 141),
(559, '22952', 159, 1, 'Munhao angulado cm ar 4.5 x 6 x 1.5 25°', '\r', '1 und', 824, 141);
INSERT INTO `produto` (`id_produto`, `barcode`, `preco`, `estoque`, `especificacao`, `tipo`, `embalagem`, `id_subgrupo`, `id_marca`) VALUES
(560, '22954', 159, 1, 'Munhao angulado cm ar 4.5 x 6 x 2.5 25°', '\r', '1 und', 824, 141),
(561, '22956', 159, 1, 'Munhao angulado cm ar 4.5 x 6 x 3.5 25°', '\r', '1 und', 824, 141),
(562, '229951', 18, 18, 'Parafuso quadrado hi he 3.5', '\r', '1 und', 828, 141),
(563, '22996', 35, 10, 'Ucla plastica he s/ hexagano c/ombro 4.0', '\r', '1 und', 739, 141),
(564, '229982', 18, 18, 'Parafuso quadrado hi he 4.0', '\r', '1 und', 828, 141),
(565, '23009', 35, 2, 'Ucla plastica he com hexagano com ombro 4.0', '\r', '1 und', 739, 141),
(566, '231442', 40, 10, 'Ucla titanio he 3.5', '\r', '1 und', 785, 141),
(567, '231527', 40, 3, 'Ucla titanio he ar 3.5', '\r', '1 und', 785, 141),
(568, '231534', 28, 8, 'Cicatrizador he 3.5 x 2', '\r', '1 und', 817, 141),
(569, '231541', 28, 9, 'Cicatrizador he 3.5 x 3', '\r', '1 und', 817, 141),
(570, '231558', 28, 8, 'Cicatrizador he 3.5 x 4', '\r', '1 und', 817, 141),
(571, '231565', 28, 10, 'Cicatrizador he 3.5 x 5', '\r', '1 und', 817, 141),
(572, '231572', 28, 10, 'Cicatrizador he 3.5 x 6', '\r', '1 und', 817, 141),
(573, '231589', 28, 10, 'Cicatrizador he 3.5 x 7', '\r', '1 und', 817, 141),
(574, '24069', 146, 0, 'Implante due cone ar 5.0 x 7', '\r', '1', 827, 141),
(575, '24071', 146, 0, 'Implante due cone ar 5.0 x 9', '\r', '1 und', 827, 141),
(576, '24073', 146, 0, 'Implante due cone ar 5.0 x 11', '\r', '1 und', 827, 141),
(577, '2410000100002', 8.9, 2, 'Afastador labial autoclavavel cor transparente tamanho grande', '\r', '1 und', 829, 142),
(578, '2410001100001', 8.9, 0, 'Afastador labial autoclavavel cor transparente tamanho pequeno', '\r', '1 und', 829, 142),
(579, '2410004100008', 8.9, 2, 'Afastador anterior branco', '\r', '1 und', 830, 142),
(580, '2410005200004', 9.9, 1, 'Afastador autoclavavel para foto em u tamanho grande', '\r', '1 und', 831, 142),
(581, '2410005300001', 9.9, 1, 'Afastador autoclavavel para foto em u tamanho pequeno', '\r', '1 und', 831, 142),
(582, '2410010200006', 9.9, 4, 'Afastador labial autoclavavel cor branco tamanho grande', '\r', '1 und', 829, 142),
(583, '2410011200005', 8.9, 6, 'Afastador labial autoclavavel cor branco tamanho pequeno', '\r', '1 und', 829, 142),
(584, '2410012200004', 8.9, 6, 'Afastador com retrator lingual  cor branco tamanho grande', '\r', '1 und', 832, 142),
(585, '2410013200003', 8.9, 1, 'Afastador com retrator lingual cor branco tamanho  medio', '\r', '1 und', 832, 142),
(586, '2410020200003', 15.9, 2, 'Afastador labial autoclavavel cor branco tamanho grande', '\r', '2 und', 829, 142),
(587, '2410025100001', 18.9, 0, 'Afastador autoclavavel para foto em v', '\r', '2 und', 831, 142),
(588, '2410030100003', 19.8, 2, 'Afastador labial autoclavavel cor transparente tamanho grande', '\r', '3 und', 829, 142),
(589, '2410030200000', 18.9, 1, 'Afastador labial autoclavavel cor branco tamanho grande', '\r', '3 und', 829, 142),
(590, '2410031200009', 18.9, 6, 'Afastador labial autoclavavel cor branco tamanho pequeno', '\r', '3 und', 829, 142),
(591, '24167', 130, 1, 'Munhao angulado cone morse 4.5 x 6 x 1.5 15°', '\r', '1 und', 824, 141),
(592, '251', 75.2, 9, 'Cimento dual master a3 + brinde try in', '\r', '5 g', 833, 146),
(593, '2524252400', 148, 0, 'Ionomero liquido lc gold label tipo 2', '\r', '6,8ml', 748, 144),
(594, '253', 75.2, 10, 'Cimento dual master a1 + brinde try in', '\r', '5 g', 833, 146),
(595, '2554', 71, 10, 'Mini conico hi 3.5 x 1', '\r', '1 und', 792, 141),
(596, '2561', 71, 20, 'Mini conico hi 3.5 x 2', '\r', '1 und', 792, 141),
(597, '2578', 71, 10, 'Mini conico hi 3.5 x 3', '\r', '1 und', 792, 141),
(598, '2585', 71, 10, 'Mini conico hi 4.0 x 1', '\r', '1 und', 792, 141),
(599, '2592', 71, 20, 'Mini conico hi 4.0 x 2', '\r', '1 und', 792, 141),
(600, '2608', 71, 10, 'Mini conico hi 4.0 x 3', '\r', '1 und', 792, 141),
(601, '2622262200', 110, 2, 'Ionomero liquido gold label tipo 9', 'Especial\r', '6,8ml', 748, 144),
(602, '266970', 14, 5, 'Cera orto', '\r', '225g', 753, 143),
(603, '267045', 45, 3, 'Resina acrilica auto po rosa com veia', '\r', '450 g', 834, 143),
(604, '269763', 21, 5, 'Resina acrilica bivalente cor 67', '\r', '80 g', 835, 143),
(605, '26987', 21, 10, 'Cofia plastica parafusada munhao rot cm 4.5 x 4', '\r', '1 und', 790, 141),
(606, '26994', 21, 9, 'Cofia plastica cimentada munhao rot cm 3.5 x 4', '\r', '1 und', 790, 141),
(607, '27007', 21, 10, 'Cofia plastica cimentada munhao rot cm 3.5 x 6', '\r', '1 und', 790, 141),
(608, '270137', 15, 5, 'Resina acrilica bivalente cor 60', '\r', '25 g', 835, 143),
(609, '27014', 21, 10, 'Cofia plastica parafusada munhao rot cm 4.5 x 6', '\r', '1 und', 790, 141),
(610, '2745', 71, 10, 'Mini conico he 4.0 x 1', '\r', '1 und', 792, 141),
(611, '2752', 71, 20, 'Mini conico he 4.0 x 2', '\r', '1 und', 792, 141),
(612, '2769', 71, 10, 'Mini conico he 4.0 x 3', '\r', '1 und', 792, 141),
(613, '2806', 45, 10, 'Munhao reto hi ar 3.5', '\r', '1 und', 813, 141),
(614, '2851', 42, 11, 'Munhao reto hi ar 4.0', '\r', '1 UND', 813, 141),
(615, '286763', 27, 3, 'Resina termo po cristal', '\r', '225 g', 755, 143),
(616, '2882', 71, 0, 'Munhao angulado hi 3.5 15°', '\r', '1 und', 813, 141),
(617, '2899', 71, 4, 'Munhao angulado hi 3.5 25°', '\r', '1 und', 813, 141),
(618, '2912', 71, 0, 'Munhao angulado hi 4.0 15°', '\r', '1 und', 813, 141),
(619, '291620', 10, 0, 'Liquido auto com crosslink', '\r', '50 ml', 754, 143),
(620, '292689', 8.5, 11, 'Bionix th4 cor 62', '\r', '1 und', 743, 143),
(621, '292801', 8.5, 11, 'Bionix superior tm6 cor 69', '\r', '1 und', 743, 143),
(622, '293', 150, 1, 'Acionamento electirco para tornera higipratic (220v)', '\r', '1 und', 836, 149),
(623, '2936', 71, 2, 'Munhao angulado hi 4.0 25°', '\r', '1 und', 813, 141),
(624, '300', 20, 13, 'Resina master fill cor a1 + beinde  clareador claridex 16%', '\r', '1 seringa com 4g', 750, 146),
(625, '3000000117019', 4.2, 16, 'Triunfo superior a23 cor 60', '\r', '1 und', 741, 143),
(626, '3000000117026', 4.2, 16, 'Triunfo superior 3n cor 60', '\r', '1 und', 741, 143),
(627, '3000000117033', 4.2, 13, 'Triunfo superior a26 cor 60', '\r', '1 und', 837, 143),
(628, '3000000117071', 4.2, 9, 'Triunfo superior a25 cor 62', '\r', '1 und', 741, 143),
(629, '3000000117088', 4.2, 2, 'Triunfo inferior 32l cor 62', '\r', '1 und', 741, 143),
(630, '3000000117132', 4.2, 14, 'Triunfo superior 2d cor 66', '\r', '1 und', 741, 143),
(631, '3000000117156', 4.2, 46, 'Triunfo inferior 32m cor 66', '\r', '1 und', 741, 143),
(632, '3000000117217', 4.2, 16, 'Triunfo superior 2p cor 69', '\r', '1 und', 741, 143),
(633, '3000000117224', 4.2, 7, 'Triunfo inferior 30m cor 69', '\r', '1 und', 741, 143),
(634, '3000000117231', 4.2, 7, 'Triunfo superior 34l cor 69', '\r', '1 und', 741, 143),
(635, '3000000266076', 85, 2, 'Resina acrilica auto po incolor', '\r', '1 kg', 834, 143),
(636, '3000000266342', 27, 4, 'Resina termo po rosa medio', '\r', '225 g', 755, 143),
(637, '3000000266427', 27, 2, 'Resina acrilica auto po rosa sem veia', '\r', '225 g', 834, 143),
(638, '3000000266489', 85, 2, 'Resina acrilica auto po rosa com veia', '\r', '1 kg', 834, 143),
(639, '3000000266588', 45, 3, 'Resina acrilica auto po rosa sem veia', '\r', '450 g', 834, 143),
(640, '3000000270141', 15, 4, 'Resina acrilica bivalente cor 69', '\r', '25 g', 751, 143),
(641, '3000000286951', 85, 6, 'Resina acrilica auto po rosa sem veia', '\r', '1 kg', 834, 143),
(642, '3000000292693', 8.5, 6, 'Bionix th4 cor 69', '\r', '1 und', 743, 143),
(643, '3000000292709', 8.5, 16, 'Bionix te3 cor 66', '\r', '1 und', 743, 143),
(644, '3000000292723', 8.5, 20, 'Bionix tg3 cor 69', '\r', '1 und', 743, 143),
(645, '3000000292730', 8.5, 15, 'Bionix r4b cor 60', '\r', '1 und', 743, 143),
(646, '3000000292754', 8.5, 15, 'Bionix il7 cor 60', '\r', '1 und', 743, 143),
(647, '3000000292761', 8.5, 10, 'Bionix i 10 cor 62', '\r', '1 und', 743, 143),
(648, '3000000292778', 8.5, 15, 'Bionix superior tm3 cor 60', '\r', '1 und', 743, 143),
(649, '3000000292785', 8.5, 14, 'Bionix superior tm4 cor 62', '\r', '1 und', 743, 143),
(650, '3000000292808', 8.5, 15, 'Bionix inferior tm3 cor 60', '\r', '1 und', 743, 143),
(651, '3000000292815', 8.5, 9, 'Bionix inferior tm4 cor 62', '\r', '1 und', 743, 143),
(652, '3000000292839', 8.5, 16, 'Bionix t14 cor 62', '\r', '1 und', 743, 143),
(653, '3000000292853', 8.5, 15, 'Bionix ik 10 cor 66', '\r', '1 und', 743, 143),
(654, '3000000293294', 85, 2, 'Resina termo po black', '\r', '1 kg', 755, 143),
(655, '3018', 42, 0, 'Munhao reto he ar 4.0', '\r', '1 und', 813, 141),
(656, '30301', 630, 1, 'Seladora', '\r', '1 und', 838, 149),
(657, '3049', 71, 1, 'Munhao angulado he 4.0 15°', '\r', '1 und', 813, 141),
(658, '304999', 15, 28, 'Fixador', '\r', '475 ml', 839, 150),
(659, '3056', 71, 1, 'Munhao angulado he 4.0 25°', '\r', '1 und', 813, 141),
(660, '3148', 48, 1, 'O`ring hi 3.5 x 1', '\r', '1 und', 762, 141),
(661, '3155', 76, 2, 'O`ring hi 3.5 x 2', 'Especial\r', '1 und', 762, 141),
(662, '3162', 76, 0, 'O`ring hi 3.5 x 3', 'Especial\r', '1 und', 762, 141),
(663, '3170100441', 600, 1, 'Cuba de ultrassom 2,1l 220v', '\r', '1 und', 840, 149),
(664, '3179', 48, 0, 'O`ring hi 3.5 x 4', 'Especial\r', '1 und', 762, 141),
(665, '3186', 48, 0, 'O`ring hi 3.5 x 5', 'Especial\r', '1 und', 762, 141),
(666, '3193', 76, 0, 'O`ring hi 4.0 x 1', '\r', '1 und', 762, 141),
(667, '3209', 76, 0, 'O`ring hi 4.0 x 2', 'Especial\r', '1 und', 762, 141),
(668, '3216', 76, 0, 'O`ring hi 4.0 x 3', 'Especial\r', '1 und', 762, 141),
(669, '3223', 48, 0, 'O`ring hi 4.0 x 4', 'Especial\r', '1 und', 762, 141),
(670, '3230', 48, 2, 'O`ring hi 4.0 x 5', 'Especial\r', '1 und', 762, 141),
(671, '326', 20, 20, 'Resina master fill cor b1 + beinde  clareador claridex 16%', '\r', '1 Seringa com 4g', 750, 146),
(672, '327', 20, 24, 'Resina master fill cor b2 + beinde  clareador claridex 16%', '\r', '1 Seringa com 4g', 750, 146),
(673, '328', 20, 18, 'Resina master fill cor c1 + beinde  clareador claridex 16%', '\r', '1 seringa com 4g', 750, 146),
(674, '329', 20, 12, 'Resina master fill cor c2 + beinde  clareador claridex 16%', '\r', '1 seringa com 4g', 750, 146),
(675, '330', 20, 16, 'Resina master fill cor c3 + beinde  clareador claridex 16%', '\r', '1 Seringa com 4g', 750, 146),
(676, '3346', 48, 2, 'O`ring he 4.0 x 1', 'Especial\r', '1 und', 762, 141),
(677, '335201', 290, 17, 'Resina pattern resin ls', '\r', 'Kit 100g de po+105ml', 841, 144),
(678, '3353', 48, 1, 'O`ring he 4.0 x 2', 'Especial\r', '1 und', 762, 141),
(679, '3360', 48, 0, 'O`ring he 4.0 x 3', '\r', '1 und', 762, 141),
(680, '3377', 48, 2, 'O`ring he 4.0 x 4', 'Especial\r', '1 und', 758, 141),
(681, '3384', 48, 2, 'O`ring he 4.0 x 5', '\r', '1 und', 762, 141),
(682, '338783', 20, 7, 'Cera rolete', '\r', '225g', 842, 143),
(683, '3400970002740', 55, 8, 'Agulha gengival extra curta septoject xl 30g', '\r', '100 und', 843, 158),
(684, '3400970002764', 55, 6, 'Agulha gengival longa septoject xl 27g', '\r', '100 und', 843, 158),
(685, '3400970002771', 55, 9, 'Agulha gengival extra longa septoject xl 27g', '\r', '100 und', 843, 158),
(686, '340501', 400, 9, 'Resina auto alike kit', '\r', 'kit 6 Po+ li 118ml', 751, 144),
(687, '3405120000', 62, 4, 'Resina auto alike cor 62', '\r', '45 g', 751, 144),
(688, '340591', 150, 8, 'Resina auto alike liquido', '\r', '118 ml', 834, 144),
(689, '35', 25, 23, 'Kit cirurgico esteril para implante 30g', '\r', 'Kit', 844, 159),
(690, '3514', 300, 4, 'Negatoscopio slim led panoramico', '\r', '1 und', 845, 160),
(691, '3515009', 32, 15, 'Gesso tipo 4 golden brown', '\r', '1,5 kg', 846, 144),
(692, '355', 20, 14, 'Resina master fill cor a4 + beinde  clareador claridex 16%', '\r', '1 Seringa com 4g', 750, 146),
(693, '36', 59, 11, 'Envelope para estetilizacao', '\r', '15cm x 25cm 200 und', 847, 149),
(694, '37', 100, 3, 'Indicador quimico sil-250', '\r', '250 und', 848, 149),
(695, '3711', 35, 53, 'Ucla plastica hi com hexagono sim ombro 4.0', '\r', '1 und', 739, 141),
(696, '3728', 35, 35, 'Ucla plastica hi sim hexagono sim ombro 4.0', '\r', '1 und', 739, 141),
(697, '3760140700105', 55, 19, 'Agulha gengival curta septoject xl 30g', '\r', '100 und', 843, 158),
(698, '3760140702543', 250, 4, 'Anestesico topico pharmaethyl spray', '\r', '', 849, 158),
(699, '3760140702550', 48, 23, 'Alginato plastalgin + medidor de agua e po', '\r', '454g', 850, 158),
(700, '38', 4.5, 84, 'Oculos de protecao incolor', '\r', '1 und', 851, 159),
(701, '3841', 40, 10, 'Ucla titanio he ar 4.0', '\r', '1 und', 785, 141),
(702, '39', 100, 5, 'Microcanulas needle fine flex 23gx50mm', '\r', '5 und', 843, 161),
(703, '3919', 28, 60, 'Analogo mini conico', '\r', '1 und', 812, 141),
(704, '3995', 28, 38, 'Analogo he 4.0', '\r', '1 und', 812, 141),
(705, '40', 100, 0, 'Microcanulas needle fine flex 22gx50mm', '\r', '5 und', 852, 161),
(706, '4000000117018', 4.2, 8, 'Triunfo inferior 3m cor 60', '\r', '1 und', 741, 143),
(707, '4000000117032', 4.2, 14, 'Triunfo inferior a25 cor 60', '\r', '1 und', 741, 143),
(708, '4000000117049', 4.2, 9, 'Triunfo superior 32m cor 60', '\r', '1 und', 741, 143),
(709, '4000000117056', 4.2, 6, 'Triunfo inferior 34l cor 60', '\r', '1 und', 741, 143),
(710, '4000000117063', 4.2, 12, 'Triunfo inferior 3d cor 62', '\r', '1 und', 741, 143),
(711, '4000000117070', 4.2, 8, 'Triunfo inferior 3p cor 62', '\r', '1 und', 741, 143),
(712, '4000000117087', 4.2, 10, 'Triunfo superior 32l cor 62', '\r', '1 und', 741, 143),
(713, '4000000117131', 4.2, 17, 'Triunfo superior a23 cor 66', '\r', '1 und', 837, 143),
(714, '4000000117148', 4.2, 15, 'Triunfo inferior 2p cor 66', '\r', '1 und', 741, 143),
(715, '4000000117155', 4.2, 21, 'Triunfo superior 32m cor 66', '\r', '1 und', 741, 143),
(716, '4000000117162', 4.2, 7, 'Triunfo inferior 34l cor 66', '\r', '1 und', 741, 143),
(717, '4000000117209', 4.2, 14, 'Triunfo superior 3n cor 69', '\r', '1 und', 741, 143),
(718, '4000000117216', 4.2, 19, 'Triunfo inferior a26 cor 69', '\r', '1 und', 741, 143),
(719, '4000000117223', 4.2, 7, 'Triunfo superior 30m cor 69', '\r', '1 und', 741, 143),
(720, '4000000117230', 4.2, 7, 'Triunfo inferior 32l cor 69', '\r', '1 und', 741, 143),
(721, '4000000265900', 85, 3, 'Resina termo po incolor', '\r', '1 kg', 755, 143),
(722, '4000000266341', 45, 5, 'Resina termo po rosa medio', '\r', '450g', 755, 143),
(723, '4000000266488', 27, 3, 'Resina acrilica auto po rosa com veia', '\r', '225 g', 834, 143),
(724, '4000000269762', 21, 0, 'Resina acrilica bivalente cor 66', '\r', '80 g', 751, 143),
(725, '4000000270140', 15, 5, 'Resina acrilica bivalente cor 67', '\r', '25 g', 853, 143),
(726, '4000000286806', 27, 2, 'Resina termo po rosa escuro', '\r', '225 g', 755, 143),
(727, '4000000292685', 8.5, 16, 'Bionix t13 cor 66', '\r', '1 und', 743, 143),
(728, '4000000292715', 8.5, 12, 'Bionix t36 cor 66', '\r', '1 und', 743, 143),
(729, '4000000292739', 8.5, 11, 'Bionix t17cor 66', '\r', '1 und', 743, 143),
(730, '4000000292753', 8.5, 14, 'Bionix il5 cor 69', '\r', '1 und', 743, 143),
(731, '4000000292760', 8.5, 24, 'Bionix i 10 cor 60', '\r', '1 und', 743, 143),
(732, '4000000292777', 8.5, 9, 'Bionix superior tm2 cor 69', '\r', '1 und', 743, 143),
(733, '4000000292784', 8.5, 11, 'Bionix superior tm4 cor 60', '\r', '1 und', 743, 143),
(734, '4000000292791', 8.5, 8, 'Bionix superior tm5 cor 62', '\r', '1 und', 743, 143),
(735, '4000000292807', 8.5, 10, 'Bionix inferior tm2 cor 69', '\r', '1 und', 743, 143),
(736, '4000000292814', 8.5, 13, 'Bionix inferior tm4 cor 60', '\r', '1 und', 743, 143),
(737, '4000000292821', 8.5, 15, 'Bionix inferior tm5 cor 62', '\r', '1 und', 743, 143),
(738, '4000000292838', 8.5, 14, 'Bionix t14 cor 60', '\r', '1 und', 743, 143),
(739, '4000000292845', 8.5, 12, 'Bionix r25 cor 62', '\r', '1 und', 743, 143),
(740, '4084', 28, 26, 'Analogo hi 3.5', '\r', '1 und', 812, 141),
(741, '4091', 28, 25, 'Analogo hi 4.0', '\r', '1 und', 812, 141),
(742, '41', 100, 3, 'Microcanulas needle fine flex 23gx38mm', '\r', '5 und', 852, 161),
(743, '41004100', 199, 0, 'Maniquin com todo os dentes', '\r', '1 und', 854, 162),
(744, '4103002000002', 6.9, 9, 'Arco aco inferior 0.20', '\r', '10 und', 855, 142),
(745, '4103011800006', 7.9, 5, 'Arco aco inferior 0.18 x 0.25', '\r', '10 und', 856, 142),
(746, '4103011900003', 7.9, 10, 'Arco aco inferior 0.19 x 0.25', '\r', '10 und', 856, 142),
(747, '4103101600004', 6.9, 15, 'Arco aco superior 0.16', '\r', '10 und', 855, 142),
(748, '4105001200001', 22.5, 0, 'Mola niti fechada 13mm pesada', '\r', '4 und', 857, 142),
(749, '41053205', 5000, 0, 'Aparelhos de raios-x 70kv digital (de pa', '\r', '1 und', 797, 153),
(750, '42', 100, 2, 'Microcanulas needle fine flex 21gx50mm', '\r', '5 und', 852, 161),
(751, '4201001000006', 9.9, 6, 'Arco niti superelastico inferio 0.10', '\r', '10 und', 858, 142),
(752, '4201001200000', 9.9, 20, 'Arco niti superelastico inferio 0.12', '\r', '10 und', 858, 142),
(753, '4201001400004', 9.9, 16, 'Arco niti superelastico inferior 0.14', '\r', '10 und', 858, 142),
(754, '4201001600008', 9.9, 17, 'Arco niti superelastico inferior 0.16', '\r', '10 und', 858, 142),
(755, '4201001800002', 9.9, 14, 'Arco niti superelastico inferior 0.18', '\r', '10 und', 858, 142),
(756, '4201002000005', 9.9, 14, 'Arco niti superelastico inferior 0.20', '\r', '10 und', 858, 142),
(757, '4201011600005', 17.2, 17, 'Arco niti superelastico inferior 0.16 x 0.22', '\r', '10 und', 859, 142),
(758, '4201011700002', 17.2, 24, 'Arco niti superelastico inferior 0.17 x 0.25', '\r', '10 und', 859, 142),
(759, '4201011800009', 17.2, 9, 'Arco niti superelastico inferior 0.18 x 0.25', '\r', '10 und', 859, 142),
(760, '4201011900006', 17.2, 20, 'Arco niti superelastico inferior 0.19 x 0.25', '\r', '10 und', 859, 142),
(761, '4201021600002', 17.2, 10, 'Arco niti superelastico inferior 0.16 x 0.16', '\r', '10 und', 859, 142),
(762, '4201101200009', 9.9, 16, 'Arco niti superelastico superior 0.12', '\r', '10 und', 858, 142),
(763, '4201101400003', 9.9, 14, 'Arco niti superelastico superior 0.14', '\r', '10 und', 858, 142),
(764, '4201101600007', 9.9, 13, 'Arco niti superelastico superior 0.16', '\r', '10 und', 858, 142),
(765, '4201101800001', 9.9, 14, 'Arco niti superelastico superior 0.18', '\r', '10 und', 858, 142),
(766, '4201102000004', 9.9, 15, 'Arco niti superelastico superior 0.20', '\r', '10 und', 858, 142),
(767, '4201111600004', 17.2, 21, 'Arco niti superelastico superior 0.16 x 0.22', '\r', '10 und', 859, 142),
(768, '4201111700001', 17.2, 21, 'Arco niti superelastico superior 0.17 x 0.25', '\r', '10 und', 859, 142),
(769, '4201111800008', 17.2, 8, 'Arco niti superelastico superior 0.18 x 0.25', '\r', '10 und', 859, 142),
(770, '4201111900005', 17.2, 33, 'Arco niti superelastico superior 0.19 x 0.25', '\r', '10 und', 859, 142),
(771, '4201121600001', 17.2, 10, 'Arco niti superelastico superior 0.16 x 0.16', '\r', '10 und', 859, 142),
(772, '4202001200007', 9.9, 19, 'Arco niti termo inferior 0.12', '\r', '10 und', 860, 142),
(773, '4202001400001', 9.9, 28, 'Arco niti termo inferior 0.14', '\r', '10 und', 860, 142),
(774, '4202001600005', 9.9, 32, 'Arco niti termo inferior 0.16', '\r', '10 und', 860, 142),
(775, '4202001800009', 9.9, 28, 'Arco niti termo inferior 0.18', '\r', '10 und', 860, 142),
(776, '4202002000002', 9.9, 25, 'Arco niti termo inferior 0.20', '\r', '10 und', 860, 142),
(777, '4202011600002', 17.2, 20, 'Arco niti termo inferior 0.16 x 0.22', '\r', '10 und', 861, 142),
(778, '4202011700009', 17.2, 31, 'Arco niti termo inferior 0.17 x 0.25', '\r', '10 und', 861, 142),
(779, '4202011800006', 17.2, 9, 'Arco niti termo inferior 0.18 x 0.25', '\r', '10 und', 861, 142),
(780, '4202011900003', 17.2, 29, 'Arco niti termo inferior 0.19 x 0.25', '\r', '10 und', 861, 142),
(781, '4202021600009', 17.2, 10, 'Arco niti termo inferior 0.16 x 0.16', '\r', '10 und', 861, 142),
(782, '4202101200006', 9.9, 21, 'Arco niti termo superior 0.12', '\r', '10 und', 860, 142),
(783, '4202101400000', 9.9, 24, 'Arco niti termo superior 0.14', '\r', '10 und', 860, 142),
(784, '4202101600004', 9.9, 32, 'Arco niti termo superior 0.16', '\r', '10 und', 860, 142),
(785, '4202101800008', 9.9, 28, 'Arco niti termo superior 0.18', '\r', '10 und', 860, 142),
(786, '4202102000001', 9.9, 25, 'Arco niti termo superior 0.20', '\r', '10 und', 860, 142),
(787, '4202111600001', 17.2, 21, 'Arco niti termo superior 0.16 x 0.22', '\r', '10 und', 861, 142),
(788, '4202111700008', 17.2, 21, 'Arco niti termo superior 0.17 x 0.25', '\r', '10 und', 861, 142),
(789, '4202111800005', 17.2, 9, 'Arco niti termo superior 0.18 x 0.25', '\r', '10 und', 861, 142),
(790, '4202111900002', 17.2, 33, 'Arco niti termo superior 0.19 x 0.25', '\r', '10 und', 861, 142),
(791, '4202121600008', 17.2, 10, 'Arco niti termo superior 0.16 x 0.16', '\r', '10 und', 861, 142),
(792, '4203001200004', 19.6, 2, 'Arco curva reversa inferior 0.12', '\r', '10 und', 862, 142),
(793, '4203001400008', 19.6, 2, 'Arco curva reversa inferior 0.14', '\r', '10 und', 862, 142),
(794, '4203001600002', 19.6, 2, 'Arco curva reversa inferior 0.16', '\r', '10 und', 862, 142),
(795, '4203001800006', 19.6, 2, 'Arco curva reversa inferior 0.18', '\r', '10 und', 862, 142),
(796, '4203101200003', 19.6, 6, 'Arco curva reversa superior 0.12', '\r', '10 und', 862, 142),
(797, '4203101400007', 19.6, 2, 'Arco curva reversa superior 0.14', '\r', '10 und', 862, 142),
(798, '4203101600001', 19.6, 2, 'Arco curva reversa superior 0.16', '\r', '10 und', 862, 142),
(799, '4203101800005', 19.6, 2, 'Arco curva reversa superior 0.18', '\r', '10 und', 862, 142),
(800, '4204001200001', 4.9, 6, 'Arco estetico niti inferior 0.12', '\r', '1 und', 863, 142),
(801, '4204001400005', 4.9, 4, 'Arco estetico niti inferior 0.14', '\r', '1 und', 863, 142),
(802, '4204001600009', 4.9, 1, 'Arco estetico niti inferior 0.16', '\r', '1 und', 863, 142),
(803, '4204001800003', 4.9, 1, 'Arco estetico niti inferior 0.18', '\r', '1 und', 863, 142),
(804, '4204011600006', 4.9, 6, 'Arco estetico niti inferior 0.16 x 0.22', '\r', '1 und', 864, 142),
(805, '4204011700003', 4.9, 6, 'Arco estetico niti inferior 0.17 x 0.25', '\r', '1 und', 864, 142),
(806, '4204011800000', 4.9, 4, 'Arco estetico niti inferior 0.18 x 0.25', '\r', '1 und', 864, 142),
(807, '4204011900007', 4.9, 4, 'Arco estetico niti inferior 0.19 x 0.25', '\r', '1 und', 864, 142),
(808, '4204021600003', 4.9, 3, 'Arco estetico niti inferior 0.16 x 0.16', '\r', '1 und', 864, 142),
(809, '4204101200000', 4.9, 0, 'Arco estetico niti superior 0.12', '\r', '1 und', 863, 142),
(810, '4204101400004', 4.9, 3, 'Arco estetico niti superior 0.14', '\r', '1 und', 863, 142),
(811, '4204101600008', 4.9, 0, 'Arco estetico niti superior 0.16', '\r', '1 und', 863, 142),
(812, '4204101800002', 4.9, 1, 'Arco estetico niti superior 0.18', '\r', '1 und', 863, 142),
(813, '4204111600005', 4.9, 6, 'Arco estetico niti superior 0.16 x 0.22', '\r', '1 und', 864, 142),
(814, '4204111700002', 4.9, 2, 'Arco estetico niti superior 0.17 x 0.25', '\r', '1 und', 864, 142),
(815, '4204111800009', 4.9, 3, 'Arco estetico niti superior 0.18 x 0.25', '\r', '1 und', 864, 142),
(816, '4204111900006', 4.9, 3, 'Arco estetico niti superior 0.19 x 0.25', '\r', '1 und', 864, 142),
(817, '4204121600002', 4.9, 2, 'Arco estetico niti superior 0.16 x 0.16', '\r', '1 und', 864, 142),
(818, '4205000100002', 23.6, 7, 'Mola niti aberta', '\r', '3 und 18 cm', 865, 142),
(819, '4205001100001', 21.2, 24, 'Mola niti fechada 9mm media', '\r', '4 und', 857, 142),
(820, '4207001200002', 6.9, 9, 'Arco aco inferior 0.12', '\r', '10 und', 855, 142),
(821, '4207001400006', 6.9, 8, 'Arco aco inferior 0.14', '\r', '10 und', 855, 142),
(822, '4207001600000', 6.9, 6, 'Arco aco inferior 0.16', '\r', '10 und', 855, 142),
(823, '4207001800004', 6.9, 7, 'Arco aco inferior 0.18', '\r', '10 und', 855, 142),
(824, '4207011600007', 7.9, 11, 'Arco aco inferior 0.16 x 0.22', '\r', '10 und', 856, 142),
(825, '4207011700004', 7.9, 6, 'Arco aco inferior 0.17 x 0.25', '\r', '10 und', 856, 142),
(826, '4207021600004', 7.9, 5, 'Arco aco inferior 0.16 x 0.16', '\r', '10 und', 856, 142),
(827, '4207101200001', 6.9, 10, 'Arco aco superior 0.12', '\r', '10 und', 855, 142),
(828, '4207101400005', 6.9, 9, 'Arco aco superior 0.14', '\r', '10 und', 855, 142),
(829, '4207101600009', 7.9, 2, 'Arco aco superior 0.16 x 0.16', '\r', '10 und', 856, 142),
(830, '4207101800003', 6.9, 7, 'Arco aco superior 0.18', '\r', '10 und', 855, 142),
(831, '4207102000006', 6.9, 10, 'Arco aco superior 0.20', '\r', '10 und', 855, 142),
(832, '4207111600006', 7.9, 4, 'Arco aco superior 0.16 x 0.22', '\r', '10 und', 856, 142),
(833, '4207111700003', 7.9, 6, 'Arco aco superior 0.17 x 0.25', '\r', '10 und', 856, 142),
(834, '4207111800000', 7.9, 4, 'Arco aco superior 0.18 x 0.25', '\r', '10 und', 856, 142),
(835, '4207111900007', 7.9, 13, 'Arco aco superior 0.19 x 0.25', '\r', '10 und', 856, 142),
(836, '4208001400003', 8.4, 4, 'Arco copper niti inferior 0.14', '\r', '2 und', 866, 142),
(837, '4208001600007', 8.4, 5, 'Arco copper niti inferior 0.16', '\r', '2 und', 866, 142),
(838, '4208001800001', 8.4, 5, 'Arco copper niti inferior 0.18', '\r', '2 und', 866, 142),
(839, '4208011300003', 11.8, 5, 'Arco copper niti inferior 0.18 x 0.25', '\r', '2 und', 867, 142),
(840, '4208011400000', 11.8, 5, 'Arco copper niti inferior 0.14 x 0.25', '\r', '2 und', 867, 142),
(841, '4208011600004', 11.8, 5, 'Arco copper niti inferior 0.16 x 0.22', '\r', '2 und', 867, 142),
(842, '4208012000001', 11.8, 5, 'Arco copper niti inferior 0.17 x 0.25', '\r', '2 und', 867, 142),
(843, '4208101400002', 8.4, 4, 'Arco copper niti superior 0.14', '\r', '2 und', 866, 142),
(844, '4208101600006', 8.4, 5, 'Arco copper niti superior 0.16', '\r', '2 und', 866, 142),
(845, '4208101800000', 8.4, 5, 'Arco copper niti superior 0.18', '\r', '2 und', 866, 142),
(846, '4208111300002', 11.8, 5, 'Arco copper niti superior 0.18 x 0.25', '\r', '5 und', 867, 142),
(847, '4208111400009', 11.8, 5, 'Arco copper niti superior 0.14 x 0.25', '\r', '2 und', 867, 142),
(848, '4208111600003', 11.8, 5, 'Arco copper niti superior 0.16 x 0.22', '\r', '2 und', 867, 142),
(849, '4208112000000', 11.8, 5, 'Arco copper niti superior 0.17 x 0.25', '\r', '5 und', 867, 142),
(850, '4282', 29, 20, 'Transfer mini conico', '\r', '1 und', 784, 141),
(851, '43', 100, 4, 'Microcanulas needle fine flex 18gx50mm', '\r', '5 und', 852, 161),
(852, '4300000100004', 399, 2, 'Alicate corte amarrilho for her', '\r', '1 und', 868, 142),
(853, '4300000200001', 399, 2, 'Alicate corte amarrilho', '\r', '1 und', 869, 142),
(854, '4300001100003', 399, 1, 'Alicate corte distal confort', '\r', '1 und', 870, 142),
(855, '4300002200009', 399, 2, 'Alicate corte fio grosso', '\r', '1 und', 871, 142),
(856, '4300004100000', 369, 2, 'Alicate alihnadores formador de cilindro 1', '\r', '1 und', 872, 142),
(857, '4300004200007', 369, 2, 'Alicate alihnadores formador de slot 2', '\r', '1 und', 872, 142),
(858, '4300004300004', 369, 2, 'Alicate alihnadores formador de retracao 3', '\r', '1 und', 872, 142),
(859, '4300004400001', 369, 1, 'Alicate alihnadores formador de pontos de ativacao 4', '\r', '1 und', 872, 142),
(860, '4300005000002', 1276, 4, 'Alicate alihnadores kit', '\r', 'kit 4 und', 872, 142),
(861, '4300010900007', 145, 2, 'Alicate 109 de la rosa com mola', '\r', '1 und', 873, 142),
(862, '4300011000003', 145, 3, 'Alicate 110 how reto', '\r', '1 und', 874, 142),
(863, '4300011100000', 145, 5, 'Alicate 111 how curvo', '\r', '1 und', 875, 142),
(864, '4300013900004', 145, 2, 'Alicate 139 angle', '\r', '1 und', 876, 142),
(865, '4300015800005', 145, 4, 'Alicate 158 formar amarrilho', '\r', '1 und', 877, 142),
(866, '4300016800004', 145, 1, 'Alicate 168 dobrar em v', '\r', '1 und', 878, 142),
(867, '4300017000007', 215, 3, 'Alicate dobrador de arco de niti na distal', '\r', '1 und', 879, 142),
(868, '4300020000001', 145, 3, 'Alicate 200 tridente', '\r', '1 und', 880, 142),
(869, '4300021000000', 145, 3, 'Alicate 120 weingart', '\r', '1 und', 881, 142),
(870, '4300032500001', 145, 1, 'Alicate 325 universal', '\r', '1 und', 882, 142),
(871, '4300034600006', 145, 2, 'Alicate 346 c removedor de braquete curvo', '\r', '1 und', 883, 142),
(872, '4300034700003', 145, 4, 'Alicate 347 removedor de banda', '\r', '1 und', 884, 142),
(873, '4300035000003', 145, 4, 'Alicate 350 tweed omega loop estriado', '\r', '1 und', 885, 142),
(874, '4300040000005', 219, 2, 'Alicate 400 w torque individual com chave', '\r', '1 und', 886, 142),
(875, '4300041000004', 145, 1, 'Alicate 410 atkinson para barra palatina', '\r', '1 und', 887, 142),
(876, '4300044200005', 145, 5, 'Alicate 442 c tweed retangular curto', '\r', '1 und', 888, 142),
(877, '4300100100003', 145, 3, 'Alicate 001 nance', '\r', '1 und', 889, 142),
(878, '4300105300002', 145, 2, 'Alicate 053 meia cana', '\r', '1 und', 890, 142),
(879, '4300107400007', 145, 2, 'Alicate 074 young', '\r', '1 und', 891, 142),
(880, '4300134600005', 145, 4, 'Alicate 346 r removedor de braquete reto', '\r', '1 und', 892, 142),
(881, '4300205800006', 145, 2, 'Alicate gancho bola', '\r', '1 und', 893, 142),
(882, '4300501100008', 79.9, 3, 'Porta agulha mathieu com furo para ligadura 14 cm', '\r', '1 und', 894, 142),
(883, '4300501200005', 79.9, 3, 'Porta agulha mathieu 14 cm', '\r', '1 und', 894, 142),
(884, '4300501300002', 79.9, 1, 'Porta agulha mathieu 11 cm', '\r', '1 und', 894, 142),
(885, '4300501400009', 79.9, 4, 'Porta agulha mathieu com furo para ligadura 11 cm', '\r', '1 und', 894, 142),
(886, '4300502100007', 42.9, 5, 'Pinca para braquetes', '\r', '1 und', 895, 142),
(887, '4300502600002', 42.9, 0, 'Pinca para tubos', '\r', '1 und', 896, 142),
(888, '4300503100006', 40, 0, 'Calcador de bandas (i300)', '\r', '1 und', 897, 142),
(889, '4300503200003', 29.9, 1, 'Estrela de boone aco 3,5-5,0 mm', '\r', '1 und', 898, 142),
(890, '4300508200008', 169, 8, 'Pistola para fio de amarrilho', '\r', '1 und', 899, 142),
(891, '439401', 300, 12, 'Ionomero de vidro para cimentacao gc fuji ortho lc', '\r', '15g de po + 6,8ml', 900, 144),
(892, '44', 100, 5, 'Microcanulas needle fine flex 18gx70mm', '\r', '5 und', 852, 161),
(893, '4400002300003', 74.9, 4, 'Adesivo para braquetes #2 light cure', '\r', '5g resnia+3ml adesiv', 901, 142),
(894, '4400002400000', 193, 1, 'Adesivo para braquetes #2 light cure', '\r', '15g resina+7ml Adesi', 901, 142),
(895, '4400003100008', 89.9, 5, 'Ionomero para bandas #3glass ionomer pequeno', '\r', '18g de po+16,5ml', 902, 142),
(896, '4400003400009', 150, 2, 'Ionomero para bandas #3glass ionomer grande', '\r', '35g de po+35ml liq', 903, 142),
(897, '4400004300001', 69, 1, 'Adesivo para bandas foto #4 light cure', '\r', '1 seringa 5 g', 900, 142),
(898, '4400004400008', 189, 3, 'Adesivo para bandas foto #4 light cure', '\r', '15g resina+7ml adesi', 900, 142),
(899, '4404', 29, 11, 'Transfer hi 3.5', '\r', '1 und', 784, 141),
(900, '4411', 29, 15, 'Transfer hi 4.0', '\r', '1 und', 784, 141),
(901, '443518', 199, 1, 'Mini incubadora', 'Espesial 2\r', '1 und', 774, 149),
(902, '46', 120, 2, 'Silicone de adicao scan monophase', '\r', '50 ml', 904, 163),
(903, '473005', 400, 1, 'Tira de lixa  epitex', '\r', 'kit', 905, 144),
(904, '4732', 24, 20, 'Tampa de cicatrizacao cone estetico', '\r', '1 und', 795, 141),
(905, '4923', 35, 45, 'Ucla plastica hi sim hexagono sim ombro 3.5', '\r', '1 und', 739, 141),
(906, '4978', 29, 33, 'Transfer he moldeira aberta 4.0', '\r', '1 und', 784, 141),
(907, '500', 6.6, 5, 'Pote dappen de silicone roxo', '\r', '1 und', 821, 156),
(908, '5000000117031', 4.2, 18, 'Triunfo superior a25 cor 60', '\r', '1 und', 741, 143),
(909, '5000000117048', 4.2, 9, 'Triunfo inferior 30m cor 60', '\r', '1 und', 741, 143),
(910, '5000000117055', 4.2, 10, 'Triunfo superior 34l cor 60', '\r', '1 und', 741, 143),
(911, '5000000117062', 4.2, 13, 'Triunfo superior 3d cor 62', '\r', '1 und', 837, 143),
(912, '5000000117079', 4.2, 14, 'Triunfo inferior 266 cor 62', '\r', '1 und', 741, 143),
(913, '5000000117130', 4.2, 20, 'Triunfo inferior 3m cor 66', '\r', '1 und', 741, 143),
(914, '5000000117147', 4.2, 12, 'Triunfo superior 2p cor 66', '\r', '1 und', 741, 143),
(915, '5000000117154', 4.2, 7, 'Triunfo inferior 30m cor 66', '\r', '1 und', 741, 143),
(916, '5000000117161', 4.2, 2, 'Triunfo superior 34l cor 66', '\r', '1 und', 741, 143),
(917, '5000000117215', 4.2, 22, 'Triunfo superior a26 cor 69', '\r', '1 und', 837, 143),
(918, '5000000117222', 4.2, 12, 'Triunfo superior 38 cor 69', '\r', '1 und', 741, 143),
(919, '5000000266425', 27, 7, 'Resina acrilica auto po incolor', '\r', '225 g', 834, 143),
(920, '5000000266982', 32, 3, 'Liquido auto com crosslink', '\r', '250 ml', 754, 143),
(921, '5000000269761', 21, 4, 'Resina acrilica bivalente cor 62', '\r', '80 g', 835, 143),
(922, '5000000286805', 45, 2, 'Resina termo po rosa escuro', '\r', '450 g', 755, 143),
(923, '5000000292691', 8.5, 10, 'Bionix th4 cor 66', '\r', '1 und', 743, 143),
(924, '5000000292707', 8.5, 13, 'Bionix te3 cor 62', '\r', '1 und', 743, 143),
(925, '5000000292721', 8.5, 15, 'Bionix tg3 cor 66', '\r', '1 und', 743, 143),
(926, '5000000292769', 8.5, 12, 'Bionix ik 6 cor 66', '\r', '1 und', 743, 143),
(927, '5000000292783', 8.5, 9, 'Bionix superior tm3 cor 69', '\r', '1 und', 743, 143),
(928, '5000000292790', 8.5, 15, 'Bionix superior tm5 cor 60', '\r', '1 und', 743, 143),
(929, '5000000292813', 8.5, 10, 'Bionix inferior tm3 cor 69', '\r', '1 und', 743, 143),
(930, '5000000292820', 8.5, 15, 'Bionix inferior tm5 cor 60', '\r', '1 und', 743, 143),
(931, '5000000292837', 8.5, 17, 'Bionix tl4 cor 69', '\r', '1 und', 743, 143),
(932, '5000000292844', 8.5, 16, 'Bionix r25 cor 60', '\r', '1 und', 743, 143),
(933, '5000000292851', 8.5, 14, 'Bionix ik 10 cor 62', '\r', '1 und', 743, 143),
(934, '501', 9.6, 3, 'Pote dappen silicone grande roxo', '\r', '1 und', 822, 156),
(935, '504', 21, 0, 'Guta percha acessoria xf nao esteril', '\r', '100 und', 906, 164),
(936, '505', 21, 0, 'Guta percha acessoria ff nao esteril', '\r', '100 und', 906, 164),
(937, '508', 21, 1, 'Guta percha acessoria mf nao esteril', '\r', '100 und', 906, 164),
(938, '509', 21, 7, 'Guta percha calibrada 15 nao esteril', '\r', '120 und', 906, 164),
(939, '510', 21, 4, 'Guta percha calibrada 20 nao esteril', '\r', '120 und', 906, 164),
(940, '511', 21, 0, 'Guta percha calibrada 25 nao esteril', '\r', '120 und', 906, 164),
(941, '521', 21, 0, 'Guta percha calibrada 15-40 nao esteril', '\r', '120 und', 906, 164),
(942, '522', 21, 2, 'Guta percha calibrada 45-80 nao esteril', '\r', '120 und', 906, 164),
(943, '523', 21, 6, 'Ponta de papel 15 nao esteril', '\r', '200 und', 907, 164),
(944, '524', 21, 7, 'Ponta de papel 20 nao esteril', '\r', '200 und', 907, 164),
(945, '525', 21, 4, 'Ponta de papel 25 nao esteril', '\r', '200 und', 907, 164),
(946, '535', 21, 2, 'Ponta de papel 15-40 nao esteril', '\r', '200 und', 907, 164),
(947, '536', 21, 11, 'Ponta de papel 45-80 nao esteril', '\r', '200 und', 906, 164),
(948, '55255', 18.9, 0, 'Afastador labial autoclavavel cor transparente tamanho pequeno', '\r', '3 und', 829, 142),
(949, '553', 4.2, 14, 'Triunfo inferior 3p cor 69', '\r', '1 und', 741, 143),
(950, '56339', 8200, 0, 'Sensor digital rvg 5200', '\r', '1 und', 788, 150),
(951, '6000000117023', 4.2, 8, 'Triunfo inferior 3d cor 60', '\r', '1 und', 741, 143),
(952, '6000000117030', 4.2, 10, 'Triunfo inferior 3p cor 60', '\r', '1 und', 741, 143),
(953, '6000000117047', 4.2, 10, 'Triunfo superior 30m cor 60', '\r', '1 und', 741, 143),
(954, '6000000117054', 4.2, 10, 'Triunfo inferior 32l cor 60', '\r', '1 und', 741, 143),
(955, '6000000117061', 4.2, 12, 'Triunfo inferior 2d cor 62', '\r', '1 und', 741, 143),
(956, '6000000117078', 4.2, 19, 'Triunfo superior 266 cor 62', '\r', '1 und', 741, 143),
(957, '6000000117139', 4.2, 18, 'Triunfo inferior 3n cor 66', '\r', '1 und', 741, 143),
(958, '6000000117146', 4.2, 17, 'Triunfo inferior a26 cor 66', '\r', '1 und', 741, 143),
(959, '6000000117153', 4.2, 13, 'Triunfo superior 30m cor 66', '\r', '1 und', 741, 143),
(960, '6000000117160', 4.2, 14, 'Triunfo inferior 32l cor 66', '\r', '1 und', 741, 143),
(961, '6000000117214', 4.2, 14, 'Triunfo inferior a25 cor 69', '\r', '1 und', 741, 143),
(962, '6000000117221', 4.2, 12, 'Triunfo inferior 266 cor 69', '\r', '1 und', 741, 143),
(963, '6000000255305', 40, 9, 'Isolante', '\r', '1L', 742, 143),
(964, '6000000255404', 13, 7, 'Isolante', '\r', '250 ml', 742, 143),
(965, '6000000267087', 45, 4, 'Resina acrilica auto po auto incolor', '\r', '450 g', 834, 143),
(966, '6000000267100', 24, 3, 'Resina termo po rosa claro', '\r', '225 g', 755, 143),
(967, '6000000269760', 21, 4, 'Resina acrilica bivalente cor 60', '\r', '80 g', 835, 143),
(968, '6000000286804', 85, 1, 'Resina termo po rosa escuro', '\r', '1 kg', 755, 143),
(969, '6000000292683', 8.5, 18, 'Bionix t13 cor 62', '\r', '1 und', 756, 143),
(970, '6000000292706', 8.5, 16, 'Bionix te3 cor 60', '\r', '1 und', 743, 143),
(971, '6000000292713', 8.5, 15, 'Bionix t36 cor 62', '\r', '1 und', 743, 143),
(972, '6000000292737', 8.5, 20, 'Bionix t17 cor 62', '\r', '1 und', 743, 143),
(973, '6000000292751', 8.5, 14, 'Bionix il5 cor 66', '\r', '1 und', 743, 143),
(974, '6000000292775', 8.5, 9, 'Bionix superior tm2 cor 66', '\r', '1 und', 743, 143),
(975, '6000000292799', 8.5, 4, 'Bionix superior tm6 cor 66', '\r', '1 und', 743, 143),
(976, '6000000292805', 8.5, 10, 'Bionix inferior tm2 cor 66', '\r', '1 und', 743, 143),
(977, '6000000292829', 8.5, 4, 'Bionix inferior tm6 cor 66', '\r', '1 und', 743, 143),
(978, '6000000292843', 8.5, 13, 'Bionix t14 cor 69', '\r', '1 und', 743, 143),
(979, '6000000292850', 8.5, 16, 'Bionix ik 10 cor 60', '\r', '1 und', 743, 143),
(980, '60350007', 85, 1, 'Adesivo primer yzap', '\r', '5 ml', 908, 163),
(981, '60350017', 21, 0, 'Resina protetora de braquetes  yprotect', '\r', '2 g', 909, 163),
(982, '60893645', 15, 41, 'Revelador', '\r', '475ml', 839, 150),
(983, '63025', 80, 12, 'Clareador opalescence endo 35% kit', '\r', '2 Seringas 1,2 ml', 910, 165),
(984, '65025914', 60, 3, 'Pino fibra de vidro power post n?2 sem broca', '\r', '5 und', 911, 166),
(985, '6663252', 160, 29, 'Filme e-speed', '\r', '150 und', 789, 150),
(986, '6943566100033', 17.5, 13, 'Pastilhas parra limpeza aparelho+clean', '\r', '30 und', 912, 142),
(987, '7000000117022', 4.2, 17, 'Triunfo superior 3d cor 60', '\r', '1 und', 741, 143),
(988, '7000000117046', 4.2, 14, 'Triunfo superior 38 cor 60', '\r', '1 und', 741, 143),
(989, '7000000117053', 4.2, 13, 'Triunfo superior 32l cor 60', '\r', '1 und', 741, 143),
(990, '7000000117060', 4.2, 10, 'Triunfo superior 2d cor 62', '\r', '1 und', 741, 143),
(991, '7000000117084', 4.2, 18, 'Triunfo inferior 32m cor 62', '\r', '1 und', 741, 143),
(992, '7000000117138', 4.2, 15, 'Triunfo superior 3n cor 66', '\r', '1 und', 741, 143),
(993, '7000000117145', 4.2, 15, 'Triunfo superior a26 cor 66', '\r', '1 und', 741, 143),
(994, '7000000117152', 4.2, 8, 'Triunfo superior 38 cor 66', '\r', '1 und', 741, 143),
(995, '7000000117213', 4.2, 17, 'Triunfo superior a25 cor 69', '\r', '1 und', 837, 143),
(996, '7000000117220', 4.2, 23, 'Triunfo superior 266 cor 69', '\r', '1 und', 741, 143),
(997, '7000000255403', 4, 0, 'Isolante', '\r', '100 ml', 742, 143),
(998, '7000000266072', 85, 3, 'Resina termo po rosa claro', '\r', '1 kg', 755, 143),
(999, '7000000287282', 27, 3, 'Resina acrilica auto po cristal', '\r', '225 g', 834, 143),
(1000, '7000000292675', 8.5, 16, 'Bionix te2 cor 69', '\r', '1 und', 743, 143),
(1001, '7000000292682', 8.5, 15, 'Bionix t13 cor 60', '\r', '1 und', 743, 143),
(1002, '7000000292699', 8.5, 21, 'Bionix tf4 cor 69', '\r', '1 und', 743, 143),
(1003, '7000000292705', 8.5, 15, 'Bionix te4 cor 69', '\r', '1 und', 743, 143),
(1004, '7000000292712', 8.5, 15, 'Bionix t36 cor 60', '\r', '1 und', 743, 143),
(1005, '7000000292729', 8.5, 14, 'Bionix t12 cor 69', '\r', '1 und', 743, 143),
(1006, '7000000292736', 8.5, 16, 'Bionix t17 cor 60', '\r', '1 und', 743, 143),
(1007, '7000000292767', 8.5, 13, 'Bionix ik 6 cor 62', '\r', '1 und', 743, 143),
(1008, '7000000292781', 8.5, 11, 'Bionix superior tm3 cor 66', '\r', '1 und', 743, 143),
(1009, '7000000292811', 8.5, 10, 'Bionix inferior tm3 cor 66', '\r', '1 und', 743, 143),
(1010, '7000000292835', 8.5, 13, 'Bionix tl4 cor 66', '\r', '1 und', 743, 143),
(1011, '7000000292859', 8.5, 13, 'Bionix ik 12 cor 66', '\r', '1 und', 743, 143),
(1012, '7096000100003', 13.5, 4, 'Caixa concha para aparelho sortida classico', '\r', '10 und', 913, 142),
(1013, '7096000200000', 13.5, 7, 'Caixa concha para aparelho cor azul', '\r', '10 und', 913, 142),
(1014, '7096000400004', 13.5, 5, 'Caixa concha para aparelho cor branca', '\r', '10 und', 913, 142),
(1015, '7096000500001', 13.5, 6, 'Caixa concha para aparelho sortida orthomundi', '\r', '10 und', 913, 142),
(1016, '7096000600008', 13.5, 3, 'Caixa concha para aparelho cor grafite', '\r', '10 und', 913, 142),
(1017, '7096000700005', 13.5, 5, 'Caixa concha para aparelho cor lilas', '\r', '10 und', 913, 142),
(1018, '7096000800002', 13.5, 5, 'Caixa concha para aparelho cor rosa', '\r', '10 und', 913, 142),
(1019, '7096000900009', 13.5, 4, 'Caixa concha para aparelho cor roxo', '\r', '10 und', 913, 142),
(1020, '7096001000005', 13.5, 4, 'Caixa concha para aparelho cor laranja', '\r', '10 und', 913, 142),
(1021, '7096001100002', 13.5, 5, 'Caixa concha para aparelho cor vermelha', '\r', '10 und', 913, 142),
(1022, '7096001200009', 13.5, 4, 'Caixa concha para aparelho cor verde claro', '\r', '10 und', 913, 142),
(1023, '7096001300006', 13.5, 2, 'Caixa concha para aparelho cor turquesa', '\r', '10 und', 913, 142),
(1024, '742832785266', 24.5, 37, 'Luva azul nitrilo extra pequena', '\r', '100 und', 914, 147),
(1025, '742832785273', 24.5, 19, 'Luva azul nitrilo pequena', '\r', '100 und', 914, 147),
(1026, '742832785280', 24.5, 37, 'Luva azul nitrilo media', '\r', '100 und', 914, 147),
(1027, '742832785297', 24.5, 6, 'Luva azul nitrilo grande', '\r', '100 und', 914, 147),
(1028, '742832785303', 24.5, 32, 'Luva preta nitrilo extra pequena', '\r', '100 und', 914, 147),
(1029, '742832785310', 24.5, 28, 'Luva preta nitrilo pequena', '\r', '100 und', 914, 147),
(1030, '742832785327', 24.5, 35, 'Luva preta nitrilo media', '\r', '100 und', 914, 147),
(1031, '742832785334', 24.5, 28, 'Luva preta nitrilo grande', '\r', '100 und', 914, 147),
(1032, '77367736', 15, 6, 'Resina master flow cor c3', '\r', '1 seringa com 2g', 915, 146),
(1033, '7737', 15, 16, 'Resina master flow cor a1', '\r', '1 seringa com 2g', 915, 146),
(1034, '7738', 15, 3, 'Resina master flow cor a3', '\r', '1 seringa com 2g', 915, 146),
(1035, '77397739', 15, 8, 'Resina master flow cor b3', '\r', '1 seringa com 2g', 915, 146),
(1036, '7825494585399', 75, 1, 'Esponja hemopon tape', 'Espesial 3\r', '1 und', 916, 151),
(1037, '7849558010702', 21, 25, 'Compressa de gaze nao estereis 13 fios', '\r', '500 und', 917, 167),
(1038, '7892525031057', 13, 13, 'Cimento de zinco liquido', '\r', '10 ml', 918, 168),
(1039, '7892525031101', 13, 11, 'Cimento de zinco po', '\r', '28g', 918, 168),
(1040, '7892525031750', 60, 6, 'Ionomero de vidro para cimentacao vidrion c', '\r', 'kit 15g po + 10ml', 746, 168),
(1041, '7892525031859', 55, 6, 'Ionomero de vidro para cimentacao vidrion r', '\r', 'kit 15g po + 10ml', 748, 168),
(1042, '7892525033105', 10, 12, 'Cimento endodontico intrafill liquido', '\r', '10 ml', 919, 168),
(1043, '7892525033150', 22, 3, 'Cimento endodontico intrafill po', '\r', '12 g', 919, 168),
(1044, '7892525035055', 9.5, 5, 'Verniz de fluor fluorniz', '\r', '10ml', 793, 168),
(1045, '7892525035253', 25, 0, 'Vernis fluoretado fluorniz -', '\r', '10 ml', 920, 168),
(1046, '7892525037004', 7, 41, 'Acido fosforico 37%', '\r', '3 Seringas', 921, 168),
(1047, '7892525041049', 55, 120, 'Anestesico novocol fenilefina 2%', '\r', '50 und', 922, 168),
(1048, '7892525051062', 45, 5, 'Pasta de hidroxido de calcio calen', '\r', '2 tubo pasta Calen', 923, 168),
(1049, '7892525051086', 45, 0, 'Pasta de hidroxido de calcio calen pmcc', '\r', '2 tubo Pasta Calen', 923, 168),
(1050, '7892525051307', 7.5, 5, 'Oxido de zinco', '\r', '50 g', 924, 168),
(1051, '7892525051536', 9, 2, 'Fluor em gel neutro flutop sabor menta', '\r', '200 ml', 925, 168),
(1052, '7892525054100', 25, 4, 'Insolante para resina cel-lac', '\r', '500 ml', 742, 168),
(1053, '7892525055053', 13, 6, 'Pedra pomes extra fina', '\r', '100 g', 926, 168),
(1054, '7892525055152', 15, 10, 'Pasta profilatica pert-x', '\r', '23 g', 927, 168),
(1055, '7894590501893', 22, 12, 'Condicionador acido poliacrilico vitro 11,5%', '\r', '10 ml', 928, 169),
(1056, '7894590502050', 139, 20, 'Anestesico articaina 4% com vaso  tubo videro', '\r', '50 und', 922, 169),
(1057, '7894590502258', 69, 12, 'Ionomero de vidro para cimentacao vitro cem', '\r', '10g po + 18ml liq', 746, 169),
(1058, '7894590503910', 7.5, 193, 'Anestesico topico benzotop sabor tutti frutti', '\r', '50 g', 849, 169),
(1059, '7894590579168', 129, 20, 'Anestesico mepiadre 2% com vaso tubo de vidro', '\r', '50 und', 922, 169),
(1060, '7894590592204', 65, 12, 'Ionomero de vidro restaurador vitro fil r cor a3', '\r', '10g po+ 8ml liq', 929, 169),
(1061, '7895742000028', 11.7, 19, 'Arco niti superelastico m 0.12', '\r', '10 und', 858, 170),
(1062, '7895742000035', 11.7, 20, 'Arco niti superelastico g 0.12', '\r', '10 und', 858, 170),
(1063, '7895742000042', 11.7, 21, 'Arco niti superelastico m 0.14', '\r', '10 und', 858, 170),
(1064, '7895742000059', 11.7, 15, 'Arco niti superelastico g 0.14', '\r', '10 und', 858, 170),
(1065, '7895742000066', 20.2, 8, 'Arco niti superelastico m 0.16 x 0.16', '\r', '10 und', 859, 170),
(1066, '7895742000073', 20.2, 8, 'Arco niti superelastico g 0.16 x 0.16', '\r', '10 und', 859, 170),
(1067, '7895742000080', 20.2, 21, 'Arco niti superelastico m 0.16 x 0.22', '\r', '', 859, 170),
(1068, '7895742000097', 20.2, 17, 'Arco niti superelastico g 0.16 x 0.22', '\r', '10 und', 859, 170),
(1069, '7895742000103', 11.7, 18, 'Arco niti superelastico m 0.16', '\r', '10 und', 858, 170),
(1070, '7895742000110', 11.7, 17, 'Arco niti superelastico g 0.16', '\r', '10 und', 858, 170),
(1071, '7895742000127', 20.2, 15, 'Arco niti superelastico m 0.17 x 0.25', '\r', '', 859, 170),
(1072, '7895742000134', 20.2, 22, 'Arco niti superelastico g 0.17 x 0.25', '\r', '10 und', 859, 170),
(1073, '7895742000141', 20.2, 15, 'Arco niti superelastico m 0.18 x 0.25', '\r', '', 859, 170),
(1074, '7895742000158', 20.2, 11, 'Arco niti superelastico g 0.18 x 0.25', '\r', '10 und', 859, 170),
(1075, '7895742000165', 11.7, 19, 'Arco niti superelastico m 0.18', '\r', '10 und', 858, 170),
(1076, '7895742000172', 11.7, 17, 'Arco niti superelastico g 0.18', '\r', '10 und', 858, 170),
(1077, '7895742000189', 20.2, 24, 'Arco niti superelastico m 0.19 x 0.25', '\r', '', 859, 170),
(1078, '7895742000196', 20.2, 10, 'Arco niti superelastico g 0.19 x 0.25', '\r', '10 und', 859, 170),
(1079, '7895742000202', 11.7, 24, 'Arco niti superelastico m 0.20', '\r', '10 und', 858, 170),
(1080, '7895742000219', 11.7, 21, 'Arco niti superelastico g 0.20', '\r', '10 und', 858, 170),
(1081, '7895742000226', 20.2, 0, 'Arco niti superelastico m 0.21 x 0.25', '\r', '10 und', 859, 170),
(1082, '7895742000233', 20.2, 2, 'Arco niti superelastico g 0.21 x 0.25', '\r', '10 und', 859, 170),
(1083, '7895742000240', 8.1, 14, 'Arco aco inferior 0.14', '\r', '10 und', 855, 170),
(1084, '7895742000257', 8.1, 17, 'Arco aco superior 0.14', '\r', '10 und', 855, 170),
(1085, '7895742000264', 9.4, 10, 'Arco aco inferior 0.16 x 0.16', '\r', '10 und', 856, 170),
(1086, '7895742000271', 9.4, 9, 'Arco aco superior 0.16 x 0.16', '\r', '10 und', 856, 170),
(1087, '7895742000288', 9.4, 9, 'Arco aco inferior 0.16 x 0.22', '\r', '10 und', 856, 170),
(1088, '7895742000295', 9.4, 12, 'Arco aco superior 0.16 x 0.22', '\r', '10 und', 856, 170),
(1089, '7895742000301', 8.1, 13, 'Arco aco inferior 0.16', '\r', '10 und', 855, 170),
(1090, '7895742000318', 8.1, 18, 'Arco aco superior 0.16', '\r', '10 und', 855, 170),
(1091, '7895742000325', 9.4, 18, 'Arco aco inferior 0.17 x 0.25', '\r', '10 und', 856, 170),
(1092, '7895742000332', 9.4, 14, 'Arco aco superior 0.17 x 0.25', '\r', '10 und', 856, 170),
(1093, '7895742000349', 9.4, 6, 'Arco aco inferior 0.18 x 0.25', '\r', '10 und', 856, 170),
(1094, '7895742000356', 9.4, 11, 'Arco aco superior 0.18 x 0.25', '\r', '10 und', 856, 170),
(1095, '7895742000363', 8.1, 5, 'Arco aco inferior 0.18', '\r', '10 und', 855, 170),
(1096, '7895742000370', 8.1, 8, 'Arco aco superior 0.18', '\r', '10 und', 855, 170),
(1097, '7895742000387', 9.4, 18, 'Arco aco inferior 0.19 x 0.25', '\r', '10 und', 856, 170),
(1098, '7895742000394', 9.4, 15, 'Arco aco superior 0.19 x 0.25', '\r', '10 und', 930, 170),
(1099, '7895742000400', 9.4, 21, 'Arco aco inferior 0.21 x 0.25', '\r', '10 und', 856, 170),
(1100, '7895742000417', 9.4, 10, 'Arco aco superior 0.21 x 0.25', '\r', '10 und', 856, 170),
(1101, '7895742000431', 13, 0, 'Arco extraoral standard 1,15mm .045\"', '\r', '1 und', 931, 170),
(1102, '7895742000462', 13, 3, 'Arco extroral medio duro 0,15 mm', '\r', '1 und', 931, 170),
(1103, '7895742000509', 13, 0, 'Arco extraoral medio brando 1,15mm .045\"', '\r', '1 und', 931, 170),
(1104, '7895742000646', 26.1, 5, 'Arco curva reversa m 0.12', '\r', '10 und', 862, 170),
(1105, '7895742000653', 26.1, 4, 'Arco curva reversa g 0.12', '\r', '10 und', 862, 170),
(1106, '7895742000660', 26.1, 6, 'Arco curva reversa m 0.14', '\r', '10 und', 862, 170),
(1107, '7895742000677', 26.1, 6, 'Arco curva reversa g 0.14', '\r', '10 und', 862, 170),
(1108, '7895742000684', 27.4, 5, 'Arco curva reversa m 0.16 x 0.16', '\r', '10 und', 932, 170),
(1109, '7895742000691', 27.4, 5, 'Arco curva reversa g 0.16 x 0.16', '\r', '10 und', 932, 170),
(1110, '7895742000707', 27.4, 3, 'Arco curva reversa m 0.16 x 0.22', '\r', '10 und', 932, 170),
(1111, '7895742000714', 27.4, 15, 'Arco curva reversa g 0.16 x 0.22', '\r', '10 und', 932, 170),
(1112, '7895742000721', 26.1, 4, 'Arco curva reversa m 0.16', '\r', '10 und', 862, 170),
(1113, '7895742000738', 26.1, 6, 'Arco curva reversa g 0.16', '\r', '10 und', 862, 170),
(1114, '7895742000745', 27.4, 4, 'Arco curva reversa m 0.17 x 0.25', '\r', '10 und', 932, 170),
(1115, '7895742000752', 27.4, 4, 'Arco curva reversa g 0.17 x 0.25', '\r', '10 und', 932, 170),
(1116, '7895742000769', 26.1, 6, 'Arco curva reversa m 0.18', '\r', '10 und', 862, 170),
(1117, '7895742000776', 26.1, 7, 'Arco curva reversa g 0.18', '\r', '10 und', 862, 170),
(1118, '7895742000783', 27.4, 7, 'Arco curva reversa m 0.19 x 0.25', '\r', '', 932, 170),
(1119, '7895742000790', 27.4, 7, 'Arco curva reversa g 0.19 x 0.25', '\r', '10 und', 932, 170),
(1120, '7895742000967', 8, 12, 'Pasta para solda prata', 'Especial\r', '20 ml', 933, 170),
(1121, '7895742000974', 43.5, 10, 'Solda prata rolo', '\r', '5 m', 933, 170),
(1122, '7895742002220', 6.5, 1, 'Tracionador de seguraca forca media', '\r', '1 und', 934, 170);
INSERT INTO `produto` (`id_produto`, `barcode`, `preco`, `estoque`, `especificacao`, `tipo`, `embalagem`, `id_subgrupo`, `id_marca`) VALUES
(1123, '7895742002657', 26.5, 4, 'Dobrador para arcos haste de expansor', '\r', '1 und', 935, 170),
(1124, '7895742002664', 13, 9, 'Colocador de elastique lados diferentes', 'Especial\r', '1 und', 936, 170),
(1125, '7895742002688', 13, 9, 'Colocador de elastique lados iguais', '\r', '1 und', 936, 170),
(1126, '7895742002732', 31.5, 6, 'Posicionador de braquetes roth', '\r', '1 und', 898, 170),
(1127, '7895742002763', 102.5, 1, 'Torre ortodontica para arco retangular', '\r', '1 und', 937, 170),
(1128, '7895742002770', 92, 2, 'Tensiometro vermelho (de 100 a 1600gf)', '\r', '1 und', 938, 170),
(1129, '7895742002787', 6, 9, 'Mola aco aberta', '\r', '1 m', 939, 170),
(1130, '7895742002794', 7, 11, 'Mola aco fechada', '\r', '1 m', 940, 170),
(1131, '7895742002909', 15, 0, 'Embalagem para elastrico paciente', '\r', '50 und', 941, 170),
(1132, '7895742003081', 9, 5, 'Banda universal inferior n?9', '\r', '10 und', 942, 170),
(1133, '7895742003098', 9, 5, 'Banda universal inferior n?9.5', '\r', '10 und', 942, 170),
(1134, '7895742003104', 9, 5, 'Banda universal inferior n?0', '\r', '10 und', 942, 170),
(1135, '7895742003111', 9, 5, 'Banda universal inferior n?0.5', '\r', '10 und', 942, 170),
(1136, '7895742003128', 9, 1, 'Banda universal inferior n?1', '\r', '10 und', 942, 170),
(1137, '7895742003135', 9, 5, 'Banda universal inferior n?1.5', '\r', '10 und', 942, 170),
(1138, '7895742003142', 9, 4, 'Banda universal inferior n?2', '\r', '10 und', 942, 170),
(1139, '7895742003159', 9, 10, 'Banda universal inferior n?2.5', '\r', '10 und', 942, 170),
(1140, '7895742003166', 9, 4, 'Banda universal inferior n?3', '\r', '10 und', 942, 170),
(1141, '7895742003173', 9, 2, 'Banda universal inferior n?3.5', '\r', '10 und', 942, 170),
(1142, '7895742003180', 9, 2, 'Banda universal inferior n?4', '\r', '10 und', 942, 170),
(1143, '7895742003197', 9, 1, 'Banda universal inferior n?4.5', '\r', '10 und', 942, 170),
(1144, '7895742003203', 9, 9, 'Banda universal inferior n?5', '\r', '10 und', 942, 170),
(1145, '7895742003210', 9, 2, 'Banda universal inferior n?5.5', '\r', '10 und', 942, 170),
(1146, '7895742003227', 9, 9, 'Banda universal inferior n?6', '\r', '10 und', 942, 170),
(1147, '7895742003234', 9, 8, 'Banda universal inferior n?6.5', '\r', '10 und', 942, 170),
(1148, '7895742003241', 9, 9, 'Banda universal inferior n?7', '\r', '10 und', 942, 170),
(1149, '7895742003258', 9, 1, 'Banda universal inferior n?7.5', '\r', '10 und', 942, 170),
(1150, '7895742003265', 9, 7, 'Banda universal inferior n?8', '\r', '10 und', 942, 170),
(1151, '7895742003272', 9, 10, 'Banda universal inferior n?8.5', '\r', '10 und', 942, 170),
(1152, '7895742003289', 9, 10, 'Banda universal inferior n?9', '\r', '10 und', 942, 170),
(1153, '7895742003296', 9, 10, 'Banda universal inferior n?9.5', '\r', '10 und', 942, 170),
(1154, '7895742003302', 9, 1, 'Banda universal inferior n?0', '\r', '10 und', 942, 170),
(1155, '7895742003319', 9, 5, 'Banda universal inferior n?0.5', '\r', '10 und', 942, 170),
(1156, '7895742003326', 9, 1, 'Banda universal inferior n?1', '\r', '10 und', 942, 170),
(1157, '7895742003333', 9, 2, 'Banda universal inferior n?1.5', '\r', '10 und', 942, 170),
(1158, '7895742003340', 9, 1, 'Banda universal inferior n?2', '\r', '10 und', 942, 170),
(1159, '7895742004507', 9, 1, 'Banda universal superior n?9', '\r', '10 und', 942, 170),
(1160, '7895742004514', 9, 1, 'Banda universal superior n?9.5', '\r', '10 und', 942, 170),
(1161, '7895742004521', 9, 1, 'Banda universal superior n?0', '\r', '10 und', 942, 170),
(1162, '7895742004538', 9, 1, 'Banda universal superior n?0.5', '\r', '10 und', 942, 170),
(1163, '7895742004545', 9, 1, 'Banda universal superior n?1', '\r', '10 und', 942, 170),
(1164, '7895742004552', 9, 1, 'Banda universal superior n?1.5', '\r', '10 und', 942, 170),
(1165, '7895742004569', 9, 4, 'Banda universal superior n?2', '\r', '10 und', 942, 170),
(1166, '7895742004576', 9, 1, 'Banda universal superior n?2.5', '\r', '10 und', 942, 170),
(1167, '7895742004583', 9, 8, 'Banda universal superior n?3', '\r', '10 und', 942, 170),
(1168, '7895742004590', 9, 0, 'Banda universal superior n?3.5', '\r', '10 und', 942, 170),
(1169, '7895742004606', 9, 9, 'Banda universal superior n?4', '\r', '10 und', 942, 170),
(1170, '7895742004613', 9, 8, 'Banda universal superior n?4.5', '\r', '10 und', 942, 170),
(1171, '7895742004620', 9, 3, 'Banda universal superior n?5', '\r', '10 und', 942, 170),
(1172, '7895742004637', 9, 5, 'Banda universal superior n?5.5', '\r', '10 und', 942, 170),
(1173, '7895742004644', 9, 3, 'Banda universal superior n?6', '\r', '10 und', 942, 170),
(1174, '7895742004651', 9, 5, 'Banda universal superior n?6.5', '\r', '10 und', 942, 170),
(1175, '7895742004668', 9, 10, 'Banda universal superior n?37', '\r', '10 und', 942, 170),
(1176, '7895742004675', 9, 5, 'Banda universal superior n?7.5', '\r', '10 und', 942, 170),
(1177, '7895742004682', 9, 7, 'Banda universal superior n?8', '\r', '10 und', 942, 170),
(1178, '7895742004699', 9, 9, 'Banda universal superior n?8.5', '\r', '10 und', 942, 170),
(1179, '7895742004705', 9, 9, 'Banda universal superior n?9', '\r', '10 und', 942, 170),
(1180, '7895742004712', 9, 3, 'Banda universal superior n?9.5', '\r', '10 und', 942, 170),
(1181, '7895742004729', 9, 2, 'Banda universal superior n?0', '\r', '10 und', 942, 170),
(1182, '7895742004736', 9, 6, 'Banda universal superior n?0.5', '\r', '10 und', 942, 170),
(1183, '7895742004743', 9, 1, 'Banda universal superior n?1', '\r', '10 und', 942, 170),
(1184, '7895742004750', 9, 2, 'Banda universal superior n?41.5', '\r', '10 und', 942, 170),
(1185, '7895742004767', 9, 1, 'Banda universal superior n?2', '\r', '10 und', 942, 170),
(1186, '7895742005108', 30, 2, 'Caixa para bandas inferior esquerdo azul', '\r', '1 und', 943, 170),
(1187, '7895742005115', 30, 2, 'Caixa para bandas superior esquerdo vermelho', '\r', '1 und', 943, 170),
(1188, '7895742005122', 30, 2, 'Caixa para bandas inferior direito azul', '\r', '1 und', 943, 170),
(1189, '7895742005139', 30, 0, 'Caixa para bandas superior direito vermelho', '\r', '1 und', 943, 170),
(1190, '7895742005191', 6.5, 26, 'Elastico intra oral 1/8 leve', '\r', '1000 und', 759, 170),
(1191, '7895742005207', 7.5, 20, 'Elastico intra oral 3/16 leve', '\r', '1000 und', 759, 170),
(1192, '7895742005214', 8.5, 6, 'Elastico intra oral 1/4 medio', '\r', '1000 und', 759, 170),
(1193, '7895742005221', 10.5, 12, 'Elastico intra oral 5/16 medio', '\r', '1000 und', 759, 170),
(1194, '7895742005269', 6.7, 6, 'Elastico extra oral 1/2 leve', '\r', '100 und', 944, 170),
(1195, '7895742005276', 7.5, 9, 'Elastico extra oral 1/2 media', '\r', '100 und', 944, 170),
(1196, '7895742005283', 8.5, 17, 'Elastico extra oral 1/2 pesado', '\r', '100 und', 944, 170),
(1197, '7895742005306', 6.5, 20, 'Ligadura bengalinha trasmparente', 'Trasmparente\r', '1000 und', 945, 170),
(1198, '7895742005313', 6.5, 14, 'Ligadura bengalinha cinza', 'Cinza\r', '1000 und', 945, 170),
(1199, '7895742005320', 6.5, 26, 'Ligadura bengalinha sortido', 'Sortido\r', '1000 und', 945, 170),
(1200, '7895742005344', 6.5, 24, 'Ligadura bengalinha azul bebe', 'Azul bebe\r', '1000 und', 945, 170),
(1201, '7895742005351', 6.5, 6, 'Ligadura bengalinha amarelo', 'Amarelo\r', '1000 und', 945, 170),
(1202, '7895742005375', 6.5, 8, 'Ligadura bengalinha verde musgo', 'Verde musgo\r', '1000 und', 945, 170),
(1203, '7895742005382', 6.5, 17, 'Ligadura bengalinha azul', 'Azul\r', '1000 und', 945, 170),
(1204, '7895742005405', 6.5, 21, 'Ligadura bengalinha vermelho', 'Vermelho\r', '1000 und', 945, 170),
(1205, '7895742005412', 6.5, 16, 'Ligadura bengalinha preto', 'Preto\r', '1000 und', 945, 170),
(1206, '7895742005429', 6.5, 21, 'Ligadura bengalinha rosa', 'Rosa\r', '1000 und', 945, 170),
(1207, '7895742005436', 6.5, 8, 'Ligadura bengalinha roxo', 'Roxo\r', '1000 und', 945, 170),
(1208, '7895742005450', 6.5, 18, 'Ligadura bengalinha verde mar', 'Verde mar\r', '1000 und', 945, 170),
(1209, '7895742005467', 8.5, 11, 'Elastico separador a granel verde', 'Verde\r', '1000 und', 946, 170),
(1210, '7895742005474', 26, 3, 'Elastico corrente curto trasmparente', 'Trasmparente\r', '4.5 m', 745, 170),
(1211, '7895742005481', 26, 5, 'Elastico corrente longo trasmparente', 'Trasmparente\r', '4.5 m', 745, 170),
(1212, '7895742005498', 26, 13, 'Elastico corrente medio trasmparente', 'Trasmparente\r', '4.5 m', 745, 170),
(1213, '7895742005504', 26, 11, 'Elastico corrente curto cinza', 'Cinza\r', '4.5 m', 745, 170),
(1214, '7895742005511', 26, 9, 'Elastico corrente longo cinza', 'Cinza\r', '4.5 m', 745, 170),
(1215, '7895742005528', 26, 5, 'Elastico corrente medio cinza', 'Cinza\r', '4.5 m', 745, 170),
(1216, '7895742005634', 94.5, 0, 'Expansor mini abertura 9mm', '\r', '1 und', 947, 170),
(1217, '7895742005665', 27, 14, 'Expansor para disjuncao palatina 9mm (hyrax)', '\r', '10 und', 948, 170),
(1218, '7895742005672', 27, 10, 'Expansor para disjuncao palatina 11mm (hyrax)', '\r', '1 und', 948, 170),
(1219, '7895742005689', 27, 9, 'Expansor para disjuncao palatina 13mm (hyrax)', '\r', '1 und', 948, 170),
(1220, '7895742005696', 8.5, 12, 'Fio duro elastico inox 1.0 mm', '\r', '50 g', 949, 170),
(1221, '7895742005702', 8.5, 13, 'Fio duro elastico inox 1.2 mm', '\r', '50 g', 949, 170),
(1222, '7895742005719', 16, 9, 'Fio amarrilho inox 0.08\"', '\r', '50 g', 950, 170),
(1223, '7895742005726', 15, 6, 'Fio amarrilho inox 0.010\"', '\r', '50 g', 950, 170),
(1224, '7895742005733', 13, 8, 'Fio amarrilho inox 0.012\"', '\r', '50 g', 950, 170),
(1225, '7895742005795', 8.5, 13, 'Fio duro elastico inox 0.6mm', '\r', '50 g', 949, 170),
(1226, '7895742005818', 8.5, 10, 'Fio duro elastico inox 0.7mm', '\r', '50 g', 949, 170),
(1227, '7895742005825', 8.5, 14, 'Fio duro elastico inox 0.8mm', '\r', '50 g', 949, 170),
(1228, '7895742005832', 8.5, 3, 'Fio duro elastico inox 0.9mm', '\r', '50 g', 949, 170),
(1229, '7895742005856', 41, 2, 'Fio vareta azul morealloy 0.16 x 0.22', '\r', '10 und', 951, 170),
(1230, '7895742005863', 41, 1, 'Fio vareta azul morealloy 0.17 x 0.25', '\r', '10 und', 951, 170),
(1231, '7895742005948', 10.5, 11, 'Fio vareta standard de aco 0.16 x 0.16', '\r', '20 und', 952, 170),
(1232, '7895742005955', 13, 7, 'Fio vareta standard de aco 0.16 x 0.22', '\r', '20 und', 952, 170),
(1233, '7895742005962', 13, 6, 'Fio vareta standard de aco 0.17 x 0.25', '\r', '20 und', 952, 170),
(1234, '7895742005986', 13, 5, 'Fio vareta standard de aco 0.18 x 0.25', '\r', '20 und', 952, 170),
(1235, '7895742006006', 13, 4, 'Fio vareta standard de aco 0.19 x 0.25', '\r', '20 und', 952, 170),
(1236, '7895742006075', 7, 3, 'Botao lingual para solda', '\r', '10 und', 780, 170),
(1237, '7895742006105', 10, 20, 'Botao lingual para colagem', '\r', '10 und', 953, 170),
(1238, '7895742008277', 27, 10, 'Tubo roth solda duplo peca 36/37', '\r', '10 und', 954, 170),
(1239, '7895742008284', 27, 5, 'Tubo roth solda duplo peca 46/47', '\r', '10 und', 954, 170),
(1240, '7895742008505', 27, 7, 'Tubo roth solda tripo peca 26', '\r', '10 und', 955, 170),
(1241, '7895742008512', 27, 9, 'Tubo roth solda tripo peca 16', '\r', '10 und', 955, 170),
(1242, '7895742008758', 9.5, 3, 'Fio vareta twist flex 3 fios crni  0.15', '\r', '10 und', 956, 170),
(1243, '7895742008765', 9.5, 14, 'Fio vareta twist flex 3 fios crni  0.18', '\r', '10 und', 956, 170),
(1244, '7895742008772', 9.5, 16, 'Fio vareta twist flex 3 fios crni  0.20', '\r', '10 und', 956, 170),
(1245, '7895742008789', 9.5, 6, 'Fio vareta twist flex 3 fios crni  0.32', '\r', '10 und', 956, 170),
(1246, '7895742008796', 9.5, 9, 'Fio vareta twist flex 4 fios crni  0.15', '\r', '10 und', 956, 170),
(1247, '7895742008826', 9.5, 9, 'Acalcador de bandas com ponta triangular', '\r', '1 und', 897, 170),
(1248, '7895742008833', 9.5, 2, 'Acalcador de bandas ponta triangular invertida', '\r', '1 und', 897, 170),
(1249, '7895742008840', 9.5, 2, 'Acalcador de bandas com ponta redonda', '\r', '1 und', 897, 170),
(1250, '7895742008857', 9.5, 2, 'Acalcador de bandas com ponta quadrada', '\r', '1 und', 897, 170),
(1251, '7895742008864', 11.5, 13, 'Posicionador de elasticos azul', '\r', '20 und', 936, 170),
(1252, '7895742008871', 8, 4, 'Elastico rotador trasmparente', 'Trasmparente\r', '100 und', 957, 170),
(1253, '7895742008888', 25, 2, 'Barra palatina com loop mesial 34mm', '\r', '10 und', 958, 170),
(1254, '7895742008895', 25, 2, 'Barra palatina com loop mesial 37mm', '\r', '10 und', 958, 170),
(1255, '7895742008901', 25, 2, 'Barra palatina com loop mesial 39mm', '\r', '10 und', 958, 170),
(1256, '7895742008918', 25, 2, 'Barra palatina com loop mesial 41mm', '\r', '10 und', 958, 170),
(1257, '7895742008925', 25, 2, 'Barra palatina com loop mesial 43mm', '\r', '10 und', 958, 170),
(1258, '7895742008932', 25, 2, 'Barra palatina com loop mesial 45mm', '\r', '10 und', 958, 170),
(1259, '7895742008949', 25, 1, 'Barra palatina com loop mesial 47mm', '\r', '10 und', 958, 170),
(1260, '7895742008956', 25, 2, 'Barra palatina com loop mesial 49mm', '\r', '10 und', 958, 170),
(1261, '7895742008963', 25, 2, 'Barra palatina com loop mesial 52mm', '\r', '10 und', 958, 170),
(1262, '7895742008970', 25, 2, 'Barra palatina com loop mesial 55mm', '\r', '10 und', 958, 170),
(1263, '7895742009151', 29, 10, 'Tubo roth solda simple peca 16/17', '\r', '10 und', 959, 170),
(1264, '7895742009168', 29, 4, 'Tubo roth solda simple peca 26/27', '\r', '10 und', 959, 170),
(1265, '7895742009175', 24.5, 9, 'Tubo roth solda simple peca 46/47', '\r', '10 und', 959, 170),
(1266, '7895742009182', 29, 9, 'Tubo roth solda simple peca 27/37', '\r', '10 und', 959, 170),
(1267, '7895742009519', 10, 0, 'Botao lingual para colagem concavo', 'Espesial 2\r', '10 und', 781, 170),
(1268, '7895742009762', 92, 3, 'Tensiometro verde (de 50 - 500gf )', '\r', '1 und', 938, 170),
(1269, '7895742009816', 26.5, 23, 'Tubo roth cola simple peca 16/17', '\r', '10 und', 772, 170),
(1270, '7895742009823', 26.5, 22, 'Tubo roth cola simple peca 26/27', '\r', '10 und', 772, 170),
(1271, '7895742009830', 26.5, 26, 'Tubo roth cola simple peca 46/47', '\r', '10 und', 772, 170),
(1272, '7895742009847', 26.5, 25, 'Tubo roth cola simple peca 36/37', '\r', '10 und', 772, 170),
(1273, '7895742009885', 9, 2, 'Ligadura modular trasmparente', 'Trasmparente\r', '1000 und', 744, 170),
(1274, '7895742009892', 9, 10, 'Ligadura modular cinza', 'Cinza\r', '1000 und', 744, 170),
(1275, '7895742009960', 28.5, 7, 'Tubo roth cola duplo peca 46', '\r', '10 und', 773, 170),
(1276, '7895742009977', 28.5, 8, 'Tubo roth cola duplo peca 36', '\r', '10 und', 773, 170),
(1277, '7895742019181', 29.5, 10, 'Mola niti aberta', '\r', '3 und de 18 cm cada', 865, 170),
(1278, '7895742019204', 26.5, 15, 'Mola niti fechada 7mm com elos', '\r', '4 und', 857, 170),
(1279, '7895742019211', 26.5, 7, 'Mola niti fechada 9mm com elos', '\r', '4 und', 857, 170),
(1280, '7895742019228', 26.5, 12, 'Mola niti fechada 12mm com elos', '\r', '4 und', 857, 170),
(1281, '7895742019426', 34, 1, 'Gurin sem gancho com slot fechado', '\r', '10 und', 960, 170),
(1282, '7895742019433', 20, 17, 'Chave para gurin', '\r', '1 und', 961, 170),
(1283, '7895742019495', 18.5, 13, 'Gancho para tracao de dentes inclusos', '\r', '10 und', 962, 170),
(1284, '7895742019761', 67, 0, 'Fio inox duro elastico 0.8mm', '\r', '500 g', 949, 170),
(1285, '7895742019778', 67, 1, 'Fio duro elastico inox 0.9mm', '\r', '500 g', 949, 170),
(1286, '7895742020026', 13, 5, 'Reposicao metalico roth light peca 11.022\"', '\r', '10 und', 963, 170),
(1287, '7895742020033', 13, 4, 'Reposicao metalico roth light peca 21.022\"', '\r', '10 und', 963, 170),
(1288, '7895742020040', 13, 6, 'Reposicao metalico roth light peca 12 .022\"', '\r', '10 und', 963, 170),
(1289, '7895742020057', 13, 11, 'Reposicao metalico roth light peca 22 .022\"', '\r', '10 und', 963, 170),
(1290, '7895742020071', 13, 0, 'Reposicao metalico roth light peca 23 com 13?.022\"', '\r', '10 und', 964, 170),
(1291, '7895742020125', 13, 2, 'Reposicao metalico roth light peca 31/32/42/41 .022\"', '\r', '10 und', 963, 170),
(1292, '7895742020682', 9, 2, 'Elastico parietal com fivela dupla', '\r', '1 und', 965, 170),
(1293, '7895742020712', 6.5, 26, 'Ligadura bengalinha azul marinho', 'Azul marinho\r', '1000 und', 945, 170),
(1294, '7895742020798', 6.5, 20, 'Ligadura bengalinha prata', 'Prata\r', '1000 und', 945, 170),
(1295, '7895742041007', 8, 4, 'Elastico rotador cinza', 'Cinza\r', '100 und', 957, 170),
(1296, '7895742041069', 8.1, 23, 'Arco aco superior 0.12', '\r', '10 und', 855, 170),
(1297, '7895742041090', 8.1, 20, 'Arco aco inferior 0.12', '\r', '10 und', 855, 170),
(1298, '7895742041366', 8.1, 1, 'Arco aco superior 0.20', '\r', '10 und', 855, 170),
(1299, '7895742041373', 8.1, 2, 'Arco aco inferior 0.20', '\r', '10 und', 855, 170),
(1300, '7895742041458', 6.5, 9, 'Ligadura bengalinha rosa bebe', 'Rosa bebe\r', '1000 und', 945, 170),
(1301, '7895742042806', 9, 1, 'Ligadura modular azul bebe', 'Azul bebe\r', '1000 und', 744, 170),
(1302, '7895742042813', 9, 1, 'Ligadura modular amarelo', 'Amarelo\r', '1000 und', 744, 170),
(1303, '7895742042837', 9, 1, 'Ligadura modular verde musgo', 'Verde musgo\r', '1000 und', 744, 170),
(1304, '7895742042844', 9, 9, 'Ligadura modular azul', 'Azul\r', '1000 und', 744, 170),
(1305, '7895742042868', 9, 1, 'Ligadura modular vermelho', 'Vermelho\r', '1000 und', 744, 170),
(1306, '7895742042875', 9, 0, 'Ligadura modular preto', 'Preto\r', '1000 und', 744, 170),
(1307, '7895742042882', 9, 1, 'Ligadura modular rosa', 'Rosa\r', '1000 und', 744, 170),
(1308, '7895742042899', 9, 1, 'Ligadura modular roxo', 'Roxo\r', '1000 und', 744, 170),
(1309, '7895742042912', 9, 9, 'Ligadura modular verde mar', 'Verde mar\r', '1000 und', 744, 170),
(1310, '7895742042929', 9, 10, 'Ligadura modular azul marinho', 'Azul marinho\r', '1000 und', 744, 170),
(1311, '7895742042943', 9, 9, 'Ligadura modular prata', 'Prata\r', '1000 und', 744, 170),
(1312, '7895742043124', 8, 3, 'Elastico rotador prata', 'Prata\r', '100 und', 957, 170),
(1313, '7895742043155', 11.5, 3, 'Fio vareta standard de aco 0.14', '\r', '20 und', 952, 170),
(1314, '7895742043162', 11.5, 3, 'Fio vareta standard de aco 0.16', '\r', '20 und', 952, 170),
(1315, '7895742043179', 11.5, 11, 'Fio vareta standard de aco 0.18', '\r', '20 und', 952, 170),
(1316, '7895742043186', 11.5, 8, 'Fio vareta standard de aco  0.20', '\r', '20 und', 966, 170),
(1317, '7895742044190', 14, 20, 'Gancho ponta bola reto', '\r', '10 und', 777, 170),
(1318, '7895742044275', 39.5, 1, 'Gurin com gancho direito fechado', '\r', '10 und', 967, 170),
(1319, '7895742044282', 39.5, 1, 'Gurin com gancho esquerdo fechado', '\r', '10 und', 967, 170),
(1320, '7895742044367', 57, 2, 'Template cefalometrico benvenga', '\r', '1 und', 968, 170),
(1321, '7895742045081', 16, 0, 'Reposicao metalico roth light peca 13 com 13?.022\"', '\r', '10 und', 963, 170),
(1322, '7895742045098', 16, 10, 'Reposicao metalico roth light peca 13 com 13?.022\"', '\r', '10 und', 963, 170),
(1323, '7895742045104', 16, 9, 'Reposicao metalico roth light peca 23 com 13?.022\"', '\r', '10 und', 963, 170),
(1324, '7895742045135', 16, 12, 'Reposicao metalico roth light peca 23 com 9?.022\"', '\r', '10 und', 963, 170),
(1325, '7895742045142', 16, 11, 'Reposicao metalico roth light peca 13 com 9?.022\"', '\r', '10 und', 963, 170),
(1326, '7895742045173', 16, 4, 'Reposicao metalico roth light peca 43 .022\"', '\r', '10 und', 963, 170),
(1327, '7895742045180', 16, 7, 'Reposicao metalico roth light peca 33 .022\"', '\r', '10 und', 963, 170),
(1328, '7895742045210', 48.5, 9, 'Pinca para braquetes', '\r', '1 und', 895, 170),
(1329, '7895742045333', 28, 2, 'Lamina para destacador', '\r', '2 und', 969, 170),
(1330, '7895742045340', 42, 1, 'Destacador para tampa do tubo conversive', '\r', '1', 969, 170),
(1331, '7895742045357', 33.5, 1, 'Estrela de boone (marcador de bandas tipo estrela (3.5mm 5.0mm)', '\r', '1 und', 898, 170),
(1332, '7895742048303', 8.5, 11, 'Elastico separador a granel azul claro', 'Azul claro\r', '1000 und', 946, 170),
(1333, '7895742049263', 16, 8, 'Reposicao metalico roth light peca 15/14 .022\"', '\r', '10 und', 963, 170),
(1334, '7895742049270', 16, 6, 'Reposicao metalico roth light peca 24/25 .022\"', '\r', '10 und', 963, 170),
(1335, '7895742049317', 16, 8, 'Reposicao metalico roth light peca 34 .022\"', '\r', '10 und', 963, 170),
(1336, '7895742049324', 16, 6, 'Reposicao metalico roth light peca 44 .022\"', '\r', '10 und', 963, 170),
(1337, '7895742049331', 16, 5, 'Reposicao metalico roth light peca 45 .022\"', '\r', '10 und', 963, 170),
(1338, '7895742049348', 16, 4, 'Reposicao metalico roth light peca 35 .022\"', '\r', '10 und', 963, 170),
(1339, '7895742049461', 29, 13, 'Braquetes metalico roth light 13?.022\"', 'Roth 2\r', '1 caso', 765, 170),
(1340, '7895742049485', 29, 15, 'Braquetes metalico roth light 9?.022', 'Roth 2\r', '1 Casos', 765, 170),
(1341, '7895742055882', 14, 0, 'Elastico separador modular verde', 'Verde\r', '500 und', 946, 170),
(1342, '7895742055899', 13, 0, 'Elastico separador modular azul claro', 'Azul claro\r', '500 und', 946, 170),
(1343, '7895742057183', 9, 11, 'Ligadura modular sortido', 'Sortido\r', '1000 und', 744, 170),
(1344, '7895742057671', 30, 0, 'Dobrador de fio na distal fechado', '\r', '1 und', 970, 170),
(1345, '7895742061760', 37, 10, 'Braquetes metalico roth nickel free 13?.022\"', 'Especial\r', '1 caso', 765, 170),
(1346, '7895742064266', 10.5, 6, 'Expansor universal abertura 7mm', '\r', '1 und', 947, 170),
(1347, '7895742064303', 10.5, 3, 'Expansor mini abertura 6.5mm', '\r', '1 und', 947, 170),
(1348, '7895742072100', 50.5, 1, 'Pinca para tubos', '\r', '1 und', 896, 170),
(1349, '7895742072384', 29, 3, 'Braquetes policarbonato roth composite .022\"', '\r', '1 Casos', 971, 170),
(1350, '7895742072391', 15, 1, 'Reposicao composite roth peca 11 .022\"', '\r', '10 und', 972, 170),
(1351, '7895742072407', 15, 1, 'Reposicao composite roth peca 21 .022\"', '\r', '10 und', 972, 170),
(1352, '7895742072414', 15, 1, 'Reposicao composite roth peca 12 .022\"', '\r', '10 und', 972, 170),
(1353, '7895742072421', 15, 1, 'Reposicao composite roth peca 22 .022\"', '\r', '10 und', 973, 170),
(1354, '7895742072438', 15, 1, 'Reposicao composite roth peca 13 .022\"', '\r', '10 und', 972, 170),
(1355, '7895742072445', 15, 1, 'Reposicao composite roth peca 23 .022\"', '\r', '10 und', 972, 170),
(1356, '7895742072452', 15, 2, 'Reposicao composite roth peca 15/14 .022\"', '\r', '10 und', 972, 170),
(1357, '7895742072469', 15, 2, 'Reposicao composite roth peca 24/25 .022\"', '\r', '10 und', 972, 170),
(1358, '7895742072476', 15, 1, 'Reposicao composite roth peca 31/32/42/41 .022\"', '\r', '10 und', 972, 170),
(1359, '7895742072483', 15, 1, 'Reposicao composite roth peca 43 .022\"', '\r', '10 und', 972, 170),
(1360, '7895742072490', 15, 1, 'Reposicao composite roth peca 33 .022\"', '\r', '10 und', 972, 170),
(1361, '7895742072506', 15, 1, 'Reposicao composite roth peca 44 .022\"', '\r', '10 und', 972, 170),
(1362, '7895742072513', 15, 1, 'Reposicao composite roth peca 34 .022\"', '\r', '10 und', 972, 170),
(1363, '7895742072520', 15, 1, 'Reposicao composite roth peca 45 composite', '\r', '10 und', 972, 170),
(1364, '7895742072537', 15, 1, 'Reposicao composite roth peca 35 .022\"', '\r', '10 und', 972, 170),
(1365, '7895742077204', 6.5, 10, 'Ligadura bengalinha verde limao cristal', 'Verde limao cristal\r', '1000 und', 945, 170),
(1366, '7895742077211', 6.5, 8, 'Ligadura bengalinha vermelho cristal', 'Vermelho cristal\r', '1000 und', 945, 170),
(1367, '7895742077228', 6.5, 12, 'Ligadura bengalinha larnaja cristal', 'Laranja crisatal\r', '1000 und', 945, 170),
(1368, '7895742077235', 6.5, 12, 'Ligadura bengalinha verde cristal', 'Verde cristal\r', '1000 und', 945, 170),
(1369, '7895742077242', 6.5, 27, 'Ligadura bengalinha azul cristal', 'Azul crisatal\r', '1000 und', 945, 170),
(1370, '7895742077303', 9, 1, 'Ligadura modular verde limao cristal', 'Verde limao cristal\r', '1000 und', 744, 170),
(1371, '7895742077310', 9, 1, 'Ligadura modular vermelho cristal', 'Vermelho cristal\r', '1000 und', 744, 170),
(1372, '7895742077327', 9, 1, 'Ligadura modular laranja crisatal', 'Laranja crisatal\r', '1000 und', 744, 170),
(1373, '7895742077334', 9, 2, 'Ligadura modular verde cristal', 'Verde cristal\r', '1000 und', 744, 170),
(1374, '7895742077358', 10, 2, 'Elastico corrente curto verde limao cristal', 'Verde limao cristal\r', '1.5 m', 745, 170),
(1375, '7895742077365', 10, 11, 'Elastico corrente curto vermelho cristal', 'Vermelho cristal\r', '1.5 m', 745, 170),
(1376, '7895742077372', 10, 3, 'Elastico corrente curto laranja cristal', 'Laranja crisatal\r', '1.5 m', 745, 170),
(1377, '7895742077389', 10, 2, 'Elastico corrente curto verde cristal', 'Verde cristal\r', '1.5 m', 745, 170),
(1378, '7895742077402', 10, 2, 'Elastico corrente medio verde limao cristal', 'Verde limao cristal\r', '1.5 m', 745, 170),
(1379, '7895742077419', 10, 2, 'Elastico corrente medio vermelho cristal', 'Vermelho cristal\r', '1.5 m', 745, 170),
(1380, '7895742077426', 10, 4, 'Elastico corrente medio laranja cristal', 'Laranja crisatal\r', '1.5 m', 745, 170),
(1381, '7895742077433', 10, 9, 'Elastico corrente medio verde cristal', 'Verde cristal\r', '1.5 m', 745, 170),
(1382, '7895742077457', 10, 1, 'Elastico corrente longo verde limao cristal', 'Verde limao cristal\r', '1.5 m', 745, 170),
(1383, '7895742077464', 10, 1, 'Elastico corrente longo vermelho cristal', 'Vermelho cristal\r', '1.5 m', 745, 170),
(1384, '7895742077471', 10, 1, 'Elastico corrente longo laranja cristal', 'Laranja crisatal\r', '1.5 m', 745, 170),
(1385, '7895742077488', 10, 1, 'Elastico corrente longo verde cristal', 'Verde cristal\r', '1.5 m', 745, 170),
(1386, '7895742077792', 45, 1, 'Fio tma timo 0.12', '\r', '10 und', 974, 170),
(1387, '7895742077815', 45, 1, 'Fio tma timo 0.16', '\r', '10 und', 974, 170),
(1388, '7895742077921', 6.5, 10, 'Ligadura bengalinha marfil', 'Marfim\r', '1000 und', 945, 170),
(1389, '7895742077945', 9, 1, 'Ligadura modular marfilm', 'Marfim\r', '1000 und', 744, 170),
(1390, '7895742077952', 10, 2, 'Elastico corrente curto marfilm', 'Marfim\r', '1.5 m', 745, 170),
(1391, '7895742077969', 10, 3, 'Elastico corrente medio marfim', 'Marfim\r', '1.5 m', 745, 170),
(1392, '7895742077976', 10, 1, 'Elastico corrente longo marfilm', 'Marfim\r', '1.5 m', 745, 170),
(1393, '7895742081454', 33.5, 1, 'Pinca plic', '\r', '1 und', 975, 170),
(1394, '7895742083410', 28, 2, 'Afastador labial aste metalica tamanho pequeno', '\r', '2 und', 831, 170),
(1395, '7895742083427', 28, 2, 'Afastador labial aste metalica tamanho grande', '\r', '2 und', 831, 170),
(1396, '7895742086442', 19.5, 0, 'Sputnik dobrador de amarrilho', '\r', '1 und', 899, 170),
(1397, '7895742086633', 10, 17, 'Moldeira para impressao n?', '\r', '2 und Sup e Inf', 976, 170),
(1398, '7895742086640', 10, 9, 'Moldeira para impressao n?', '\r', '2 und Sup e Inf', 976, 170),
(1399, '7895742086657', 10, 14, 'Moldeira para impressao n?', '\r', '2 und Sup e Inf', 976, 170),
(1400, '7895742086664', 10, 7, 'Moldeira para impressao n?', '\r', '2 und Sup e Inf', 976, 170),
(1401, '7895742086671', 10, 15, 'Moldeira para impressao n?', '\r', '2 und Sup e Inf', 976, 170),
(1402, '7895742086688', 10, 10, 'Moldeira para impressao n?', '\r', '2 und Sup e Inf', 977, 170),
(1403, '7895742086695', 10, 15, 'Moldeira para impressao n?', '\r', '2 und Sup e Inf', 976, 170),
(1404, '7895742086701', 10, 19, 'Moldeira para impressao n?', '\r', '2 und Sup e Inf', 976, 170),
(1405, '7895742097752', 37, 2, 'Adesivo orthoprimer', '\r', '5 ml', 978, 170),
(1406, '7895742100421', 17.5, 3, 'Expansor unilateral abertura 6,5mm', '\r', '1 und', 979, 170),
(1407, '7895742101145', 20, 2, 'Afastador labial tamanho pequeno', '\r', '2 und', 831, 170),
(1408, '7895742101176', 20, 1, 'Afastador labial tamanho grande', '\r', '2 und', 829, 170),
(1409, '7895742108236', 13, 6, 'Reposicao metalico roth max peca 11 .022\"', '\r', '10 und', 980, 170),
(1410, '7895742108243', 13, 9, 'Reposicao metalico roth max peca 21 .022\"', '\r', '10 und', 980, 170),
(1411, '7895742108250', 13, 13, 'Reposicao metalico roth max peca 12 .022\"', '\r', '10 und', 980, 170),
(1412, '7895742108267', 13, 9, 'Reposicao metalico roth max peca 22 .022\"', '\r', '10 und', 980, 170),
(1413, '7895742108281', 16, 16, 'Reposicao metalico roth max peca 13 com 13?.022\"', '\r', '10 und', 980, 170),
(1414, '7895742108304', 16, 15, 'Reposicao metalico roth max peca 23 com 13?.022\"', '\r', '10 und', 980, 170),
(1415, '7895742108328', 16, 12, 'Reposicao metalico roth max peca 13 com 9?.022\"', '\r', '10 und', 980, 170),
(1416, '7895742108342', 16, 7, 'Reposicao metalico roth max peca 23 com 9?.022\"', '\r', '10 und', 980, 170),
(1417, '7895742108366', 16, 13, 'Reposicao metalico roth max peca 15/14 .022\"', '\r', '10 und', 980, 170),
(1418, '7895742108380', 16, 6, 'Reposicao metalico roth max peca 24/25 .022\"', '\r', '10 und', 980, 170),
(1419, '7895742108397', 13, 3, 'Reposicao metalico roth max peca 31/32/42/41 .022\"', '\r', '10 und', 980, 170),
(1420, '7895742108410', 16, 6, 'Reposicao metalico roth max peca 43 .022\"', '\r', '10 und', 980, 170),
(1421, '7895742108434', 16, 10, 'Reposicao metalico roth max peca 33 .022\"', '\r', '10 und', 980, 170),
(1422, '7895742108458', 16, 11, 'Reposicao metalico roth max peca 44 .022\"', '\r', '10 und', 980, 170),
(1423, '7895742108472', 16, 14, 'Reposicao metalico roth max peca 34 .022\"', '\r', '10 und', 980, 170),
(1424, '7895742108496', 16, 12, 'Reposicao metalico roth max peca 45 .022\"', '\r', '10 und', 980, 170),
(1425, '7895742108519', 16, 6, 'Reposicao metalico roth max peca 35 .022\"', '\r', '10 und', 980, 170),
(1426, '7895742108649', 29, 20, 'Braquetes metalico roth max 9?.022\"', 'Roth \r', '1 caso', 765, 170),
(1427, '7895742113001', 10, 9, 'Elastico corrente curto vermelho', 'Vermelho\r', '1.5 m', 745, 170),
(1428, '7895742113018', 10, 3, 'Elastico corrente curto rosa', 'Rosa\r', '1.5 m', 745, 170),
(1429, '7895742113025', 10, 11, 'Elastico corrente curto azul cristal', 'Azul crisatal\r', '1.5 m', 745, 170),
(1430, '7895742113032', 10, 5, 'Elastico corrente curto pink cristal', 'Pink crisatal\r', '1.5 m', 745, 170),
(1431, '7895742113049', 10, 9, 'Elastico corrente medio vermelho', 'Vermelho\r', '1.5 m', 745, 170),
(1432, '7895742113056', 10, 2, 'Elastico corrente medio rosa', 'Rosa\r', '1.5 m', 745, 170),
(1433, '7895742113063', 10, 2, 'Elastico corrente medio azul cristal', 'Azul crisatal\r', '1.5 m', 745, 170),
(1434, '7895742113070', 10, 9, 'Elastico corrente medio pink cristal', 'Pink crisatal\r', '1.5 m', 745, 170),
(1435, '7895742113087', 10, 1, 'Elastico corrente longo vermelho', 'Vermelho\r', '1.5 m', 745, 170),
(1436, '7895742113094', 10, 10, 'Elastico corrente longo rosa', 'Rosa\r', '1.5 m', 745, 170),
(1437, '7895742113100', 10, 10, 'Elastico corrente longo azul cristal', 'Azul crisatal\r', '1.5 m', 745, 170),
(1438, '7895742113117', 10, 10, 'Elastico corrente longo pink cristal', 'Pink crisatal\r', '1.5 m', 745, 170),
(1439, '7895742116125', 10.19, 1, 'Chave ortodontica haste longa para ativacao de expansor', 'Especial\r', '5 und', 948, 170),
(1440, '7895742116446', 9, 10, 'Ligadura modular rosa bebe', 'Rosa bebe\r', '1000 und', 744, 170),
(1441, '7895742116460', 9, 1, 'Ligadura modular vinho', 'Vinho\r', '100 und', 744, 170),
(1442, '7895742116484', 9, 1, 'Ligadura modular verde perola', 'Verde perola\r', '1000 und', 744, 170),
(1443, '7895742116507', 9, 1, 'Ligadura modular rosa perola', 'Rosa perola\r', '1000 und', 744, 170),
(1444, '7895742116514', 9, 0, 'Ligadura modular azul crisatal', 'Azul crisatal\r', '1000 und', 744, 170),
(1445, '7895742116521', 9, 9, 'Ligadura modular pink crisatal', 'Pink crisatal\r', '1000 und', 744, 170),
(1446, '7895742116552', 6.5, 11, 'Ligadura bengalinha vinho', 'Vinho\r', '1000 und', 945, 170),
(1447, '7895742116576', 6.5, 11, 'Ligadura bengalinha verde perola', 'Verde perola\r', '1000 und', 945, 170),
(1448, '7895742116590', 6.5, 10, 'Ligadura bengalinha rosa perola', 'Rosa perola\r', '1000 und', 945, 170),
(1449, '7895742117085', 6.5, 7, 'Ligadura bengalinha pink cristal', 'Pink crisatal\r', '1000 und', 945, 170),
(1450, '7895742133436', 8.5, 7, 'Elastico intra oral 1/4 leve', '\r', '1000 und', 759, 170),
(1451, '7895742133443', 10.5, 12, 'Elastico intra oral 5/16 leve', '\r', '1000 und', 759, 170),
(1452, '7895742133450', 13, 5, 'Elastico intra oral 3/8 leve', '\r', '1000 und', 759, 170),
(1453, '7895742133467', 6.5, 31, 'Elastico intra oral 1/8 media', '\r', '1000 und', 759, 170),
(1454, '7895742133474', 7.5, 15, 'Elastico intra oral 3/16 media', '\r', '1000 und', 759, 170),
(1455, '7895742133504', 13, 5, 'Elastico intra oral 3/8 medio', '\r', '1000 und', 759, 170),
(1456, '7895742133511', 6.5, 15, 'Elastico intra oral 1/8 pesado', '\r', '1000 und', 759, 170),
(1457, '7895742133528', 7.5, 7, 'Elastico intra oral 3/16 pesado', '\r', '1000 und', 759, 170),
(1458, '7895742133535', 8.5, 12, 'Elastico intra oral 1/4 pesado', '\r', '1000 und', 759, 170),
(1459, '7895742133542', 10.5, 17, 'Elastico intra oral 5/16 pesodo', '\r', '1000 und', 759, 170),
(1460, '7895742133658', 14, 7, 'Stop para arcos retangulares', '\r', '10 und', 776, 170),
(1461, '7895742134624', 22.5, 3, 'Gurin haste longa com gancho direito', '\r', '5 und', 981, 170),
(1462, '7895742134648', 22.5, 3, 'Gurin haste longa com gancho esquerdo', '\r', '5 und', 981, 170),
(1463, '7895742136789', 8.5, 5, 'Elastico intra oral 3/4 medio', '\r', '1000 und', 759, 170),
(1464, '7895742138448', 22, 2, 'Fio meia cana 2.00 x 1.00', '\r', '5 m', 982, 170),
(1465, '7895742138455', 22, 2, 'Fio meia cana 1.75 x 0.875', '\r', '5 m', 982, 170),
(1466, '7895742138462', 22, 2, 'Fio meia cana 1.50 x 0.75', '\r', '5 m', 982, 170),
(1467, '7895742138479', 22, 2, 'Fio meia cana 1.30 x 0.65', '\r', '5 m', 982, 170),
(1468, '7895742139377', 8, 12, 'Protetor de fio cristal (spaghetti) .022\"', '\r', '1.5 m', 983, 170),
(1469, '7895742139384', 8, 19, 'Protetor de fio cor cinza (spaghetti) .022\"', '\r', '1.5 m', 983, 170),
(1470, '7895742152116', 32, 2, 'Braquetes metalico roth light 13?clase 3 .022\"', 'Roth 2\r', '1 caso', 765, 170),
(1471, '7895742154097', 10, 10, 'Elastico corrente curto azul bebe', 'Azul bebe\r', '1.5 m', 745, 170),
(1472, '7895742154103', 10, 8, 'Elastico corrente curto azul', 'Azul\r', '1.5 m', 745, 170),
(1473, '7895742154110', 10, 8, 'Elastico corrente curto preto', 'Preto\r', '1.5 m', 745, 170),
(1474, '7895742154127', 10, 6, 'Elastico corrente curto verde mar', 'Verde mar\r', '1.5 m', 745, 170),
(1475, '7895742154134', 10, 13, 'Elastico corrente curto prata', 'Prata\r', '1.5 m', 745, 170),
(1476, '7895742154141', 10, 6, 'Elastico corrente curto rosa bebe', 'Rosa bebe\r', '1.5 m', 745, 170),
(1477, '7895742154158', 10, 2, 'Elastico corrente curto rosa perola', 'Rosa perola\r', '1.5 m', 745, 170),
(1478, '7895742154165', 10, 4, 'Elastico corrente medio azul bebe', 'Azul bebe\r', '1.5 m', 745, 170),
(1479, '7895742154172', 10, 7, 'Elastico corrente medio azul', 'Azul\r', '1.5 m', 745, 170),
(1480, '7895742154189', 10, 8, 'Elastico corrente medio preto', 'Preto\r', '1.5 m', 745, 170),
(1481, '7895742154196', 10, 8, 'Elastico corrente medio verde mar', 'Verde mar\r', '1.5 m', 745, 170),
(1482, '7895742154202', 10, 8, 'Elastico corrente medio prata', 'Prata\r', '1.5 m', 745, 170),
(1483, '7895742154219', 10, 11, 'Elastico corrente medio rosa bebe', 'Rosa bebe\r', '1.5 m', 745, 170),
(1484, '7895742154226', 10, 6, 'Elastico corrente medio rosa perola', 'Rosa perola\r', '1.5 m', 745, 170),
(1485, '7895742154233', 10, 11, 'Elastico corrente longo azul bebe', 'Azul bebe\r', '1.5 m', 745, 170),
(1486, '7895742154240', 10, 8, 'Elastico corrente longo azul', 'Azul\r', '1.5 m', 745, 170),
(1487, '7895742154257', 10, 10, 'Elastico corrente longo preto', 'Preto\r', '1.5 m', 745, 170),
(1488, '7895742154264', 10, 6, 'Elastico corrente longo verde mar', 'Verde mar\r', '1.5 m', 745, 170),
(1489, '7895742154271', 10, 11, 'Elastico corrente longo prata', 'Prata\r', '1.5 m', 745, 170),
(1490, '7895742154288', 10, 11, 'Elastico corrente longo rosa bebe', 'Rosa bebe\r', '1.5 m', 745, 170),
(1491, '7895742154295', 10, 9, 'Elastico corrente longo rosa perola', 'Rosa perola\r', '1.5 m', 745, 170),
(1492, '7895742154790', 11.5, 20, 'Gancho ponta bola universal', 'Especial\r', '10 und', 777, 170),
(1493, '7895742157685', 28.5, 9, 'Tubo roth cola duplo peca 16', '\r', '10 und', 773, 170),
(1494, '7895742157692', 28.5, 5, 'Tubo roth cola duplo peca 26', '\r', '10 und', 773, 170),
(1495, '7895742158194', 29, 8, 'Braquetes metalico roth max 13?.022\"', 'Roth \r', '1 caso', 765, 170),
(1496, '7895742158453', 32, 0, 'Caixa de aparelho movel de bolso cor  azul', '\r', '10 und', 984, 170),
(1497, '7895742159139', 7, 11, 'Botao lingual composite colagem', '\r', '10 und', 781, 170),
(1498, '7895742160814', 34, 2, 'Gurin sem gancho com  slotr aberto', '\r', '10 und', 960, 170),
(1499, '7895742160821', 39.5, 1, 'Gurin com gancho direito aberto', '\r', '10 und', 967, 170),
(1500, '7895742160838', 39.5, 1, 'Gurin com gancho esquerdo aberto', '\r', '10 und', 967, 170),
(1501, '7895742161187', 11.7, 29, 'Arco niti termo g 0.14', '\r', '10 und', 860, 170),
(1502, '7895742161194', 11.7, 24, 'Arco niti termo g 0.16', '\r', '10 und', 860, 170),
(1503, '7895742161200', 11.7, 17, 'Arco niti termo g 0.18', '\r', '10 und', 860, 170),
(1504, '7895742161217', 11.7, 20, 'Arco niti termo g 0.20', '\r', '10 und', 860, 170),
(1505, '7895742161224', 20.2, 12, 'Arco niti termo m 0.16 x 0.16', '\r', '10 und', 861, 170),
(1506, '7895742161231', 20.2, 19, 'Arco niti termo m 0.16 x 0.22', '\r', '10 und', 861, 170),
(1507, '7895742161248', 20.2, 30, 'Arco niti termo m 0.17 x 0.25', '\r', '10 und', 861, 170),
(1508, '7895742161255', 20.2, 5, 'Arco niti termo g 0.16 x 0.16', '\r', '10 und', 861, 170),
(1509, '7895742161262', 20.2, 23, 'Arco niti termo g 0.16 x 0.22', '\r', '10 und', 861, 170),
(1510, '7895742161279', 20.2, 34, 'Arco niti termo g 0.17 x 0.25', '\r', '10 und', 861, 170),
(1511, '7895742161286', 20.2, 10, 'Arco niti termo g 0.18 x 0.25', '\r', '10 und', 861, 170),
(1512, '7895742161293', 20.2, 24, 'Arco niti termo g 0.19 x 0.25', '\r', '10 und', 861, 170),
(1513, '7895742161309', 20.2, 8, 'Arco niti termo g 0.21 x 0.25', '\r', '10 und', 861, 170),
(1514, '7895742161316', 11.7, 22, 'Arco niti termo m 0.14', '\r', '10 und', 860, 170),
(1515, '7895742161323', 11.7, 20, 'Arco niti termo m 0.16', '\r', '10 und', 860, 170),
(1516, '7895742161330', 11.7, 27, 'Arco niti termo m 0.18', '\r', '10 und', 860, 170),
(1517, '7895742161347', 11.7, 21, 'Arco niti termo m 0.20', '\r', '10 und', 860, 170),
(1518, '7895742161354', 20.2, 18, 'Arco niti termo m 0.18 x 0.25', '\r', '10 und', 861, 170),
(1519, '7895742161361', 20.2, 24, 'Arco niti termo m 0.19 x 0.25', '\r', '10 und', 861, 170),
(1520, '7895742161378', 20.2, 10, 'Arco niti termo m 0.21 x 0.25', '\r', '10 und', 861, 170),
(1521, '7895742166069', 31.5, 12, 'Stop e guia de mordida', '\r', '10 und', 775, 170),
(1522, '7895742167462', 9, 1, 'Tala ortodonitca para tracionador', '\r', '1 und', 985, 170),
(1523, '7895742169701', 13.5, 11, 'Stop para arcos redondos', '\r', '25 und', 986, 170),
(1524, '7895742171735', 54, 9, 'Miniparafuso 1.5 x 8 mm e 1mm transmucosa', '\r', '2 und', 987, 170),
(1525, '7895742171780', 54, 7, 'Miniparafuso 1.5 x 6 mm e 1mm transmucosa', '\r', '2 und', 987, 170),
(1526, '7895742171803', 54, 12, 'Miniparafuso 1.5 x 6 mm transmucosa 2mm', '\r', '2 und', 988, 170),
(1527, '7895742171810', 54, 11, 'Miniparafuso 1.5 x 8 mm e 2mm transmucosa', '\r', '2 und', 987, 170),
(1528, '7895742171827', 30, 11, 'Mola niti fechada mini parafuso 7mm com elos', 'Especial\r', '4 und', 857, 170),
(1529, '7895742171834', 30, 3, 'Mola niti fechada mini parafuso 9mm com elos', 'Especial\r', '4 und', 857, 170),
(1530, '7895742171841', 30, 5, 'Mola niti fechada mini parafuso 12mm com elos', 'Especial\r', '4 und', 989, 170),
(1531, '7895742171858', 30, 6, 'Mola niti fechada mini parafuso 15mm com elos', 'Especial\r', '4 und', 989, 170),
(1532, '7895742171971', 54, 20, 'Miniparafuso 1.5 x 10 mm e 2mm transmucosa', '\r', '2 und', 987, 170),
(1533, '7895742172626', 11.7, 26, 'Arco niti termo g 0.12', '\r', '10 und', 860, 170),
(1534, '7895742172633', 11.7, 24, 'Arco niti termo m 0.12', '\r', '10 und', 860, 170),
(1535, '7895742175917', 10.5, 10, 'Tubo solda lingual', '\r', '10 und', 990, 170),
(1536, '7895742180140', 480, 1, 'Kit de ferramentas para miniparafuso ortodontico', 'Espesial 3\r', '1 und', 991, 170),
(1537, '7895742181482', 18, 6, 'Ponta lanca para miniparafuso 60mm', '\r', '1 und', 991, 170),
(1538, '7895742181499', 18, 4, 'Chave hexagonal haste longa miniparafuso', 'Especial\r', '1 und', 991, 170),
(1539, '7895742181505', 18, 3, 'Chave hexagonal haste curta miniparafuso', 'Espesial 2\r', '1 und', 991, 170),
(1540, '7895742181512', 18, 4, 'Chave hexagonal digital 25mm miniparafus', 'Espacial 4\r', '1 und', 991, 170),
(1541, '7895742187675', 29, 6, 'Braquetes metalico mbt max .022\"', 'Mbt\r', '1 caso', 765, 170),
(1542, '7895742188092', 6.5, 21, 'Ligadura bengalinha branco renda', 'Branco renda\r', '1000 und', 945, 170),
(1543, '7895742188528', 2184, 0, 'Braquetes metalico roth max 13?.022\"', 'Roth \r', '100 Casos', 765, 170),
(1544, '7895742188566', 6.5, 11, 'Ligadura bengalinha lilas', 'Lilas\r', '1000 und', 945, 170),
(1545, '7895742188573', 6.5, 21, 'Ligadura bengalinha sortido cristal', 'Sortido cristal\r', '1000 und', 945, 170),
(1546, '7895742188580', 9, 10, 'Ligadura modular branco renda', 'Branco renda\r', '1000 und', 744, 170),
(1547, '7895742188597', 9, 1, 'Ligadura modular lilas', 'Lilas\r', '1000 und', 744, 170),
(1548, '7895742188603', 9, 2, 'Ligadura modular sortido cristal', 'Sortido cristal\r', '1000 und', 744, 170),
(1549, '7895742188610', 10, 1, 'Elastico corrente curto verde musgo', 'Verde musgo\r', '1.5 m', 745, 170),
(1550, '7895742188627', 10, 8, 'Elastico corrente curto branco renda', 'Branco renda\r', '1.5 m', 745, 170),
(1551, '7895742188634', 10, 5, 'Elastico corrente curto lilas', 'Lilas\r', '1.5 m', 745, 170),
(1552, '7895742188641', 10, 2, 'Elastico corrente curto amrelo', 'Amarelo\r', '1.5 m', 745, 170),
(1553, '7895742188658', 10, 7, 'Elastico corrente curto azul marinho', 'Azul marinho\r', '1.5 m', 745, 170),
(1554, '7895742188665', 10, 12, 'Elastico corrente curto roxo', 'Roxo\r', '1.5 m', 745, 170),
(1555, '7895742188672', 10, 2, 'Elastico corrente curto verde perola', 'Verde perola\r', '1.5 m', 745, 170),
(1556, '7895742188689', 10, 2, 'Elastico corrente curto vinho', 'Vinho\r', '1.5 m', 745, 170),
(1557, '7895742188696', 10, 5, 'Elastico corrente medio verde musgo', 'Verde musgo\r', '1.5 m', 745, 170),
(1558, '7895742188702', 10, 11, 'Elastico corrente medio branco renda', 'Branco renda\r', '1.5 m', 745, 170),
(1559, '7895742188719', 10, 10, 'Elastico corrente medio lilas', 'Lilas\r', '1.5 m', 745, 170),
(1560, '7895742188726', 10, 4, 'Elastico corrente medio amarelo', 'Amarelo\r', '1.5 m', 745, 170),
(1561, '7895742188733', 10, 4, 'Elastico corrente medio azul marinho', 'Azul marinho\r', '1.5 m', 745, 170),
(1562, '7895742188740', 10, 5, 'Elastico corrente medio roxo', 'Roxo\r', '1.5 m', 745, 170),
(1563, '7895742188757', 10, 5, 'Elastico corrente medio verde perola', 'Verde perola\r', '1.5 m', 745, 170),
(1564, '7895742188764', 10, 5, 'Elastico corrente medio vinho', 'Vinho\r', '1.5 m', 745, 170),
(1565, '7895742188771', 10, 2, 'Elastico corrente longo verde musgo', 'Verde musgo\r', '1.5 m', 745, 170),
(1566, '7895742188788', 10, 10, 'Elastico corrente longo branco renda', 'Branco renda\r', '1.5 m', 745, 170),
(1567, '7895742188795', 10, 8, 'Elastico corrente longo lilas', 'Lilas\r', '1.5 m', 745, 170),
(1568, '7895742188801', 10, 0, 'Elastico corrente longo amarelo', 'Amarelo\r', '1.5 m', 745, 170),
(1569, '7895742188818', 10, 9, 'Elastico corrente longo azul marinho', 'Azul marinho\r', '1.5 m', 745, 170),
(1570, '7895742188825', 10, 9, 'Elastico corrente longo roxo', 'Roxo\r', '1.5 m', 745, 170),
(1571, '7895742188832', 10, 1, 'Elastico corrente longo verde perola', 'Verde perola\r', '1.5 m', 745, 170),
(1572, '7895742188849', 10, 2, 'Elastico corrente longo vinho', 'Vinho\r', '1.5 m', 745, 170),
(1573, '7895742190095', 119, 4, 'Chave de mao para miniparafuso', 'Especial 5\r', '1 und', 991, 170),
(1574, '7895742191559', 26.5, 4, 'Cera protetora pacote', '\r', '10 und', 992, 170),
(1575, '7895742195496', 24.5, 8, 'Tubo mbt cola simple peca 16/17', '\r', '10 und', 993, 170),
(1576, '7895742195502', 24.5, 8, 'Tubo mbt cola simple peca 26/27', '\r', '10 und', 993, 170),
(1577, '7895742195526', 24.5, 6, 'Tubo mbt cola simple peca 46/47/36/37', '\r', '10 und', 993, 170),
(1578, '7895742197087', 39, 2, 'Mascara para tracao reversa azul', '\r', '1 und', 994, 170),
(1579, '7895742197094', 39, 2, 'Mascara para tracao reversa rosa', '\r', '1 und', 994, 170),
(1580, '7895742197629', 12, 0, 'Banda pre-molar n?4', '\r', '10 und', 995, 170),
(1581, '7895742197643', 12, 0, 'Banda pre-molar n?6', '\r', '10 und', 995, 170),
(1582, '7895742197681', 12, 4, 'Banda pre-molar n?20', '\r', '10 und', 995, 170),
(1583, '7895742197698', 12, 1, 'Banda pre-molar n?21', '\r', 'Pre-Molar', 995, 170),
(1584, '7895742197704', 12, 5, 'Banda pre-molar n?22', '\r', '10 Und', 995, 170),
(1585, '7895742197711', 12, 1, 'Banda pre-molar n?23', '\r', '10 und', 995, 170),
(1586, '7895742197728', 12, 5, 'Banda pre-molar n?24', '\r', '10 und', 995, 170),
(1587, '7895742197735', 12, 5, 'Banda pre-molar n?25', '\r', '10 und', 995, 170),
(1588, '7895742197742', 12, 5, 'Banda pre-molar n?26', '\r', '10 und', 995, 170),
(1589, '7895742197759', 12, 5, 'Banda pre-molar n?27', '\r', '', 995, 170),
(1590, '7895742197766', 12, 5, 'Banda pre-molar n?28', '\r', '10 und', 995, 170),
(1591, '7895742197773', 12, 5, 'Banda pre-molar n?29', '\r', '', 995, 170),
(1592, '7895742197780', 12, 5, 'Banda pre-molar n?30', '\r', '10 und', 995, 170),
(1593, '7895742197797', 12, 1, 'Banda pre-molar n?31', '\r', '10 und', 995, 170),
(1594, '7895742197803', 12, 1, 'Banda pre-molar n?32', '\r', '10 und', 995, 170),
(1595, '7895742197810', 10, 10, 'Mini esporao educador lingual', '\r', '10 und', 996, 170),
(1596, '7895742198220', 32.5, 6, 'Reposicao ceramico roth ceramic peca 11 .022\"', '\r', '5 und', 763, 170),
(1597, '7895742199067', 26.1, 5, 'Arco curva reversa g 0.20', '\r', '10 und', 862, 170),
(1598, '7895742199074', 26.1, 6, 'Arco curva reversa m 0.20', '\r', '10 und', 862, 170),
(1599, '7895742201098', 32.5, 5, 'Reposicao ceramico roth ceramic peca 21 .022\"', '\r', '5 und', 763, 170),
(1600, '7895742201104', 32.5, 6, 'Reposicao ceramico roth ceramic peca 12 .022\"', '\r', '5 und', 763, 170),
(1601, '7895742201111', 32.5, 10, 'Reposicao ceramico roth ceramic peca 22 .022\"', '\r', '5 und', 763, 170),
(1602, '7895742201128', 32.5, 10, 'Reposicao ceramico roth ceramic peca 13 .022\"', '\r', '5 und', 763, 170),
(1603, '7895742201135', 32.5, 11, 'Reposicao ceramico roth ceramic peca 23 .022\"', '\r', '5 und', 763, 170),
(1604, '7895742201142', 32.5, 5, 'Reposicao ceramico roth ceramic peca 15/14/24/25 .022\"', '\r', '5 und', 763, 170),
(1605, '7895742201159', 32.5, 2, 'Reposicao ceramico roth ceramic peca 31/32/42/41 .022\"', '\r', '5 und', 763, 170),
(1606, '7895742201166', 32.5, 10, 'Reposicao ceramico roth ceramic peca 43 .022\"', '\r', '5 und', 763, 170),
(1607, '7895742201173', 32.5, 11, 'Reposicao ceramico roth ceramic peca 33 .022\"', '\r', '10 und', 763, 170),
(1608, '7895742201180', 32.5, 9, 'Reposicao ceramico roth ceramic peca 44/34 .022\"', '\r', '5 und', 763, 170),
(1609, '7895742201197', 32.5, 4, 'Reposicao ceramico roth ceramic peca 45/35 .022\"', '\r', '5 und', 763, 170),
(1610, '7895742201500', 56, 1, 'Fio amarrilho estetico 0.10\"', 'Especial\r', '10 m', 950, 170),
(1611, '7895742201791', 43.5, 12, 'Gancho para tracao de dentes inclusos com corrente', 'Especial\r', '10 und', 962, 170),
(1612, '7895742201975', 36.5, 1, 'Reposicao autoligado metalico roth sli peca 11 .022\"', 'Especial\r', '5 und', 997, 170),
(1613, '7895742201982', 36.5, 1, 'Reposicao autoligado metalico roth sli peca 21 .022\"', 'Especial\r', '5 und', 997, 170),
(1614, '7895742201999', 36.5, 1, 'Reposicao autoligado metalico roth sli peca 12 .022\"', 'Especial\r', '5 und', 997, 170),
(1615, '7895742202002', 36.5, 1, 'Reposicao autoligado metalico roth sli peca 22 .022\"', 'Especial\r', '5 und', 997, 170),
(1616, '7895742202019', 36.5, 1, 'Reposicao autoligado metalico roth sli peca 13 .022\"', 'Especial\r', '5 und', 997, 170),
(1617, '7895742202026', 36.5, 0, 'Reposicao autoligado metalico roth sli peca 23 .022\"', 'Especial\r', '5 und', 997, 170),
(1618, '7895742202033', 36.5, 2, 'Reposicao autoligado metalico roth sli peca 15/14 .022\"', 'Especial\r', '5 und', 997, 170),
(1619, '7895742202040', 36.5, 1, 'Reposicao autoligado metalico roth sli peca 24/25 .022\"', 'Especial\r', '5 und', 997, 170),
(1620, '7895742202057', 36.5, 0, 'Reposicao autoligado metalico roth sli peca 31/32/42/41 .022\"', 'Especial\r', '5 und', 997, 170),
(1621, '7895742202064', 36.5, 1, 'Reposicao autoligado metalico roth sli peca 43 .022\"', '\r', '5 und', 997, 170),
(1622, '7895742202071', 36.5, 1, 'Reposicao autoligado metalico roth sli peca 33 .022\"', 'Especial\r', '5 und', 997, 170),
(1623, '7895742202088', 36.5, 1, 'Reposicao autoligado metalico roth sli peca 44 .022\"', 'Especial\r', '5 und', 997, 170),
(1624, '7895742202095', 36.5, 1, 'Reposicao autoligado metalico roth sli peca 34 .022\"', 'Especial\r', '5 und', 997, 170),
(1625, '7895742202101', 36.5, 1, 'Reposicao autoligado metalico roth sli peca 45 .022\"', 'Especial\r', '5 und', 997, 170),
(1626, '7895742202118', 36.5, 1, 'Reposicao autoligado metalico roth sli peca 35 .022\"', 'Especial\r', '5 und', 997, 170),
(1627, '7895742202125', 145, 19, 'Braquetes autoligado metalico roth interativo sli .022\"', 'Espesial 2\r', '1 caso', 766, 170),
(1628, '7895742204228', 31.5, 2, 'Posicionador de braquetes mbt', '\r', '1 und', 898, 170),
(1629, '7895742205829', 130, 10, 'Braquetes ceramico roth ceramic 9?.022°', '\r', '1 caso', 770, 170),
(1630, '7895742207175', 255, 1, 'Braquetes policarbonato roth composite .022\"', '\r', '10 Casos', 971, 170),
(1631, '7895742207182', 255, 2, 'Braquetes metalico mbt max .022\"', 'Mbt\r', '10 casos', 765, 170),
(1632, '7895742207243', 255, 10, 'Braquetes metalico roth max 9?.022\"', 'Roth \r', '10 casos', 765, 170),
(1633, '7895742207267', 255, 7, 'Braquetes metalico roth max 13?.022\"', 'Roth \r', '10 Casos', 765, 170),
(1634, '7895742207540', 31, 4, 'Braquetes metalico roth nano 9?.022\"', 'Espesial 2\r', '1 caso', 765, 170);
INSERT INTO `produto` (`id_produto`, `barcode`, `preco`, `estoque`, `especificacao`, `tipo`, `embalagem`, `id_subgrupo`, `id_marca`) VALUES
(1635, '7895742208028', 273, 1, 'Braquetes metalico roth light 13?.022\"', 'Roth 2\r', '10 casos', 765, 170),
(1636, '7895742208035', 273, 2, 'Braquetes metalico roth light 9?.022\"', 'Roth 2\r', '10 casos', 765, 170),
(1637, '7895742208660', 10, 12, 'Banda tubo simples superior n?29', '\r', '2 und Ru/Lu', 998, 170),
(1638, '7895742210335', 10, 12, 'Banda tubo simples superior n?29.5', '\r', '2 und Ru/Lu', 998, 170),
(1639, '7895742215637', 10, 11, 'Banda tubo simples inferior n?29', '\r', '2 und RL/LL', 998, 170),
(1640, '7895742215804', 10, 4, 'Banda tubo simples inferior n?29.5', '\r', '2 und RL/LL', 998, 170),
(1641, '7895742215859', 10, 8, 'Banda tubo simples inferior n?30', '\r', '2 und RL/LL', 998, 170),
(1642, '7895742218522', 10, 8, 'Banda tubo simples inferior n?30.5', '\r', '2 und RL/LL', 999, 170),
(1643, '7895742218539', 10, 8, 'Banda tubo simples inferior n?31', '\r', '2 und RL/LL', 998, 170),
(1644, '7895742218546', 10, 5, 'Banda tubo simples inferior n?31.5', '\r', '2 und RL/LL', 998, 170),
(1645, '7895742218553', 10, 6, 'Banda tubo simples inferior n?32', '\r', '2 und RL/LL', 998, 170),
(1646, '7895742218751', 10, 7, 'Banda tubo simples inferior n?32.5', '\r', '2 und RL/LL', 998, 170),
(1647, '7895742218768', 10, 7, 'Banda tubo simples superior n?30', '\r', '2 und RU/LU', 998, 170),
(1648, '7895742218775', 10, 9, 'Banda tubo simples superior n?30.5', '\r', '2 und RU/LU', 998, 170),
(1649, '7895742218782', 10, 12, 'Banda tubo simples superior n?31', '\r', '2 und Ru/LU', 998, 170),
(1650, '7895742218799', 10, 9, 'Banda tubo simples superior n?31.5', '\r', '2 und Ru/LU', 998, 170),
(1651, '7895742218805', 10, 10, 'Banda tubo simples superior n?32', '\r', '2 und Ru/Lu', 998, 170),
(1652, '7895742218812', 10, 14, 'Banda tubo simples superior n?32.5', '\r', '2 und Ru/Lu', 998, 170),
(1653, '7895742218829', 10, 14, 'Banda tubo simples superior n?33', '\r', '2 und Ru/LU', 998, 170),
(1654, '7895742218836', 10, 15, 'Banda tubo simples superior n?33.5', '\r', '2 und Ru/Lu', 998, 170),
(1655, '7895742218843', 10, 16, 'Banda tubo simples superior n?34', '\r', '2 und Ru/Lu', 998, 170),
(1656, '7895742218850', 10, 13, 'Banda tubo simples superior n?34.5', '\r', '2 und Ru/Lu', 998, 170),
(1657, '7895742218867', 10, 8, 'Banda tubo simples superior n?35', '\r', '2 und Ru/Lu', 998, 170),
(1658, '7895742218874', 10, 10, 'Banda tubo simples superior n?35.5', '\r', '2 und Ru/Lu', 998, 170),
(1659, '7895742218881', 10, 5, 'Banda tubo simples superior n?36', '\r', '2 und Ru/Lu', 998, 170),
(1660, '7895742218898', 10, 7, 'Banda tubo simples superior n?36.5', '\r', '2 und Ru/Lu', 998, 170),
(1661, '7895742218904', 10, 13, 'Banda tubo simples superior n?37', '\r', '2 und Ru/Lu', 998, 170),
(1662, '7895742218911', 10, 24, 'Banda tubo simples superior n?37.5', '\r', '2 und Ru/Lu', 998, 170),
(1663, '7895742218928', 10, 8, 'Banda tubo simples superior n?38', '\r', '2 und Ru/Lu', 998, 170),
(1664, '7895742218935', 10, 15, 'Banda tubo simples superior n?38.5', '\r', '2 und Ru/Lu', 998, 170),
(1665, '7895742218942', 10, 2, 'Banda tubo simples superior n?39', '\r', '2 und Ru/Lu', 998, 170),
(1666, '7895742218959', 10, 8, 'Banda tubo simples superior n?39.5', '\r', '2 und Ru/Lu', 998, 170),
(1667, '7895742218966', 10, 8, 'Banda tubo simples superior n?40', '\r', '2 UND Ru/Lu', 998, 170),
(1668, '7895742218973', 10, 21, 'Banda tubo simples superior n?40.5', '\r', '2 und Ru/Lu', 998, 170),
(1669, '7895742218980', 10, 19, 'Banda tubo simples superior n?41', '\r', '2 und Ru/Lu', 998, 170),
(1670, '7895742218997', 10, 18, 'Banda tubo simples inferior n?33', '\r', '2 und RL/LL', 998, 170),
(1671, '7895742219000', 10, 4, 'Banda tubo simples superior n?41.5', '\r', '2 und Ru/Lu', 998, 170),
(1672, '7895742219017', 10, 18, 'Banda tubo simples superior n?42', '\r', '2 und Ru/Lu', 998, 170),
(1673, '7895742219024', 10, 13, 'Banda tubo simples inferior n?33.5', '\r', '2 und RL/LL', 998, 170),
(1674, '7895742219086', 10, 15, 'Banda tubo simples inferior n?34', '\r', '2 und RL/LL', 998, 170),
(1675, '7895742219109', 10, 8, 'Banda tubo simples inferior n?34.5', '\r', '10 und RL/LL', 998, 170),
(1676, '7895742219116', 10, 10, 'Banda tubo simples inferior n?35', '\r', '2 und RL/LL', 998, 170),
(1677, '7895742219123', 10, 7, 'Banda tubo simples inferior n?35.5', '\r', '2 und RL/LL', 998, 170),
(1678, '7895742219130', 10, 7, 'Banda tubo simples inferior n?36', '\r', '2 und RL/LL', 998, 170),
(1679, '7895742219154', 10, 9, 'Banda tubo simples inferior n?36.5', '\r', '2 und RL/LL', 998, 170),
(1680, '7895742219178', 10, 9, 'Banda tubo simples inferior n?37', '\r', '2 und RL/LL', 998, 170),
(1681, '7895742219192', 10, 15, 'Banda tubo simples inferior n?37.5', '\r', '2 und RL/LL', 998, 170),
(1682, '7895742219215', 10, 6, 'Banda tubo simples inferior n?38', '\r', '2 und RL/LL', 998, 170),
(1683, '7895742219239', 10, 21, 'Banda tubo simples inferior n?38.5', '\r', '2 und RL/LL', 998, 170),
(1684, '7895742219253', 10, 24, 'Banda tubo simples inferior n?39', '\r', '2 und RL/LL', 998, 170),
(1685, '7895742219260', 10, 25, 'Banda tubo simples inferior n?39.5', '\r', '2 und RL/LL', 998, 170),
(1686, '7895742219284', 10, 11, 'Banda tubo simples inferior n?40', '\r', '2 und RL/LL', 998, 170),
(1687, '7895742219291', 10, 18, 'Banda tubo simples inferior n?40.5', '\r', '2 und RL/LL', 998, 170),
(1688, '7895742219307', 10, 14, 'Banda tubo simples inferior n?41', '\r', '2 und RL/LL', 998, 170),
(1689, '7895742219321', 10, 7, 'Banda tubo simples inferior n?41.5', '\r', '2 und RL/LL', 998, 170),
(1690, '7895742219338', 10, 6, 'Banda tubo simples inferior n?42', '\r', '2 und RL/LL', 998, 170),
(1691, '7895742219697', 10, 6, 'Banda tubo duplo superior n?33.5', '\r', '2 und Ru/Lu', 999, 170),
(1692, '7895742219703', 10, 16, 'Banda tubo duplo superior n?34', '\r', '2 und Ru/LU', 999, 170),
(1693, '7895742219710', 10, 12, 'Banda tubo duplo superior n?34.5', '\r', '2 und Ru/Lu', 999, 170),
(1694, '7895742219727', 10, 7, 'Banda tubo duplo superior n?35', '\r', '2 und Ru/Lu', 999, 170),
(1695, '7895742219772', 10, 7, 'Banda tubo duplo superior n?35.5', '\r', '2 und Ru/Lu', 999, 170),
(1696, '7895742219789', 10, 10, 'Banda tubo duplo superior n?36', '\r', '2 und Ru/Lu', 999, 170),
(1697, '7895742219796', 10, 7, 'Banda tubo duplo superior n?36.5', '\r', '2 und Ru/Lu', 999, 170),
(1698, '7895742219918', 10, 9, 'Banda tubo duplo superior n?37', '\r', '2 und Ru/Lu', 999, 170),
(1699, '7895742220051', 10, 3, 'Banda tubo duplo inferior n?29', '\r', '2 und RL/LL', 999, 170),
(1700, '7895742220068', 10, 7, 'Banda tubo duplo inferior n?29.5', '\r', '2 und RL/LL', 999, 170),
(1701, '7895742220075', 10, 3, 'Banda tubo duplo inferior n?30', '\r', '2 und RL/LL', 999, 170),
(1702, '7895742220082', 10, 4, 'Banda tubo duplo inferior n?30.5', '\r', '2 und RL/LL', 999, 170),
(1703, '7895742220099', 10, 4, 'Banda tubo duplo inferior n?31', '\r', '2 und RL/LL', 999, 170),
(1704, '7895742220105', 10, 3, 'Banda tubo duplo inferior n?31.5', '\r', '2 und RL/LL', 999, 170),
(1705, '7895742220112', 10, 22, 'Banda tubo duplo inferior n?32', '\r', '2 und RL/LL', 999, 170),
(1706, '7895742220129', 10, 14, 'Banda tubo duplo inferior n?32.5', '\r', '2 und RL/LL', 999, 170),
(1707, '7895742220136', 10, 18, 'Banda tubo duplo inferior n?33', '\r', '2 und RL/LL', 999, 170),
(1708, '7895742220143', 10, 15, 'Banda tubo duplo inferior n?33.5', '\r', '2 und RL/LL', 999, 170),
(1709, '7895742220150', 10, 13, 'Banda tubo duplo inferior n?34', '\r', '2 und RL/LL', 999, 170),
(1710, '7895742220167', 10, 19, 'Banda tubo duplo inferior n?34.5', '\r', '2 un RL/LL', 999, 170),
(1711, '7895742220174', 10, 17, 'Banda tubo duplo inferior n?35', '\r', '2 und RL/LL', 999, 170),
(1712, '7895742220181', 10, 15, 'Banda tubo duplo inferior n?35.5', '\r', '2 und RL/LL', 999, 170),
(1713, '7895742220198', 10, 20, 'Banda tubo duplo inferior n?36', '\r', '2 und RL/LL', 999, 170),
(1714, '7895742220204', 10, 14, 'Banda tubo duplo inferior n?36.5', '\r', '2 und RL/LL', 999, 170),
(1715, '7895742220211', 10, 15, 'Banda tubo duplo inferior n?37', '\r', '2 und RL/LL', 999, 170),
(1716, '7895742220228', 10, 14, 'Banda tubo duplo inferior n?37.5', '\r', '2 und RL/LL', 999, 170),
(1717, '7895742220235', 10, 23, 'Banda tubo duplo inferior n?38', '\r', '2 und RL/LL', 999, 170),
(1718, '7895742220242', 10, 14, 'Banda tubo duplo inferior n?38.5', '\r', '2 und RL/LL', 999, 170),
(1719, '7895742220259', 10, 12, 'Banda tubo duplo inferior n?39', '\r', '2 und RL/LL', 999, 170),
(1720, '7895742220266', 10, 26, 'Banda tubo duplo inferior n?39.5', '\r', '2 und RL/LL', 999, 170),
(1721, '7895742220273', 10, 12, 'Banda tubo duplo inferior n?40', '\r', '2 und RL/LL', 999, 170),
(1722, '7895742220280', 10, 10, 'Banda tubo duplo inferior n?40.5', '\r', '2 und RL/LL', 999, 170),
(1723, '7895742220297', 10, 5, 'Banda tubo duplo inferior n?41', '\r', '2 und RL/LL', 999, 170),
(1724, '7895742220303', 10, 14, 'Banda tubo duplo superior n?37.5', '\r', '2 und Ru/Lu', 999, 170),
(1725, '7895742220310', 10, 8, 'Banda tubo duplo inferior n?41.5', '\r', '2 und RL/LL', 999, 170),
(1726, '7895742220327', 10, 12, 'Banda tubo duplo superior n?38', '\r', '2 und Ru/Lu', 999, 170),
(1727, '7895742220334', 10, 5, 'Banda tubo duplo inferior n?42', '\r', '2 und RL/LL', 999, 170),
(1728, '7895742220341', 10, 9, 'Banda tubo duplo superior n?38.5', '\r', '2 und Ru/LU', 999, 170),
(1729, '7895742220358', 10, 12, 'Banda tubo duplo superior n?39', '\r', '2 und Ru/Lu', 999, 170),
(1730, '7895742220433', 10, 15, 'Banda tubo duplo superior n?39.5', '\r', '2 und Ru/Lu', 999, 170),
(1731, '7895742220495', 10, 14, 'Banda tubo duplo superior n?40', '\r', '2 und Ru/Lu', 999, 170),
(1732, '7895742222192', 10, 3, 'Banda tubo triplo superior n?33', '\r', '2 und Ru/Lu', 1000, 170),
(1733, '7895742222215', 10, 17, 'Banda tubo triplo superior n?34', '\r', '2 und Ru/Lu', 1000, 170),
(1734, '7895742222222', 10, 14, 'Banda tubo triplo superior n?34.5', '\r', '2 und Ru/Lu', 1000, 170),
(1735, '7895742222239', 10, 16, 'Banda tubo triplo superior n?35', '\r', '2 und Ru/Lu', 1000, 170),
(1736, '7895742222246', 10, 31, 'Banda tubo triplo superior n?35.5', '\r', '2 und Ru/Lu', 1000, 170),
(1737, '7895742222253', 10, 9, 'Banda tubo triplo superior n?36', '\r', '2 und Ru/Lu', 1000, 170),
(1738, '7895742222260', 10, 14, 'Banda tubo triplo superior n?36.5', '\r', '2 und Ru/Lu', 1000, 170),
(1739, '7895742222277', 10, 5, 'Banda tubo triplo superior n?37', '\r', '2 und Ru/Lu', 1000, 170),
(1740, '7895742222284', 10, 9, 'Banda tubo triplo superior n?37.5', '\r', '2 und Ru/Lu', 1000, 170),
(1741, '7895742222307', 10, 8, 'Banda tubo triplo superior n?38', '\r', '2 und Ru/Lu', 1000, 170),
(1742, '7895742222314', 10, 6, 'Banda tubo triplo superior n?38.5', '\r', '2 und Ru/Lu', 1000, 170),
(1743, '7895742222321', 10, 16, 'Banda tubo triplo superior n?39', '\r', '2 und Ru/Lu', 1000, 170),
(1744, '7895742222338', 10, 9, 'Banda tubo triplo superior n?39.5', '\r', '2 und Ru/Lu', 1000, 170),
(1745, '7895742222390', 10, 19, 'Banda tubo triplo superior n?40', '\r', '2 und Ru/Lu', 1000, 170),
(1746, '7895742222987', 11.5, 5, 'Banda tubo triplo com tubo lingual superior n?29', '\r', '2 und Ru/Lu', 1001, 170),
(1747, '7895742222994', 11.5, 7, 'Banda tubo triplo com tubo lingual superior n?29.5', '\r', '2 und Ru/Lu', 1001, 170),
(1748, '7895742223007', 11.5, 6, 'Banda tubo triplo com tubo lingual superior n?30', '\r', '2 und Ru/Lu', 1001, 170),
(1749, '7895742223014', 11.5, 5, 'Banda tubo triplo com tubo lingual superior n?30.5', '\r', '2 und Ru/Lu', 1001, 170),
(1750, '7895742223021', 11.5, 3, 'Banda tubo triplo com tubo lingual superior n?31', '\r', '2 und Ru/Lu', 1001, 170),
(1751, '7895742223038', 11.5, 6, 'Banda tubo triplo com tubo lingual superior n?31.5', '\r', '2 und Ru/Lu', 1001, 170),
(1752, '7895742223045', 11.5, 12, 'Banda tubo triplo com tubo lingual superior n?32', '\r', '2 und Ru/Lu', 1001, 170),
(1753, '7895742223052', 11.5, 7, 'Banda tubo triplo com tubo lingual superior n?32.5', '\r', '2 und Ru/Lu', 1001, 170),
(1754, '7895742223069', 11.5, 12, 'Banda tubo triplo com tubo lingual superior n?33', '\r', '2 und Ru/Lu', 1001, 170),
(1755, '7895742223076', 11.5, 8, 'Banda tubo triplo com tubo lingual superior n?33.5', '\r', '2 und Ru/Lu', 1001, 170),
(1756, '7895742223083', 11.5, 18, 'Banda tubo triplo com tubo lingual superior n?34', '\r', '2 und Ru/Lu', 1001, 170),
(1757, '7895742223090', 11.5, 22, 'Banda tubo triplo com tubo lingual superior n?34.5', '\r', '2 und Ru/Lu', 1001, 170),
(1758, '7895742223106', 11.5, 15, 'Banda tubo triplo com tubo lingual superior n?35', '\r', '2 und Ru/Lu', 1001, 170),
(1759, '7895742223113', 11.5, 16, 'Banda tubo triplo com tubo lingual superior n?35.5', '\r', '2 und Ru/Lu', 1001, 170),
(1760, '7895742223120', 11.5, 24, 'Banda tubo triplo com tubo lingual superior n?36', '\r', '2 und Ru/Lu', 1001, 170),
(1761, '7895742223137', 11.5, 18, 'Banda tubo triplo com tubo lingual superior n?36.5', '\r', '2 und Ru/Lu', 1001, 170),
(1762, '7895742223144', 11.5, 20, 'Banda tubo triplo com tubo lingual superior n?37', '\r', '2 und Ru/Lu', 1001, 170),
(1763, '7895742223151', 11.5, 22, 'Banda tubo triplo com tubo lingual superior n?37.5', '\r', '2 und Ru/Lu', 1001, 170),
(1764, '7895742223168', 11.5, 24, 'Banda tubo triplo com tubo lingual superior n?38', '\r', '2 und Ru/Lu', 1001, 170),
(1765, '7895742223175', 11.5, 17, 'Banda tubo triplo com tubo lingual superior n?38.5', '\r', '2und Ru/Lu', 1001, 170),
(1766, '7895742223182', 11.5, 10, 'Banda tubo triplo com tubo lingual superior n?39', '\r', '2 und Ru/Lu', 1001, 170),
(1767, '7895742223199', 11.5, 7, 'Banda tubo triplo com tubo lingual superior n?39.5', '\r', '2 und Ru/Lu', 1001, 170),
(1768, '7895742223205', 11.5, 10, 'Banda tubo triplo com tubo lingual superior n?40', '\r', '2 und Ru/Lu', 1001, 170),
(1769, '7895742223212', 11.5, 19, 'Banda tubo triplo com tubo lingual superior n?40.5', '\r', '2 und Ru/Lu', 1001, 170),
(1770, '7895742223229', 11.5, 10, 'Banda tubo triplo com tubo lingual superior n?41', '\r', '2 und Ru/Lu', 1001, 170),
(1771, '7895742223236', 11.5, 17, 'Banda tubo triplo com tubo lingual superior n?41.5', '\r', '2 und Ru/Lu', 1001, 170),
(1772, '7895742223243', 11.5, 7, 'Banda tubo triplo com tubo lingual superior n?42', '\r', '2 und Ru/Lu', 1001, 170),
(1773, '7895742232641', 11.7, 3, 'Arco niti superelastico m 0.10', '\r', '10 und', 858, 170),
(1774, '7895742234317', 37, 1, 'Caixa organizadora multiuso', '\r', '1 und', 1002, 170),
(1775, '7895742235260', 15.5, 4, 'Arco estetico niti m 0.12', '\r', '5 und', 863, 170),
(1776, '7895742235291', 15.5, 3, 'Arco estetico niti m 0.14', '\r', '5 und', 863, 170),
(1777, '7895742235307', 15.5, 3, 'Arco estetico niti m 0.16', '\r', '5 und', 863, 170),
(1778, '7895742235314', 15.5, 5, 'Arco estetico niti m 0.18', '\r', '5 und', 863, 170),
(1779, '7895742235321', 15.5, 3, 'Arco estetico niti g 0.12', '\r', '5 und', 863, 170),
(1780, '7895742235338', 15.5, 2, 'Arco estetico niti g 0.14', '\r', '5 und', 863, 170),
(1781, '7895742235345', 15.5, 5, 'Arco estetico niti g 0.16', '\r', '5 und', 863, 170),
(1782, '7895742235352', 15.5, 5, 'Arco estetico niti g 0.18', '\r', '5 und', 863, 170),
(1783, '7895742235369', 21, 2, 'Arco estetico niti m 0.17 x 0.25', '\r', '5 und', 864, 170),
(1784, '7895742235376', 21, 6, 'Arco estetico niti g 0.17 x 0.25', '\r', '5 und', 864, 170),
(1785, '7895742235390', 21, 6, 'Arco estetico niti m 0.19 x 0.25', '\r', '5 und', 864, 170),
(1786, '7895742235406', 21, 6, 'Arco estetico niti g 0.19 x 0.25', '\r', '5 und', 864, 170),
(1787, '7895742240745', 31.5, 4, 'Arco copper niti superior 0.14', '\r', '10 und', 866, 170),
(1788, '7895742240752', 31.5, 3, 'Arco copper niti superior 0.16', '\r', '10 und', 866, 170),
(1789, '7895742240769', 31.5, 6, 'Arco copper niti superior 0.18', '\r', '10 und', 866, 170),
(1790, '7895742240776', 40.5, 9, 'Arco copper niti superior 0.14 x 0.25', '\r', '10 und', 867, 170),
(1791, '7895742240783', 40.5, 3, 'Arco copper niti superior 0.16 x 0.22', '\r', '10 und', 867, 170),
(1792, '7895742240790', 40.5, 6, 'Arco copper niti superior 0.17 x 0.25', '\r', '10 und', 867, 170),
(1793, '7895742240806', 40.5, 4, 'Arco copper niti superior 0.18 x 0.25', '\r', '10 und', 867, 170),
(1794, '7895742240813', 40.5, 3, 'Arco copper niti superior 0.19 x 0.25', '\r', '10 und', 867, 170),
(1795, '7895742240820', 31.5, 6, 'Arco copper niti inferior 0.14', '\r', '10 und', 866, 170),
(1796, '7895742240837', 31.5, 7, 'Arco copper niti inferior 0.16', '\r', '10 und', 866, 170),
(1797, '7895742240844', 31.5, 16, 'Arco copper niti inferior 0.18', '\r', '10 und', 866, 170),
(1798, '7895742240851', 40.5, 3, 'Arco copper niti inferior 0.14 x 0.25', '\r', '10 und', 867, 170),
(1799, '7895742240868', 40.5, 6, 'Arco copper niti inferior 0.16 x 0.22', '\r', '10 und', 867, 170),
(1800, '7895742240875', 40.5, 5, 'Arco copper niti inferior 0.17 x 0.25', '\r', '10 und', 866, 170),
(1801, '7895742240882', 40.5, 3, 'Arco copper niti inferior 0.18 x 0.25', '\r', '10 und', 867, 170),
(1802, '7895742240899', 40.5, 5, 'Arco copper niti inferior 0.19 x 0.25', '\r', '10 und', 867, 170),
(1803, '7895742242213', 71, 0, 'Reposicao autoligado ceramico roth sli peca 11 .022\"', 'Especial\r', '2 und', 997, 170),
(1804, '7895742242282', 71, 0, 'Reposicao autoligado ceramico roth sli peca 14/15 .022\"', 'Espesial 2\r', '2 und', 997, 170),
(1805, '7895742242305', 71, 0, 'Reposicao autoligado ceramico roth sli  peca 31/ 32/ 41/42 .022\"', 'Espesial 2\r', '2 und', 997, 170),
(1806, '7895742242336', 595, 6, 'Braquetes autoligado ceramico roth interativo sli .022\"', '\r', '10 caso', 771, 170),
(1807, '7895742242596', 36.5, 1, 'Reposicao autoligado metalico roth slp peca 11 .022\"', '\r', '5 und', 997, 170),
(1808, '7895742242602', 36.5, 1, 'Reposicao autoligado metalico roth slp peca 21 .022\"', '\r', '5 und', 997, 170),
(1809, '7895742242619', 36.5, 1, 'Reposicao autoligado metalico roth slp peca 12 .022\"', '\r', '5 und', 997, 170),
(1810, '7895742242657', 36.5, 1, 'Reposicao autoligado metalico roth slp peca 22 .022\"', '\r', '5 und', 997, 170),
(1811, '7895742242664', 36.5, 1, 'Reposicao autoligado metalico roth slp peca 13 .022\"', '\r', '5 und', 997, 170),
(1812, '7895742242671', 36.5, 1, 'Reposicao autoligado metalico roth slp peca 23 .022\"', '\r', '5 und', 997, 170),
(1813, '7895742242695', 36.5, 2, 'Reposicao autoligado metalico roth slp peca 24/25 .022\"', '\r', '5 und', 1003, 170),
(1814, '7895742242718', 36.5, 1, 'Reposicao autoligado metalico roth slp peca 43 .022\"', '\r', '5 und', 997, 170),
(1815, '7895742242725', 36.5, 1, 'Reposicao autoligado metalico roth slp peca 33 .022\"', '\r', '5 und', 997, 170),
(1816, '7895742242732', 36.5, 1, 'Reposicao autoligado metalico roth slp peca 44 .022\"', '\r', '5 und', 997, 170),
(1817, '7895742242749', 36.5, 1, 'Reposicao autoligado metalico roth slp peca 34 .022\"', '\r', '5 und', 997, 170),
(1818, '7895742242756', 36.5, 1, 'Reposicao autoligado metalico roth slp peca 45 .022\"', '\r', '5 und', 997, 170),
(1819, '7895742242763', 36.5, 1, 'Reposicao autoligado metalico roth slp peca 35 .022\"', '\r', '5 und', 997, 170),
(1820, '7895742242794', 145, 16, 'Braquetes autoligado metalico roth pasivo slp .022\"', '\r', '1 caso', 766, 170),
(1821, '7895742243142', 32, 2, 'Cursor mesializador curto superior esquerdo e inferior direito', '\r', '5 und', 1004, 170),
(1822, '7895742243173', 32, 2, 'Cursor mesializador curto superior esquerdo e inferior direito', '\r', '5 und', 1004, 170),
(1823, '7895742243180', 32, 1, 'Cursor mesializador medio superior esquerdo e inferior direido', '\r', '5 und', 1004, 170),
(1824, '7895742243197', 32, 1, 'Cursor mesializador medio superior direito e inferior esquerdo', '\r', '5 und', 1004, 170),
(1825, '7895742243203', 32, 2, 'Cursor mesializador longo superior esquerda e inferior direito', '\r', '5 und', 1004, 170),
(1826, '7895742243210', 32, 2, 'Cursor mesializador longo superior direito e inferior esqerdo', '\r', '5 und', 1004, 170),
(1827, '7895742244224', 36, 0, 'Kit de arcos intraorais para autoligado', '\r', 'kit', 1005, 170),
(1828, '7895742245757', 50, 8, 'Grampo ponta bola 0.8mm', '\r', '50 und', 965, 170),
(1829, '7895742246310', 100, 3, 'Broca em zirconia multilamina', 'Especial\r', '5 und', 1006, 170),
(1830, '7895742246327', 55, 2, 'Ponta descartavel para polimento', '\r', '20 und', 1006, 170),
(1831, '7895742246679', 30, 1, 'Reposicao safiro roth polysafira peca 11 .022\"', '\r', '2 und', 768, 170),
(1832, '7895742246693', 30, 1, 'Reposicao safiro roth polysafira peca 21 .022\"', '\r', '2 und', 768, 170),
(1833, '7895742246709', 30, 1, 'Reposicao safiro roth polysafira peca 12 .022\"', '\r', '2 und', 768, 170),
(1834, '7895742246716', 30, 1, 'Reposicao safiro roth polysafira peca 22 .022\"', '\r', '2 und', 768, 170),
(1835, '7895742246723', 30, 1, 'Reposicao safiro roth polysafira peca 13 .022\"', '\r', '2 und', 768, 170),
(1836, '7895742246730', 30, 2, 'Reposicao safiro roth polysafira peca 23 .022\"', '\r', '2 und', 768, 170),
(1837, '7895742246747', 30, 2, 'Reposicao safiro roth polysafira peca 15/14/24/25 .022\"', '\r', '2 und', 768, 170),
(1838, '7895742246754', 30, 2, 'Reposicao safiro roth polysafira peca 31/32/41/42 .022\"', '\r', '2 und', 768, 170),
(1839, '7895742246761', 30, 1, 'Reposicao safiro roth polysafira peca 33 .022\"', '\r', '2 und', 768, 170),
(1840, '7895742246778', 30, 1, 'Reposicao safiro roth polysafira peca 43 .022\"', '\r', '2 und', 768, 170),
(1841, '7895742246785', 30, 1, 'Reposicao safiro roth polysafira peca 34/44 .022\"', '\r', '2 und', 768, 170),
(1842, '7895742246792', 30, 1, 'Reposicao safiro roth polysafira peca 35/45 .022\"', '\r', '2 und', 768, 170),
(1843, '7895742246921', 300, 4, 'Braquete safiro roth polysafira .022\"', '\r', '1caso', 769, 170),
(1844, '7895742248451', 68.5, 2, 'Resina orthobond plus', '\r', '4 g', 752, 170),
(1845, '7895742250409', 6.5, 8, 'Ligadura bengalinha uva cristal', 'Uva cristal\r', '1000 und', 945, 170),
(1846, '7895742250416', 9, 1, 'Ligadura modular uva cristal', 'Uva cristal\r', '1000 und', 744, 170),
(1847, '7895742250423', 10, 2, 'Elastico corrente curto uva cristal', 'Uva cristal\r', '1.5 m', 745, 170),
(1848, '7895742250430', 10, 6, 'Elastico corrente medio uva cristal', 'Uva cristal\r', '1.5 m', 745, 170),
(1849, '7895742250447', 10, 2, 'Elastico corrente longo uva cristal', 'Uva cristal\r', '1.5 m', 745, 170),
(1850, '7895742252786', 30, 1, 'Miniparafuso cabeca de braquete horario 1.5 x 6mm transmucosa 1mm', 'Especial\r', '1 und', 987, 170),
(1851, '7895742253196', 30, 2, 'Miniparafuso cabeca de braquete anti-horario 1.5 x 6mm transmucosa 1mm', 'Especial\r', '1 und', 987, 170),
(1852, '7895742253202', 30, 1, 'Miniparafuso cabeca de braquete horario 1.5 x 8mm transmucosa 1mm', 'Especial\r', '1 und', 987, 170),
(1853, '7895742253219', 30, 3, 'Miniparafuso cabeca de braquete anti-horario 1.5 x 8mm transmucosa 1mm', 'Especial\r', '1 und', 987, 170),
(1854, '7895742253622', 8, 1, 'Protetor de fio cor azul (spaghetti) .022\"', '\r', '1.5 m', 983, 170),
(1855, '7895742253646', 8, 1, 'Protetor de fio cor pink (spaghetti) .022\"', '\r', '1.5 m', 983, 170),
(1856, '7895742259457', 18, 2, 'Chave hexagonal haste media', '\r', '1 und', 991, 170),
(1857, '7896030773891', 250, 0, 'Pistola dispensadora  universal', '\r', '1 und', 1007, 146),
(1858, '7896036520093', 75.2, 19, 'Cimento dual master a2 +  brinde try in', '\r', '5 g', 833, 146),
(1859, '7896261360006', 18, 6, 'Babador descartavel cor branco', '\r', '100 und', 1008, 146),
(1860, '7896261360020', 18, 0, 'Babador descartavel cor azul', '\r', '100 und', 1008, 146),
(1861, '7896261360037', 18, 2, 'Babador descartavel cor rosa', '\r', '100 und', 1008, 146),
(1862, '7896261360044', 18, 0, 'Babador descartavel cor verde', '\r', '100 und', 1008, 146),
(1863, '7896261360051', 18, 26, 'Babador descartavel cor misto', '\r', '100 und', 1008, 146),
(1864, '7896261370708', 45, 7, 'Ionomero de vidro para cimentacao auto bioglass c', '\r', '15g po+10ml liq', 1009, 146),
(1865, '7896261370715', 45, 14, 'Ionomero restauracao de vidro auto bioglass cor a3', '\r', '10g po + 8ml', 748, 146),
(1866, '7896261370722', 45, 13, 'Ionomero de vidro auto forrador  bioglass', '\r', '10g  po + 8ml lip', 747, 146),
(1867, '7896261370739', 130, 12, 'Ionomero de vidro foto forrador ionofast', '\r', '5 g', 747, 146),
(1868, '7896261370746', 70, 13, 'Ionomero de vidro foto forrador ionofast', '\r', '2,5g', 747, 146),
(1869, '7896261371156', 24.9, 15, 'Cimento provisorio com iodoformio hydropast', '\r', '2,5 g', 924, 146),
(1870, '7896261371194', 13, 40, 'Obturador provisorio sem eugenol fill temp', '\r', '25 g', 1010, 146),
(1871, '7896261371361', 32.2, 0, 'Cimento endodontico grossman pulp fill', '\r', '1 po 12g + 10ml.', 1011, 146),
(1872, '7896261371569', 120, 6, 'Cimento endodontico n-rickert kit', '\r', '10g de Po e 10ml Liq', 919, 146),
(1873, '7896261371606', 75, 14, 'Cimento provisorio provitemp', '\r', '2,5g Base / 2,5g cat', 924, 146),
(1874, '7896261371712', 30.2, 13, 'Cimento forrador de hidroxido de calcio foto biocall cor dentina', '\r', '2 g', 1012, 146),
(1875, '7896261371729', 30.2, 10, 'Cimento forrador de hidroxido de calcio foto biocall cor branco', '\r', '2g', 1012, 146),
(1876, '7896261371736', 27, 13, 'Protetor de braquetes foto orthoprotect', '\r', '2.5g', 909, 146),
(1877, '7896261372221', 14.7, 5, 'Acido fluoridrico 10%', '\r', '1 seringa 4g', 1013, 146),
(1878, '7896261372245', 6, 42, 'Acido fosforico 37%', '\r', '3 Seringas 3g cada', 921, 146),
(1879, '7896261372269', 35, 18, 'Silano', '\r', '5ml.', 1014, 146),
(1880, '7896261372290', 19.6, 1, 'Barreira gengival foto biodam azul', '\r', '1 seringa 2g', 1015, 146),
(1881, '7896261372528', 8, 18, 'Clareador claridex evolution 22%', '\r', '1 seringa 3g', 1016, 146),
(1882, '7896261372801', 20, 6, 'Fio retrator retraflex n?00', '\r', '250 cm', 1017, 146),
(1883, '7896261372818', 20, 9, 'Fio retrator retraflex n?0', '\r', '250 cm', 1017, 146),
(1884, '7896261372825', 20, 13, 'Fio retrator retraflex n?', '\r', '250 cm', 1017, 146),
(1885, '7896261374065', 33.5, 13, 'Evidenciador de carie evicarie', '\r', '10 ml', 1018, 146),
(1886, '7896261374225', 11, 4, 'Bicarbonato de sodio 200g', '\r', '200g', 793, 146),
(1887, '7896261374249', 18, 28, 'Bicarbonato de sodio 500g', '\r', '500g', 793, 146),
(1888, '7896261374959', 29, 6, 'Selante bioseal foto', '\r', '1 frasco com 5mL', 1019, 146),
(1889, '7896261374966', 24, 3, 'Selante bioseal foto', '\r', '1 Seringa 2,5g', 1019, 146),
(1890, '7896261375017', 37, 4, 'Curativo alveolar com propolis alveolex', '\r', '2 seringas com 3g', 1020, 146),
(1891, '7896261375055', 28, 10, 'Cariostatico cariestop 12%', '\r', '10ml', 1021, 146),
(1892, '7896261375154', 7.3, 10, 'Edta trissodico liquido', '\r', '20 ml', 1022, 146),
(1893, '7896261375451', 19, 15, 'Hemostatico hemostank', '\r', '10 ml', 1023, 146),
(1894, '7896261375505', 35, 10, 'Hemostatico retractve', '\r', '1 seringa com 2,5g', 1024, 146),
(1895, '7896261375604', 39.7, 22, 'Iodoformio', '\r', '10 g', 1025, 146),
(1896, '7896261376007', 9.2, 7, 'Paramonoclorofenol canforado', '\r', '20 ml', 1025, 146),
(1897, '7896261376311', 21.8, 3, 'Solvente de guta percha citrol', '\r', '10ml', 1026, 146),
(1898, '7896261376328', 16.15, 1, 'Clorhexidina gel 2% clorexoral', '\r', '2 Seringas de 3g', 1027, 146),
(1899, '7896261376335', 26.9, 7, 'Clorhexidina solucao 2%', '\r', '200L', 1028, 146),
(1900, '7896261376366', 21.5, 11, 'Pasta endo ptc', '\r', '25 g', 1025, 146),
(1901, '7896261377059', 45, 19, 'Adesivo para braquetes foto biofix de brinde orthotec', '\r', '1seringa 4g+1acido', 752, 146),
(1902, '7896261377080', 50, 6, 'Dessensibilizante ghf', '\r', '3g', 1029, 146),
(1903, '7896261377103', 62, 14, 'Restaurador provisorio bioplic + 3 acido fosforico 37% de brinde', '\r', '2 seringas, 2g', 924, 146),
(1904, '7896261377219', 20, 7, 'Adesivo universal master bond d.e', '\r', '5ml', 1030, 146),
(1905, '7896261377264', 19.9, 12, 'Adesivo universal master bond d.e', '\r', '4 ml', 1030, 146),
(1906, '7896261377318', 15, 8, 'Resina master flow cor a2', '\r', '1 seringa com 2g', 915, 146),
(1907, '7896261377349', 15, 8, 'Resina master flow cor b1', '\r', '1 seringa com 2g', 915, 146),
(1908, '7896261377356', 15, 7, 'Resina master flow cor b2', '\r', '1 seringa com 2g', 915, 146),
(1909, '7896261377424', 20, 5, 'Resina master fill cor a2 + beinde  clareador claridex 16%', '\r', '1 seringa com 4g', 750, 146),
(1910, '7896261377431', 20, 9, 'Resina master fill cor a3 + beinde  clareador claridex 16%', '\r', '1 seringa com 4g', 750, 146),
(1911, '7896261377448', 20, 14, 'Resina master fill cor a3.5 + beinde  clareador claridex 16%', '\r', '1 seringa com 4g', 750, 146),
(1912, '7896261378308', 200, 6, 'Resina bisacrilica proviplast cor a1', '\r', '1Cartucho 70g+Pontas', 1031, 146),
(1913, '7896261378315', 200, 6, 'Resina bisacrilica proviplast cor a2', '\r', '1Cartucho 70g+Pontas', 1031, 146),
(1914, '7896261378322', 200, 7, 'Resina bisacrilica proviplast cor a3', '\r', '1Cartucho 70g+Pontas', 1031, 146),
(1915, '7897908002471', 5.3, 11, 'Ponta diamantada fg 1342', '\r', '1 und', 749, 171),
(1916, '7897908008343', 5.3, 2, 'Ponta diamantada fg 4137', '\r', '1 und', 749, 172),
(1917, '7897990300165', 65, 1, 'Disco feltro polimax kit', '\r', '12 und surt+ mandril', 1032, 173),
(1918, '7897990301353', 49, 1, 'Disco de lixa surtido 16mm', '\r', '50 und', 1033, 173),
(1919, '7897990302145', 33, 1, 'Cunha de madeira anatomica colorida sortida', '\r', '100 und', 1034, 173),
(1920, '7897990302312', 187, 1, 'Arco de serra e lixa kit microcut', '\r', '', 1035, 173),
(1921, '7897990306174', 49, 1, 'Disco de lixa surtido 19mm', '\r', '50 und', 1036, 173),
(1922, '7897990306945', 33, 1, 'Cunha elastica sortida', '\r', '25 und', 1037, 173),
(1923, '7897990308024', 55, 1, 'Fita de aco cinta profilatica', '\r', '10fitas  d aco 100mm', 1035, 173),
(1924, '7897990308888', 7, 2, 'Fita banda matriz de poliester', '\r', '50 und 10cm', 1038, 173),
(1925, '7897990309939', 54, 1, 'Pasta de polimento diamond gloss', '\r', '1 seringa com 2g', 1039, 173),
(1926, '7897990310003', 135, 2, 'Pincel de silicone esthetic plus', '\r', '2 cabos + 8 pontas', 1040, 173),
(1927, '7897990311284', 190, 2, 'Instrumento contact + gold', '\r', '2 und', 1041, 173),
(1928, '7897990313684', 29, 2, 'Fita para isolamento isotape', '\r', '5 m', 1041, 173),
(1929, '7897990316036', 35, 2, 'Resina acrilica auto orto po amarelo fluorescente', '\r', '80 g', 1042, 173),
(1930, '7897990316043', 38, 2, 'Resina acrilica auto orto po azul fluorescente', '\r', '80 g', 1042, 173),
(1931, '7897990316050', 35, 2, 'Resina acrilica auto orto po verde fluorescente', '\r', '80 g', 1042, 173),
(1932, '7897990316067', 35, 2, 'Resina acrilica auto orto po pink fluorescente', '\r', '80 g', 1042, 173),
(1933, '7897990316074', 35, 2, 'Resina acrilica auto orto po incolor', '\r', '80 g', 1042, 173),
(1934, '7897990316081', 35, 2, 'Resina acrilica auto orto po azul', '\r', '80 g', 1042, 173),
(1935, '7897990316098', 35, 2, 'Resina acrilica auto orto po amarelo', '\r', '80 g', 1042, 173),
(1936, '7897990316104', 35, 1, 'Resina acrilica auto orto po vermelho', '\r', '80 g', 1042, 173),
(1937, '7897990316630', 21, 2, 'Resina acrilica auto orto liquido incolor', '\r', '120 ml', 1042, 173),
(1938, '7897990316739', 14, 2, 'Resina acrilica auto orto liquido incolor', '\r', '50 ml', 1042, 173),
(1939, '7897990325274', 49, 4, 'Tira de lixa diamantada diamond strip sortida', '\r', '2.5mm com 12und', 1035, 173),
(1940, '7897990325298', 49, 4, 'Tira de lixa diamantada diamond strip media', '\r', '12tiras2,5mmx110mm', 1035, 173),
(1941, '7897990326615', 199, 1, 'Kit de martiz unimatrix r', '\r', '1Grampo+4Protetores', 1043, 173),
(1942, '7897990330025', 179, 1, 'Disco de lixa praxis kit', '\r', '60 und surt+Mandril', 1036, 173),
(1943, '7897990330278', 49, 1, 'Disco de lixa surtido 12mm', '\r', '50 und', 1036, 173),
(1944, '7897990330421', 54, 1, 'Pasta de polimento poligloss', '\r', '1 seringa com 3g', 1039, 173),
(1945, '7897990330438', 32, 1, 'Disco de feltro 12mm', '\r', '12 und', 1032, 173),
(1946, '7897990330445', 32, 1, 'Disco de feltro 8mm', '\r', '12 und', 1032, 173),
(1947, '7897990330537', 49, 4, 'Tira de lixa diamantada diamond strip fina', '\r', '12tiras2,5mmx110mm', 1035, 173),
(1948, '7897990341045', 38, 2, 'Cunha reflexiva surtida', '\r', '20 und', 1037, 173),
(1949, '7897990341274', 49, 2, 'Fita preformada de poliester para pre-molar', '\r', '20 und', 1038, 173),
(1950, '7897990341281', 49, 2, 'Fita preformada de poliester para molar', '\r', '20 und', 1038, 173),
(1951, '7897990341465', 47, 2, 'Fita banda matriz de poliester', '\r', 'Rolo 10mmx0,05mmx15m', 1038, 173),
(1952, '7897990341519', 190, 1, 'Coroa transparente anteriores', '\r', '64 und', 1044, 173),
(1953, '7897990341526', 190, 3, 'Coroa transparente posteriores', '\r', '64 und', 1044, 173),
(1954, '7897990341533', 190, 3, 'Coroa transparente decidos', '\r', '64 und', 1044, 173),
(1955, '7897990342011', 91, 2, 'Instrumento para condensacao de resina fotoplus', '\r', '2 und', 1041, 173),
(1956, '7897990342103', 105, 2, 'Matriz cervical', '\r', '10Matrizes 2Intrumto', 1045, 173),
(1957, '7897990349522', 148, 1, 'Cunha de madeira anatomica colorida sortida', '\r', '500 und', 1034, 173),
(1958, '7897990349577', 30, 2, 'Cunha de madeira natural surtida', '\r', '100 und', 1034, 173),
(1959, '7898060520032', 68, 59, 'Anestesico lidostesim 3% com vaso', '\r', '50 und', 922, 174),
(1960, '7898078650387', 50, 8, 'Pino de fibra de vidro exacto n?.5 sem broca', '\r', '5 und', 911, 175),
(1961, '7898078650493', 13.5, 67, 'Pincel aplicador aplik regular verde', '\r', '100 und', 1046, 175),
(1962, '7898078650516', 13.5, 4, 'Pincel aplicador aplik fino azul', '\r', '100 und', 1046, 175),
(1963, '7898078650530', 13.5, 24, 'Pincel aplicador aplik extrafino branco', '\r', '100 und', 1046, 175),
(1964, '7898078650714', 19, 15, 'Limas k 15-40 21mm', '\r', '6 und', 1047, 175),
(1965, '7898078650721', 19, 9, 'Limas k 15-40 25mm', '\r', '6 und', 1047, 175),
(1966, '7898078650745', 19, 8, 'Limas h 15-40 21mm', '\r', '6 und', 1048, 175),
(1967, '7898078650752', 19, 6, 'Limas h 15-40 25mm', '\r', '6 und', 1048, 175),
(1968, '7898078650851', 19, 21, 'Limas k 15 21mm', '\r', '6 und', 1047, 175),
(1969, '7898078650875', 19, 19, 'Limas k 25 21mm', '\r', '6 und', 1047, 175),
(1970, '7898078650882', 19, 6, 'Limas k 30 21mm', '\r', '6 und', 1047, 175),
(1971, '7898078650912', 19, 20, 'Limas k 15 25mm', '\r', '6 und', 1047, 175),
(1972, '7898078650929', 19, 7, 'Limas k 20 25mm', '\r', '6 und', 1047, 175),
(1973, '7898078650936', 19, 19, 'Limas k 25 25mm', '\r', '6 und', 1047, 175),
(1974, '7898078650943', 19, 6, 'Limas k 30 25mm', '\r', '6 und', 1047, 175),
(1975, '7898078650974', 50, 5, 'Luva para carpule jacarezinho', '\r', '3 und', 1049, 175),
(1976, '7898078651384', 19, 10, 'Limas h 15 21mm', '\r', '6 und', 1048, 175),
(1977, '7898078651391', 19, 10, 'Limas h 20 21mm', '\r', '6 und', 1048, 175),
(1978, '7898078651407', 19, 9, 'Limas h 25 21mm', '\r', '6 und', 1048, 175),
(1979, '7898078651414', 19, 10, 'Limas h 30 21mm', '\r', '6 und', 1048, 175),
(1980, '7898078651445', 19, 7, 'Limas h 15 25mm', '\r', '6 und', 1048, 175),
(1981, '7898078651476', 19, 8, 'Limas h 30 25mm', '\r', '6 und', 1048, 175),
(1982, '7898078651629', 15, 8, 'Broca largo n?', '\r', '1 und', 1050, 175),
(1983, '7898078651643', 15, 6, 'Broca largo n?', '\r', '1 und', 1050, 175),
(1984, '7898078651667', 15, 10, 'Broca largo n?', '\r', '1 und', 1050, 175),
(1985, '7898078652107', 49.5, 4, 'Moldeira perfurada total autoclavavel kit', '\r', '3 sup+3inf+2parciais', 1051, 175),
(1986, '7898078652183', 9, 18, 'Moldeiras autoclavaveis parciais', '\r', '2 und', 1052, 175),
(1987, '7898078652190', 10, 3, 'Moldeira autoclavavel s1 + i1', '\r', '2 und', 976, 175),
(1988, '7898078652503', 50, 4, 'Moldeira moldex sortido', '\r', '12 und', 1053, 175),
(1989, '7898078652534', 15, 9, 'Sugador flex suctor kids', '\r', '30 und', 1054, 175),
(1990, '7898078652541', 6.5, 47, 'Acido fosforico 37%', '\r', '3 seringas 3 ml', 921, 175),
(1991, '7898078652596', 19, 24, 'Limas k 45-80 21mm', '\r', '6 und', 1047, 175),
(1992, '7898078652633', 19, 6, 'Limas k 45-80 25mm', '\r', '6 und', 1047, 175),
(1993, '7898078652671', 13.75, 6, 'Limas h 45-80 21mm', '\r', '6 und', 1048, 175),
(1994, '7898078652688', 19, 10, 'Limas h 45-80 25mm', '\r', '6 und', 1048, 175),
(1995, '7898078652862', 250, 0, 'Kit para confeccao de pino anatomico', '\r', 'Kit', 1055, 175),
(1996, '7898078653142', 22, 5, 'Sugador endodontico suctor', '\r', '10 und+10 endo tips', 1056, 175),
(1997, '7898078653227', 17, 43, 'Placa soft 1mm quadrada', '\r', '5 und', 1057, 175),
(1998, '7898078653319', 35, 0, 'Clareador clariant office peroxido de hidrogenio 35%', '\r', '1 seringa', 1058, 175),
(1999, '7898078653500', 13, 3, 'Arco de ostby', '\r', '1 und', 1059, 175),
(2000, '7898078653708', 12, 10, 'Amarrilho para isolamento', '\r', '24 und', 1060, 175),
(2001, '7898078654835', 175, 17, 'Fibra de vidro trancada interlig', '\r', '3 und de 8,5cm', 1061, 175),
(2002, '7898078655009', 35, 0, 'Pino para moldagem pinjet', '\r', '50 und', 1055, 175),
(2003, '7898078655399', 29, 2, 'Resina endo dam', '\r', '2 g', 1060, 175),
(2004, '7898078655429', 35, 5, 'Contra angulo kids descartavel', '\r', '12 und', 1049, 175),
(2005, '7898078655436', 20, 9, 'Caixa para aparelhos removiveis', '\r', '10 und', 1062, 175),
(2006, '7898078655528', 20, 25, 'Papel carbono contacto arcada', '\r', '12 und', 1063, 175),
(2007, '7898078655603', 6.5, 62, 'Papel carbono contacto paper dupla face azul e vermelho', '\r', '12 und', 1064, 175),
(2008, '7898078655610', 17, 9, 'Papel carbono nhac! marcou', '\r', '50 und', 1064, 175),
(2009, '7898078655672', 27, 2, 'Anel dappen', '\r', '2 und', 1065, 175),
(2010, '7898078655870', 15, 3, 'Quebra habito', '\r', '12 und', 1066, 175),
(2011, '7898078655979', 28, 5, 'Descanso de boca', '\r', '2 und', 1067, 175),
(2012, '7898078655986', 25, 0, 'Molderira para fluor kit', '\r', 'Kit com 8P,8M,8G', 1068, 175),
(2013, '7898078655993', 25, 0, 'Molderira para fluor tamanho p', '\r', '2 und', 1068, 175),
(2014, '7898078656501', 48, 13, 'Lima pediatrica h 15-40 17mm', 'Especial\r', '6 und', 1069, 175),
(2015, '7898078656525', 10, 8, 'Album porta dentinhos verde', '\r', '1 und', 1070, 175),
(2016, '7898078656549', 32, 13, 'Espacador 15-40 21mm', '\r', '6 und', 1071, 175),
(2017, '7898078656662', 10, 8, 'Album porta dentinhos rosa', '\r', '1 und', 1070, 175),
(2018, '7898078656679', 10, 10, 'Album porta dentinhos laranja', '\r', '1 und', 1070, 175),
(2019, '7898078657010', 25, 0, 'Stop de silicone cursor 1mm', '\r', '100 und', 1072, 175),
(2020, '7898078657188', 15, 8, 'Broca gates n? 32mm', '\r', '1 und', 1073, 175),
(2021, '7898078657195', 15, 9, 'Broca gates n? 32mm', '\r', '1 und', 1073, 175),
(2022, '7898078657218', 60, 8, 'Pino de fibra de vidro reforpost n?', '\r', '5 und', 911, 175),
(2023, '7898078657225', 60, 15, 'Pino de fibra de vidro reforpost n?', '\r', '5 und', 911, 175),
(2024, '7898078657232', 60, 4, 'Pino de fibra de vidro reforpost n? sem broca', '\r', '5 und', 911, 175),
(2025, '7898078657249', 170, 3, 'Pinos de fibra de vidro reforpost mini kit', 'Especial\r', 'Kit 15 und', 911, 175),
(2026, '7898078657294', 15, 13, 'Broca gates n? 32mm', '\r', '1 und', 1073, 175),
(2027, '7898078657393', 18, 6, 'Evidenciador de placa', '\r', '10 ml', 1074, 175),
(2028, '7898078657515', 46, 0, 'Pino metalico intra-radicular reforpost n?', '\r', '5 und', 1075, 175),
(2029, '7898078657522', 46, 2, 'Pino metalico intra-radicular reforpost n?', '\r', '5 und', 1075, 175),
(2030, '7898078657591', 45, 0, 'Chave para reforpost', 'Especial\r', '1 und', 1076, 175),
(2031, '7898078657782', 10, 10, 'Album porta dentinhos azul', '\r', '1 und', 1070, 175),
(2032, '7898078657966', 45, 3, 'Pino de fibra de vidro reforpin', '\r', '10 und', 911, 175),
(2033, '7898078658000', 35, 5, 'Tamborel de apoio endometric cinza', '\r', '1 und + 30 apoio', 1077, 175),
(2034, '7898078658116', 42, 4, 'Ponta de aspiracao endo tips 0,014', '\r', '20 und', 1078, 175),
(2035, '7898078658277', 85, 7, 'Cimento  endodontico mta fillapex', '\r', '1 seringa de 4g', 1011, 175),
(2036, '7898078658543', 178, 2, 'Regua calibradora intermedium', '\r', '1 und', 1079, 175),
(2037, '7898078659847', 259, 1, 'Cimento bioceramico bio c repair', 'Espesial 2\r', '1 seringa 0,5g', 919, 175),
(2038, '7898078659854', 110, 3, 'Pino de fibra de vidro splendor - sap kit', 'Especial\r', 'kit 5 pinos+Broca', 911, 175),
(2039, '7898078691571', 50, 13, 'Pino de fibra de vidro exacto n? sem broca', '\r', '5 und', 911, 175),
(2040, '7898078691670', 50, 6, 'Pino de fibra de vidro exacto n? sem broca', '\r', '5 und', 911, 175),
(2041, '7898078691779', 50, 0, 'Pino de fibra de vidro exacto n? sem broca', '\r', '5 und', 911, 175),
(2042, '7898093125006', 18.5, 6, 'Algodao hidrofilo', '\r', '500 g', 1080, 176),
(2043, '7898125710026', 19, 0, 'Compressa de gaze nao estereis 11 fiios', '\r', '500 und', 1081, 177),
(2044, '7898142583498', 750, 0, 'Articulador 4000-s com arco e estojo', '\r', '1 und', 1082, 178),
(2045, '7898142584716', 790, 0, 'Fotopolimerizador biolux', '\r', '1 und', 1083, 178),
(2046, '7898142585034', 1400, 0, 'Plastificadora p7 com anel rotativo 220v', '\r', '1 und', 1084, 178),
(2047, '7898142585119', 39, 9, 'Placa soft 3mm quadrada cor azul', '\r', '5 und', 1057, 178),
(2048, '7898142585133', 39, 8, 'Placa soft 3mm quadrada cor pink', '\r', '5 und', 1057, 178),
(2049, '7898142585157', 39, 7, 'Placa soft 3mm quadrada cor verde', '\r', '5 und', 1057, 178),
(2050, '7898142585171', 39, 9, 'Placa soft 3mm quadrada cor preto', '\r', '5 und', 1057, 178),
(2051, '7898142585232', 39, 9, 'Placa soft 3mm quadrada cor branco', '\r', '5 und', 1057, 178),
(2052, '7898142585386', 49, 7, 'Placa soft 4mm quadrada', '\r', '5 und', 1057, 178),
(2053, '7898142586581', 20, 39, 'Placa cristal quadrada 1 mm', '\r', '5 und', 1085, 178),
(2054, '7898142586604', 27, 0, 'Placa cristal quadrada 1.5 mm', '\r', '5 und', 1085, 178),
(2055, '7898142586628', 32, 32, 'Placa cristal quadrada 2 mm', '\r', '5 und', 1085, 178),
(2056, '7898142586703', 39, 9, 'Placa soft 3mm quadrada', '\r', '5 und', 1057, 178),
(2057, '7898142587045', 190, 1, 'Lupa branca 3.5x', '\r', '1 und', 1086, 178),
(2058, '7898142587076', 250, 1, 'Verticulador', '\r', '1 und', 1082, 178),
(2059, '7898142588134', 190, 1, 'Lupa branca 2.5x', '\r', '1 und', 1086, 178),
(2060, '7898142588745', 270, 1, 'Moldeira perfurada inox dentada', '\r', 'kit 8 und', 1087, 178),
(2061, '789818167051', 7, 9, 'Solucao clorada hipoclorito 2,5%', '\r', '1 litro', 1088, 179),
(2062, '7898229800012', 5.3, 10, 'Ponta diamantada fg 1011', '\r', '1 und', 749, 171),
(2063, '7898229800036', 5.3, 5, 'Ponta diamantada fg 1012', '\r', '1 und', 749, 171),
(2064, '7898229800050', 5.3, 6, 'Ponta diamantada fg 1013', '\r', '1 und', 749, 171),
(2065, '7898229800074', 5.3, 0, 'Ponta diamantada fg 1014', '\r', '1 und', 749, 171),
(2066, '7898229800098', 5.3, 0, 'Ponta diamantada fg 1015', '\r', '1 und', 749, 171),
(2067, '7898229800111', 5.3, 0, 'Ponta diamantada fg 1016', '\r', '1 und', 749, 171),
(2068, '7898229800197', 5.3, 1, 'Ponta diamantada fg 1019', '\r', '1 und', 749, 171),
(2069, '7898229800210', 5.3, 7, 'Ponta diamantada fg 1022', '\r', '1 und', 749, 171),
(2070, '7898229800258', 5.3, 8, 'Ponta diamantada fg 1024', '\r', '1 und', 749, 171),
(2071, '7898229800272', 5.3, 6, 'Ponta diamantada fg 3017hl', '\r', '1 und', 749, 171),
(2072, '7898229800296', 5.3, 4, 'Ponta diamantada fg 3018hl', '\r', '1 und', 749, 171),
(2073, '7898229800319', 5.3, 7, 'Ponta diamantada fg 1031', '\r', '1 und', 749, 171),
(2074, '7898229800333', 5.3, 14, 'Ponta diamantada fg 1032', '\r', '1 und', 749, 171),
(2075, '7898229800357', 5.3, 9, 'Ponta diamantada fg 1033', '\r', '1 und', 749, 171),
(2076, '7898229800371', 5.3, 7, 'Ponta diamantada fg 1034', '\r', '1 und', 749, 171),
(2077, '7898229800418', 5.3, 13, 'Ponta diamantada fg 1036', '\r', '1 und', 749, 171),
(2078, '7898229800449', 5.3, 0, 'Ponta diamantada fg 1017g', '\r', '1 und', 749, 171),
(2079, '7898229800456', 5.3, 16, 'Ponta diamantada fg 1042', '\r', '1 und', 749, 171),
(2080, '7898229800494', 5.3, 15, 'Ponta diamantada fg 1045', '\r', '1 und', 749, 171),
(2081, '7898229800555', 5.3, 17, 'Ponta diamantada fg 1151', '\r', '1 und', 749, 171),
(2082, '7898229800579', 5.3, 14, 'Ponta diamantada fg 1153', '\r', '1 und', 749, 171),
(2083, '7898229800609', 5.3, 1, 'Ponta diamantada fg 1018', '\r', '1 und', 749, 171),
(2084, '7898229800616', 5.3, 3, 'Ponta diamantada fg 1061', '\r', '1 und', 749, 171),
(2085, '7898229800630', 5.3, 13, 'Ponta diamantada fg 1062', '\r', '1 und', 749, 171),
(2086, '7898229800647', 5.3, 0, 'Ponta diamantada fg 4115', '\r', '1 und', 749, 171),
(2087, '7898229800654', 5.3, 15, 'Ponta diamantada fg 1063', '\r', '1 und', 749, 171),
(2088, '7898229800678', 5.3, 2, 'Ponta diamantada fg 1065', '\r', '1 und', 749, 171),
(2089, '7898229800692', 5.3, 9, 'Ponta diamantada fg 1066', '\r', '1 und', 749, 171),
(2090, '7898229800739', 5.3, 4, 'Ponta diamantada fg 2067', '\r', '1 und', 749, 171),
(2091, '7898229800791', 5.3, 6, 'Ponta diamantada fg 3069', '\r', '1 und', 749, 171),
(2092, '7898229800814', 5.3, 8, 'Ponta diamantada fg 3070', '\r', '1 und', 749, 171),
(2093, '7898229800852', 5.3, 11, 'Ponta diamantada fg 3071', '\r', '1 und', 749, 171),
(2094, '7898229800876', 5.3, 1, 'Ponta diamantada fg 4072', '\r', '1 und', 749, 171),
(2095, '7898229800890', 5.3, 6, 'Ponta diamantada fg 4072g/c', '\r', '1 und', 749, 171),
(2096, '7898229800951', 5.3, 10, 'Ponta diamantada fg 3145', '\r', '1 und', 749, 171),
(2097, '7898229800999', 5.3, 23, 'Ponta diamantada fg 1090', '\r', '1 und', 749, 171),
(2098, '7898229801019', 5.3, 19, 'Ponta diamantada fg 1091', '\r', '1 und', 749, 171),
(2099, '7898229801033', 5.3, 12, 'Ponta diamantada fg 1092', '\r', '1 und', 749, 171),
(2100, '7898229801057', 5.3, 26, 'Ponta diamantada fg 1093', '\r', '1 und', 749, 171),
(2101, '7898229801071', 5.3, 17, 'Ponta diamantada fg 1093f', '\r', '1 und', 749, 171),
(2102, '7898229801095', 5.3, 19, 'Ponta diamantada fg 1093ff', '\r', '1 und', 749, 171),
(2103, '7898229801118', 5.3, 13, 'Ponta diamantada fg 1094', '\r', '1 und', 749, 171),
(2104, '7898229801149', 5.3, 11, 'Ponta diamantada fg 2131', '\r', '1 und', 749, 171),
(2105, '7898229801156', 5.3, 9, 'Ponta diamantada fg 1095', '\r', '1 und', 749, 171),
(2106, '7898229801170', 5.3, 2, 'Ponta diamantada fg 2096', '\r', '1 und', 749, 171),
(2107, '7898229801194', 5.3, 8, 'Ponta diamantada fg 3097', '\r', '1 und', 749, 171),
(2108, '7898229801217', 5.3, 5, 'Ponta diamantada fg 3098', '\r', '1 und', 749, 171),
(2109, '7898229801231', 5.3, 8, 'Ponta diamantada fg 3099', '\r', '1 und', 749, 171),
(2110, '7898229801255', 5.3, 0, 'Ponta diamantada fg 3101', '\r', '1 und', 749, 171),
(2111, '7898229801279', 5.3, 6, 'Ponta diamantada fg 4102', '\r', '1 und', 749, 171),
(2112, '7898229801316', 5.3, 11, 'Ponta diamantada fg 4123', '\r', '1 und', 749, 171),
(2113, '7898229801392', 5.3, 5, 'Ponta diamantada fg 3215', '\r', '1 und', 749, 171),
(2114, '7898229801415', 5.3, 6, 'Ponta diamantada fg 3216', '\r', '1 und', 749, 171),
(2115, '7898229801453', 5.3, 3, 'Ponta diamantada fg 4230', '\r', '1 und', 1089, 171),
(2116, '7898229801477', 5.3, 14, 'Ponta diamantada fg 1112', '\r', '1 und', 749, 171),
(2117, '7898229801484', 5.3, 10, 'Ponta diamantada fg 2130', '\r', '1 und', 749, 171),
(2118, '7898229801491', 5.3, 2, 'Ponta diamantada fg 1112f', '\r', '1 und', 749, 171),
(2119, '7898229801514', 5.3, 8, 'Ponta diamantada fg 1112ff', '\r', '1 und', 749, 171),
(2120, '7898229801538', 5.3, 26, 'Ponta diamantada fg 1190', '\r', '1 und', 749, 171),
(2121, '7898229801552', 5.3, 1, 'Ponta diamantada fg 1190f', '\r', '1 und', 749, 171),
(2122, '7898229801576', 5.3, 2, 'Ponta diamantada fg 1190ff', '\r', '1 und', 749, 171),
(2123, '7898229801606', 5.3, 15, 'Ponta diamantada fg 3016hl', '\r', '1 und', 749, 171),
(2124, '7898229801651', 5.3, 5, 'Ponta diamantada fg 2200', '\r', '1 und', 749, 171),
(2125, '7898229801668', 5.3, 9, 'Ponta diamantada fg 2200f', '\r', '1 und', 749, 171),
(2126, '7898229801675', 5.3, 1, 'Ponta diamantada fg 3113', '\r', '1 und', 749, 171),
(2127, '7898229801699', 5.3, 9, 'Ponta diamantada fg 3193', '\r', '1 und', 749, 171),
(2128, '7898229801712', 5.3, 11, 'Ponta diamantada fg 3195', '\r', '1 und', 749, 171),
(2129, '7898229801750', 5.3, 6, 'Ponta diamantada fg 3195ff', '\r', '1 und', 749, 171),
(2130, '7898229801774', 5.3, 12, 'Ponta diamantada fg 3203', '\r', '1 und', 749, 171),
(2131, '7898229801798', 5.3, 8, 'Ponta diamantada fg 3205', '\r', '1 und', 749, 171),
(2132, '7898229801811', 5.3, 9, 'Ponta diamantada fg 3227', '\r', '1 und', 1089, 171),
(2133, '7898229801835', 5.3, 12, 'Ponta diamantada fg 2082', '\r', '1 und', 749, 171),
(2134, '7898229801859', 5.3, 4, 'Ponta diamantada fg 3083', '\r', '1 und', 1090, 171),
(2135, '7898229801897', 5.3, 23, 'Ponta diamantada fg 2134', '\r', '1 und', 749, 171),
(2136, '7898229801910', 5.3, 5, 'Ponta diamantada fg 2135', '\r', '1 und', 749, 171),
(2137, '7898229801934', 5.3, 12, 'Ponta diamantada fg 2135f', '\r', '1 und', 749, 171),
(2138, '7898229801958', 5.3, 5, 'Ponta diamantada fg 2135ff', '\r', '1 und', 1089, 171),
(2139, '7898229801996', 5.3, 5, 'Ponta diamantada fg 3228', '\r', '1 und', 749, 171),
(2140, '7898229802009', 5.3, 7, 'Ponta diamantada fg 4138ff', '\r', '1 und', 749, 171),
(2141, '7898229802016', 5.3, 0, 'Ponta diamantada fg 4138', '\r', '1 und', 749, 171),
(2142, '7898229802023', 5.3, 3, 'Ponta diamantada fg 4138f', '\r', '1 und', 749, 171),
(2143, '7898229802092', 5.3, 11, 'Ponta diamantada fg 1111', '\r', '1 und', 749, 171),
(2144, '7898229802108', 5.3, 7, 'Ponta diamantada fg 1111ff', '\r', '1 und', 749, 171),
(2145, '7898229802115', 5.3, 5, 'Ponta diamantada fg 3118', '\r', '1 und', 749, 171),
(2146, '7898229802139', 5.3, 1, 'Ponta diamantada fg 3118f', '\r', '1 und', 749, 171),
(2147, '7898229802146', 5.3, 6, 'Ponta diamantada fg 4217', '\r', '1 und', 1089, 171),
(2148, '7898229802153', 5.3, 0, 'Ponta diamantada fg 3118ff', '\r', '1 und', 749, 171),
(2149, '7898229802177', 5.3, 9, 'Ponta diamantada fg 3168', '\r', '1 und', 749, 171),
(2150, '7898229802207', 5.3, 14, 'Ponta diamantada fg 4114', '\r', '1 und', 749, 171),
(2151, '7898229802214', 5.3, 46, 'Ponta diamantada fg 3168ff', '\r', '1 und', 749, 171),
(2152, '7898229802221', 5.3, 9, 'Ponta diamantada fg 4114c/g', '\r', '1 und', 749, 171),
(2153, '7898229802238', 5.3, 10, 'Ponta diamantada fg 1051', '\r', '1 und', 749, 171),
(2154, '7898229802290', 5.3, 9, 'Ponta diamantada fg 3053', '\r', '1 und', 749, 171);
INSERT INTO `produto` (`id_produto`, `barcode`, `preco`, `estoque`, `especificacao`, `tipo`, `embalagem`, `id_subgrupo`, `id_marca`) VALUES
(2155, '7898229802306', 5.3, 10, 'Ponta diamantada fg 4135', '\r', '1 und', 749, 171),
(2156, '7898229802313', 5.3, 5, 'Ponta diamantada fg 3054', '\r', '1 und', 749, 171),
(2157, '7898229802351', 5.3, 8, 'Ponta diamantada fg 3213', '\r', '1 und', 749, 171),
(2158, '7898229802368', 5.3, 10, 'Ponta diamantada fg 3139ff', '\r', '1 und', 749, 171),
(2159, '7898229802399', 5.3, 3, 'Ponta diamantada fg 1302', '\r', '1 und', 749, 171),
(2160, '7898229802412', 5.3, 16, 'Ponta diamantada fg 1312', '\r', '1 und', 749, 171),
(2161, '7898229802436', 5.3, 29, 'Ponta diamantada fg 1320', '\r', '1 und', 749, 171),
(2162, '7898229802450', 5.3, 15, 'Ponta diamantada fg 1332', '\r', '1 und', 749, 171),
(2163, '7898229802474', 5.3, 19, 'Ponta diamantada fg 1333', '\r', '1 und', 749, 171),
(2164, '7898229802498', 5.3, 19, 'Ponta diamantada fg 1342', '\r', '1 und', 749, 171),
(2165, '7898229802511', 5.3, 8, 'Ponta diamantada fg 1343', '\r', '1 und', 749, 171),
(2166, '7898229802535', 5.3, 10, 'Ponta diamantada fg 4141', '\r', '1 und', 749, 171),
(2167, '7898229802542', 5.3, 0, 'Ponta diamantada fg 1016g/c', '\r', '1 und', 749, 171),
(2168, '7898229802559', 5.3, 4, 'Ponta diamantada fg 3100', '\r', '1 und', 749, 171),
(2169, '7898229802566', 5.3, 4, 'Ponta diamantada fg 1195ff', '\r', '1 und', 1089, 171),
(2170, '7898229802573', 5.3, 14, 'Ponta diamantada fg 4142', '\r', '1 und', 749, 171),
(2171, '7898229802580', 5.3, 18, 'Ponta diamantada fg 1064', '\r', '1 und', 749, 171),
(2172, '7898229802610', 5.3, 8, 'Ponta diamantada fg 1141', '\r', '1 und', 749, 171),
(2173, '7898229802627', 5.3, 19, 'Ponta diamantada fg 2121', '\r', '1 und', 749, 171),
(2174, '7898229802641', 5.3, 2, 'Ponta diamantada fg 4103', '\r', '1 und', 749, 171),
(2175, '7898229802665', 5.3, 5, 'Ponta diamantada fg 4137', '\r', '1 und', 749, 171),
(2176, '7898229802689', 5.3, 6, 'Ponta diamantada fg 1111f', '\r', '1 und', 749, 171),
(2177, '7898229802702', 5.3, 6, 'Ponta diamantada fg 1052', '\r', '1 und', 749, 171),
(2178, '7898229802726', 5.3, 42, 'Ponta diamantada fg 2133', '\r', '1 und', 749, 171),
(2179, '7898229802740', 5.3, 12, 'Ponta diamantada fg 3131', '\r', '1 und', 749, 171),
(2180, '7898229802771', 5.3, 8, 'Ponta diamantada fg 2137', '\r', '1 und', 749, 171),
(2181, '7898229802801', 5.3, 8, 'Ponta diamantada fg 2137f', '\r', '1 und', 1090, 171),
(2182, '7898229802818', 5.3, 12, 'Ponta diamantada fg 3207', '\r', '1 und', 749, 171),
(2183, '7898229802894', 5.3, 12, 'Ponta diamantada fg 2133f', '\r', '1 und', 749, 171),
(2184, '7898229802900', 5.3, 14, 'Ponta diamantada fg 2133ff', '\r', '1 und', 749, 171),
(2185, '7898229802931', 5.3, 4, 'Ponta diamantada fg 2202', '\r', '1 und', 749, 171),
(2186, '7898229803358', 3.2, 100, 'Taca de borracha', '\r', '1 und', 1091, 171),
(2187, '7898229803426', 5.3, 0, 'Ponta diamantada fg 1012hl', '\r', '1 und', 749, 171),
(2188, '7898229803433', 5.3, 1, 'Ponta diamantada fg 1014hl', '\r', '1 und', 749, 171),
(2189, '7898229803440', 15, 9, 'Mandril adaptador para contra angulo', 'Especial\r', '1', 1092, 171),
(2190, '7898229803457', 4, 32, 'Mandril ca mini', '\r', '1 und', 1092, 171),
(2191, '7898229803471', 4, 10, 'Mandril ca', '\r', '1 und', 1092, 171),
(2192, '7898229803556', 5.3, 0, 'Ponta diamantada fg 1017', '\r', '1 und', 749, 171),
(2193, '7898229803563', 5.3, 7, 'Ponta diamantada fg 1096', '\r', '1 und', 749, 171),
(2194, '7898229803600', 5.3, 4, 'Ponta diamantada fg 4217c/g', '\r', '1 und', 749, 171),
(2195, '7898229804416', 17, 2, 'Broca carbide endo-z', 'Especial\r', '1 und', 1093, 171),
(2196, '7898229804584', 8.5, 11, 'Broca carbide fg1/2', '\r', '1 und', 1093, 171),
(2197, '7898229804607', 8.5, 11, 'Broca carbide fg01', '\r', '1 und', 1093, 171),
(2198, '7898229804614', 9, 10, 'Broca carbide fg 02', '\r', '1 und', 1093, 171),
(2199, '7898229804683', 8.5, 15, 'Broca carbide fg33 1/2', '\r', '1 und', 1093, 171),
(2200, '7898229804690', 8.5, 17, 'Broca carbide fg34', '\r', '1 und', 1093, 171),
(2201, '7898229804706', 8.5, 11, 'Broca carbide fg35', '\r', '1 und', 1093, 171),
(2202, '7898229804744', 28, 9, 'Broca carbide fg57', '\r', '1 und', 1093, 171),
(2203, '7898229804850', 8.5, 11, 'Broca carbide fg330', '\r', '1 und', 1093, 171),
(2204, '7898229804881', 8.5, 17, 'Broca carbide fg556', '\r', '1 und', 1093, 171),
(2205, '7898229804997', 8.5, 18, 'Broca carbide fg957', '\r', '1 und', 1093, 171),
(2206, '7898229805031', 8.5, 5, 'Broca carbide fg0os02', '\r', '1 und', 1093, 171),
(2207, '7898229805505', 28, 9, 'Broca carbide fg7801', '\r', '1 und', 1093, 171),
(2208, '7898229805536', 8.5, 12, 'Broca carbide fg 7902f', '\r', '1 und', 1093, 171),
(2209, '7898229805666', 28, 6, 'Broca carbide fg9214', '\r', '1 und', 1093, 171),
(2210, '7898229809428', 40, 10, 'Kit pontas diamantadas polidont', '\r', '24 und+ mandril', 1036, 171),
(2211, '7898229809626', 59, 2, 'Kit pontas diamantadas polidont', '\r', '24und+mandril', 1036, 171),
(2212, '7898229809824', 5.3, 6, 'Ponta diamantada fg 3146', '\r', '1 und', 749, 171),
(2213, '7898229809916', 5.3, 11, 'Ponta diamantada fg 4116', '\r', '1 und', 749, 171),
(2214, '7898229810240', 5.3, 2, 'Ponta diamantada fg 3082', '\r', '1 und', 749, 171),
(2215, '7898229810349', 2.5, 23, 'Banda matriz metalica 0,05 x 7 mm', '\r', '50cm', 1043, 171),
(2216, '7898229810578', 15, 33, 'Tira de lixa resina 4 mm', '\r', '150 und', 905, 171),
(2217, '7898229810660', 12, 0, 'Tira de lixa aco 4 mm', '\r', '12 und', 1035, 171),
(2218, '7898229810677', 14, 128, 'Tira de lixa aco 6 mm', '\r', '12 und', 1035, 171),
(2219, '7898229810776', 26, 10, 'Tiras de aco colmeia diamantada 4mm', '\r', '10 und', 1094, 171),
(2220, '7898229811247', 2.5, 24, 'Banda matriz metalica 0,05 x 5 mm', '\r', '50cm', 1043, 171),
(2221, '7898229812305', 5.3, 1, 'Ponta diamantada fg 2200ff', '\r', '1 und', 749, 171),
(2222, '7898229813173', 5.3, 6, 'Ponta diamantada fg 3200', '\r', '1 und', 749, 171),
(2223, '7898229814422', 5.3, 4, 'Ponta diamantada fg 3112', '\r', '1 und', 1090, 171),
(2224, '7898229815108', 5.3, 0, 'Ponta diamantada fg 3195f', '\r', '1 und', 749, 171),
(2225, '7898229819670', 30, 35, 'Tira aco diamondo serrilhada 2.5mm fina', '\r', '10 und', 1095, 171),
(2226, '7898229819885', 38, 16, 'Kit de acabamento e polimento poligloss', 'Especial\r', '18 und+mandril', 1096, 171),
(2227, '7898229820171', 5.3, 7, 'Ponta diamantada fg 3117', '\r', '1 und', 749, 171),
(2228, '7898229820898', 5.3, 1, 'Ponta diamantada fg 1016hl', '\r', '1 und', 749, 171),
(2229, '7898229822816', 25, 24, 'Kit mini polimento de resina', 'Espesial 2\r', 'kit 6 und', 1096, 171),
(2230, '7898229823844', 38, 47, 'Kit polimento de resina rapido', 'Espesial 3\r', 'Kit 8 und', 1096, 171),
(2231, '7898229823851', 45, 25, 'Kit completo polimento de resina', '\r', 'kit 12 und', 1097, 171),
(2232, '7898229824827', 2.5, 251, 'Escova robinson copa reta branca', '\r', '1 und', 1098, 171),
(2233, '7898229833881', 1299, 0, 'Ultrassom odontologico advance 1', '\r', '1 und', 1099, 171),
(2234, '7898229838589', 499, 5, 'Fotoplimerizador bluestar cor preto', '\r', '1 und', 1083, 171),
(2235, '7898254941896', 60, 2, 'Esponja hemospon standard 80', '\r', '80x50x10 mm 1und', 916, 151),
(2236, '7898254941902', 60, 3, 'Esponja hemospon standard 70', '\r', '70x50x10 mm 1und', 916, 151),
(2237, '7898254941919', 70, 2, 'Esponja hemospon size 100', '\r', '125x80x10mm 1und', 916, 151),
(2238, '7898254941933', 39.9, 13, 'Esponja hemospon', 'Espesial 2\r', '1x1 cm 10und', 916, 151),
(2239, '7898254945856', 79, 6, 'Esponja hemospon cote', 'Especial\r', '1 und', 916, 151),
(2240, '7898309969950', 4.5, 33, 'Fita para autoclave', 'Especial\r', '1 und 19mmx30m.', 787, 159),
(2241, '7898428908243', 42, 3, 'Broca de contra angulo para remocao', '\r', '1 und', 1006, 148),
(2242, '7898433200189', 15, 17, 'Avental manga longa pacote', '\r', '10 und', 1100, 159),
(2243, '7898433202299', 15, 16, 'Prope', '\r', '100 und', 1101, 159),
(2244, '7898433202565', 8.5, 29, 'Touca descartavel sanfonada', '\r', '1 und', 1102, 159),
(2245, '7898440510189', 7.5, 2, 'Espatula para gesso inox cabo de madera', '\r', '1 und', 1103, 180),
(2246, '7898440510875', 49, 3, 'Articulador nylon tipo garfo com mola', '\r', '1 und', 1082, 180),
(2247, '7898440511407', 170, 0, 'Dentes de resina', 'Especial\r', 'kit', 1104, 180),
(2248, '7898440511537', 43, 1, 'Placa base fina marrron', '\r', '20 und', 1105, 180),
(2249, '7898440511544', 43, 3, 'Placa base grossa marrron', '\r', '20 und', 1105, 180),
(2250, '7898440511742', 110, 0, 'Mufla de latao com pino n?', '\r', '1 und', 1106, 180),
(2251, '7898440512039', 170, 0, 'Macarico blaster', '\r', '1 und', 1107, 180),
(2252, '7898440512398', 5, 0, 'Colfadura individual para rio x', '\r', '1 und', 839, 180),
(2253, '7898440512718', 2.75, 220, 'Zolacdor pastico  tamanho grande', '\r', 'kit', 1108, 180),
(2254, '7898440512770', 30, 1, 'Mufla de latao com parafuso meia lua', 'Espesial 2\r', '1 und', 1106, 180),
(2255, '7898440513685', 129, 0, 'Mufla de latao com parafuso n*6', 'Especial\r', '1 und', 1106, 180),
(2256, '7898440514354', 2.75, 145, 'Zolacdor pastico tamanho medio', '\r', 'Kit', 1108, 180),
(2257, '7898440516617', 35, 1, 'Base de cera n?', 'Espesial 2\r', '1 und', 1104, 180),
(2258, '7898440516808', 150, 0, 'Typodont metal', '\r', '1 und', 1104, 180),
(2259, '7898440516822', 82, 1, 'Articulador tecnica bimler', '\r', '1 und', 1082, 180),
(2260, '7898440517928', 5.5, 18, 'Fio de latao 0.50mm', '\r', '3 m', 1109, 180),
(2261, '7898440518437', 10.9, 1, 'Lecron', '\r', '1 und', 1110, 180),
(2262, '7898440518987', 39, 0, 'Porta algodao limpo de aluminio', '\r', '1 und', 1111, 180),
(2263, '7898440519656', 9, 6, 'Prendedor jacare corrente bichinhos', '\r', '1 und', 1112, 180),
(2264, '7898457640022', 170, 0, 'Camara escura para revelado sem iluminacao', '\r', '1 und', 1113, 160),
(2265, '7898457640053', 650, 1, 'Eliminadora de bolhas pnumatica 4.5l', '\r', '1 und', 1114, 160),
(2266, '7898457640350', 350, 0, 'Microjato gold line', '\r', '1 und', 1115, 160),
(2267, '7898457640404', 45, 1, 'Oxido aluminio branco 50 microns', '\r', '1 kg', 1116, 160),
(2268, '7898457640411', 45, 1, 'Oxido aluminio branco 125 microns', '\r', '1 kg', 1117, 160),
(2269, '7898457642019', 260, 0, 'Vibradora de gesso vibramaxx', '\r', '1 und', 1118, 160),
(2270, '7898457642040', 890, 1, 'Macarico gold line', '\r', '1 und', 1107, 160),
(2271, '7898457642071', 990, 3, 'Plastificadora a vacuo com motor', '\r', '1 und', 1084, 160),
(2272, '7898457642279', 200, 2, 'Seladora selamaxx', '\r', '1 und', 838, 160),
(2273, '7898457642354', 799, 1, 'Solda ponto soldamaxx', '\r', '1 und', 1119, 160),
(2274, '7898457646239', 1695, 0, 'Bijato precision', '\r', '1 und', 1115, 160),
(2275, '7898457646550', 45, 1, 'Oxido aluminio branco 90 microns', '\r', '1 kg', 1116, 160),
(2276, '7898457647069', 1350, 0, 'Prensa hidraulica maxx 2', '\r', '1 und', 1120, 160),
(2277, '7898475420095', 52, 4, 'Seringa carpule com refluxo cor rosa', '\r', '1 und', 1121, 156),
(2278, '7898475420187', 52, 6, 'Seringa carpule com refluxo cor roxa', '\r', '1 und', 1121, 156),
(2279, '7898475420217', 250, 0, 'Alicate corte distal master', '\r', '1 und', 1122, 156),
(2280, '7898475420231', 290, 0, 'Alicate corte amarrilho master', '\r', '1 und', 1123, 156),
(2281, '7898475420286', 16, 11, 'Colocador de elastique azul lados diferente', '\r', '1 und', 936, 156),
(2282, '7898475421627', 10, 6, 'Espatula 24 st', '\r', '1 und', 1124, 156),
(2283, '7898475421924', 9.5, 0, 'Sonda exploradora n05 st', '\r', '1 und', 1125, 156),
(2284, '7898475422129', 10.5, 5, 'Espatula lecron', '\r', '1 und', 1110, 156),
(2285, '7898475422297', 16, 12, 'Colocador de elastique rosa lados iguais', '\r', '1 und', 936, 156),
(2286, '7898475422679', 85, 3, 'Alicate 001 nance', '\r', '1 und', 889, 156),
(2287, '7898475422716', 85, 3, 'Alicate 053 meia cana', '\r', '1 und', 890, 156),
(2288, '7898475422730', 85, 5, 'Alicate 074 young', '\r', '1 und', 891, 156),
(2289, '7898475422808', 90, 6, 'Alicate 109 de la rosa com mola', '\r', '1 und', 873, 156),
(2290, '7898475422815', 85, 5, 'Alicate 110 how reto', '\r', '1 und', 874, 156),
(2291, '7898475422822', 85, 3, 'Alicate 111 how curvo', '\r', '1 und', 875, 156),
(2292, '7898475422839', 85, 3, 'Alicate 114 jonson conformador de bandas', '\r', '1 und', 1126, 156),
(2293, '7898475422853', 85, 2, 'Alicate 120 weingart', '\r', '1 und', 881, 156),
(2294, '7898475422907', 85, 5, 'Alicate 139 angle', '\r', '1 und', 876, 156),
(2295, '7898475422969', 85, 2, 'Alicate 158 formar amarrilho', '\r', '1 und', 877, 156),
(2296, '7898475423065', 85, 1, 'Alicate 346 r removedor de braquete reto', '\r', '1 und', 892, 156),
(2297, '7898475423072', 85, 5, 'Alicate 346 c removedor de braquete curvo', '\r', '1 und', 883, 156),
(2298, '7898475423089', 85, 5, 'Alicate 347 removedor de banda', '\r', '1 und', 884, 156),
(2299, '7898475423133', 90, 3, 'Alicate 350 tweed omega loop estriado', '\r', '1 und', 1127, 156),
(2300, '7898475423164', 90, 3, 'Alicate 410 atkinson para barra palatina', '\r', '1 und', 887, 156),
(2301, '7898475423171', 90, 4, 'Alicate 442 c tweed retangular curto', '\r', '1 und', 888, 156),
(2302, '7898475423300', 250, 15, 'Alicate corte amarrilho premiun', '\r', '1 und', 1128, 156),
(2303, '7898475423317', 250, 11, 'Alicate corte distal gold', '\r', '1 und', 1129, 156),
(2304, '7898475423324', 90, 6, 'Alicate gancho bola', '\r', '1 und', 893, 156),
(2305, '7898475423331', 90, 4, 'Alicate jaraback', '\r', '1 und', 1130, 156),
(2306, '7898475423393', 205, 4, 'Alicate 400 w torque individual com chave', '\r', '1 und', 886, 156),
(2307, '7898475423454', 53, 10, 'Porta agulha mathieu 10 cm', '\r', '1 und', 894, 156),
(2308, '7898475423461', 53, 11, 'Porta agulha mathieu 14 cm', '\r', '1 und', 894, 156),
(2309, '7898475423539', 13, 14, 'Colocador de elastique metal lados diferntes', '\r', '1 und', 936, 156),
(2310, '7898475424185', 35, 5, 'Tesoura ouro curva', '\r', '1 und', 1131, 156),
(2311, '7898475424406', 35, 16, 'Pinca auxiliar de sutura 12cm', '\r', '1 und', 1132, 156),
(2312, '7898475424567', 69, 1, 'Pinca palmer', '\r', '1 und', 1133, 156),
(2313, '7898475424758', 19.5, 11, 'Pinca para braquetes', '\r', '1 und', 895, 156),
(2314, '7898475424932', 25, 12, 'Pinca para tubos', '\r', '1 und', 896, 156),
(2315, '7898475424956', 70, 1, 'Jogo de alavanca seldin adulto', 'Especial\r', 'kit 3 und', 1134, 156),
(2316, '7898475424970', 70, 2, 'Jogo de alavanca seldin infantil', '\r', 'kit 3 und', 1134, 156),
(2317, '7898475424987', 70, 2, 'Jogo de alavanca apical adulto', 'Espacial 4\r', 'kit 3 und', 1135, 156),
(2318, '7898475425007', 70, 0, 'Jogo de alavanca apical infantil', 'Espacial 4\r', 'kit 3 un', 1135, 156),
(2319, '7898475425038', 70, 1, 'Jogo de alavanca heidbrink', 'Espesial 3\r', 'kit 3 un', 1134, 156),
(2320, '7898475425205', 75, 3, 'Porta alicate inox sem tampa', '\r', '1 und', 798, 156),
(2321, '7898475425250', 49, 10, 'Espatula de thompson n?4', 'Espesial 2\r', '1 und', 1136, 156),
(2322, '7898475425267', 49, 3, 'Espatula de thompson n?5', 'Especial\r', '1 und', 1137, 156),
(2323, '7898475425540', 79, 2, 'Jogo de alavanca apexo', 'Especial 5\r', 'kit 3 und', 1134, 156),
(2324, '7898475425618', 26, 0, 'Sugador de sangue metalico curvo', '\r', '1 und', 1138, 156),
(2325, '7898475425854', 300, 0, 'Espelho para foto inox kit', '\r', '3 und', 1139, 156),
(2326, '7898475425861', 110, 1, 'Espelho para foto oclusal redondo inox', '\r', '1 und', 1139, 156),
(2327, '7898475425878', 135, 5, 'Espelho para foto sub lingual inox', '\r', '1 und', 1139, 156),
(2328, '7898475425915', 135, 4, 'Espelho para foto lateral inox', '\r', '1 und', 1139, 156),
(2329, '7898475426080', 85, 4, 'Porta agulha mathieu com furo para ligadura 14 cm', '\r', '1 und', 1140, 156),
(2330, '7898475426219', 65, 0, 'Sugador com desentupidor 19 cm', '\r', '1 und', 1138, 156),
(2331, '7898475426509', 29, 9, 'Pinca mosquito reta', '\r', '1 und', 1141, 156),
(2332, '7898475427483', 4.5, 270, 'Espelho clinico', '\r', '1 und', 1142, 156),
(2333, '7898475427629', 42, 0, 'Seringa carpule com refluxo', '\r', '1 und', 1121, 156),
(2334, '7898475427636', 52, 4, 'Seringa carpule com refluxo cor azul', '\r', '1 und', 1121, 156),
(2335, '7898475428404', 47, 4, 'Descolador prichard n?3', '\r', '1 und', 1143, 156),
(2336, '7898475429425', 8.5, 4, 'Sputnik dobrador de amarrilho', '\r', '1 und', 899, 156),
(2337, '7898475429463', 14, 7, 'Dobrador de fio na distal fechado', '\r', '1 und', 970, 156),
(2338, '7898475429494', 13, 11, 'Colocador de elastique metal lado iguais', '\r', '1 und', 936, 156),
(2339, '7898475429883', 49, 7, 'Espatula de thompson n?1', 'Especial 5\r', '1 und', 1136, 156),
(2340, '7898475430124', 49, 4, 'Espatula de thompson n?2', 'Espacial 4\r', '1 und', 1136, 156),
(2341, '7898475430131', 49, 7, 'Espatula de thompson n?3', 'Espesial 3\r', '1 und', 1136, 156),
(2342, '7898475430179', 49, 0, 'Espatula de thompson n?7', '\r', '1 und', 1136, 156),
(2343, '7898475430483', 16, 15, 'Colocador de elastique azul lados iguais', '\r', '1 und', 936, 156),
(2344, '7898475431145', 99, 8, 'Alicate removedor de braquete ceramico', '\r', '1 und', 1144, 156),
(2345, '7898475431992', 14.5, 8, 'Bandeja rosa autoclavavel 10,5cm x 22,5 cm', '\r', '1 und', 1145, 156),
(2346, '7898475432005', 15.5, 9, 'Bandeja cinza autoclavavel 12,5cm x 22,5 cm', '\r', '1 und', 1145, 156),
(2347, '7898475432029', 14.5, 7, 'Bandeja verde autoclavavel 10,5 cm x 22,5 cm', '\r', '1 und', 1146, 156),
(2348, '7898475432036', 14.5, 10, 'Bandeja cinza autoclavavel 10,5cm x 22,5 cm', '\r', '1 und', 1146, 156),
(2349, '7898475432043', 14.5, 8, 'Bandeja roxa autoclavavel 10,5 cm x 22,5 cm', '\r', '1 und', 1145, 156),
(2350, '7898475432050', 15.5, 8, 'Bandeja azul autoclavavel 12,5cm x 22,5 cm', '\r', '1 und', 1145, 156),
(2351, '7898475432067', 15.5, 10, 'Bandeja rosa autoclavavel 12,5 cm  x 22,5 cm', '\r', '1 und', 1146, 156),
(2352, '7898475432142', 15.5, 11, 'Bandeja roxa autoclavavel 12,5 cm x 22,5 cm', '\r', '1 und', 1145, 156),
(2353, '7898475432203', 15.5, 8, 'Bandeja verde autoclavavel 12,5 cm x 22,5 cm', '\r', '1 und', 1145, 156),
(2354, '7898475432340', 9, 9, 'Assentador de banda quadrado', '\r', '1 und', 897, 156),
(2355, '7898475432357', 9, 10, 'Assentador de banda triangular', '\r', '1 und', 897, 156),
(2356, '7898475432364', 9, 7, 'Assentador de banda triangular invertido', '\r', '1 und', 897, 156),
(2357, '7898475432531', 10.5, 0, 'Marcador de instrumento pink crisatal', '\r', '50 und', 819, 156),
(2358, '7898488900010', 10.5, 74, 'Arco niti superelastico superior 0.12', '\r', '10 und', 858, 148),
(2359, '7898488900027', 10.5, 78, 'Arco niti superelastico inferior 0.12', '\r', '10 und', 858, 148),
(2360, '7898488900034', 10.5, 42, 'Arco niti superelastico superior 0.14', '\r', '10 und', 858, 148),
(2361, '7898488900041', 10.5, 41, 'Arco niti superelastico inferior 0.14', '\r', '10 und', 858, 148),
(2362, '7898488900058', 10.5, 78, 'Arco niti superelastico superior 0.16', '\r', '10 und', 858, 148),
(2363, '7898488900065', 10.5, 54, 'Arco niti superelastico inferior 0.16', '\r', '10 und', 858, 148),
(2364, '7898488900072', 10.5, 64, 'Arco niti superelastico superior 0.18', '\r', '10 und', 858, 148),
(2365, '7898488900089', 10.5, 55, 'Arco niti superelastico inferior 0.18', '\r', '10 und', 858, 148),
(2366, '7898488900096', 10.5, 52, 'Arco niti superelastico superior 0.20', '\r', '10 und', 858, 148),
(2367, '7898488900102', 10.5, 48, 'Arco niti superelastico inferior 0.20', '\r', '10 und', 858, 148),
(2368, '7898488900119', 18, 19, 'Arco niti superelastico superior 0.16 x 0.16', '\r', '10 und', 859, 148),
(2369, '7898488900126', 18, 13, 'Arco niti superelastico inferior 0.16 x 0.16', '\r', '10 und', 859, 148),
(2370, '7898488900133', 18, 22, 'Arco niti superelastico superior 0.16 x 0.22', '\r', '10 und', 859, 148),
(2371, '7898488900140', 18, 20, 'Arco niti superelastico inferior 0.16 x 0.22', '\r', '10 und', 859, 148),
(2372, '7898488900157', 18, 23, 'Arco niti superelastico superior 0.17 x 0.25', '\r', '10 und', 859, 148),
(2373, '7898488900164', 18, 27, 'Arco niti superelastico inferior 0.17 x 0.25', '\r', '10 und', 859, 148),
(2374, '7898488900171', 18, 8, 'Arco niti superelastico superior 0.18 x 0.25', '\r', '10 und', 859, 148),
(2375, '7898488900188', 18, 27, 'Arco niti superelastico inferior 0.18 x 0.25', '\r', '10 und', 859, 148),
(2376, '7898488900195', 18, 26, 'Arco niti superelastico superior 0.19 x 0.25', '\r', '10 und', 859, 148),
(2377, '7898488900201', 18, 23, 'Arco niti superelastico inferior 0.19 x 0.25', '\r', '10 und', 859, 148),
(2378, '7898488900232', 10.5, 31, 'Arco niti termo superior 0.12', '\r', '10 und', 860, 148),
(2379, '7898488900249', 10.5, 35, 'Arco niti termo inferior 0.12', '\r', '10 und', 860, 148),
(2380, '7898488900256', 10.5, 35, 'Arco niti termo superior 0.14', '\r', '10 und', 860, 148),
(2381, '7898488900263', 10.5, 31, 'Arco niti termo inferior 0.14', '\r', '10 und', 860, 148),
(2382, '7898488900270', 10.5, 89, 'Arco niti termo superior 0.16', '\r', '10 und', 860, 148),
(2383, '7898488900287', 10.5, 116, 'Arco niti termo inferior 0.16', '\r', '10 und', 860, 148),
(2384, '7898488900294', 10.5, 87, 'Arco niti termo superior 0.18', '\r', '10 und', 860, 148),
(2385, '7898488900300', 10.5, 72, 'Arco niti termo inferior 0.18', '\r', '10 und', 860, 148),
(2386, '7898488900317', 10.5, 36, 'Arco niti termo superior 0.20', '\r', '10 und', 860, 148),
(2387, '7898488900324', 10.5, 48, 'Arco niti termo inferior 0.20', '\r', '10 und', 860, 148),
(2388, '7898488900331', 18, 32, 'Arco niti termo superior 0.16 x 0.16', '\r', '10 und', 861, 148),
(2389, '7898488900348', 18, 43, 'Arco niti termo inferior 0.16 x 0.16', '\r', '10 und', 861, 148),
(2390, '7898488900355', 18, 50, 'Arco niti termo superior 0.16 x 0.22', '\r', '10 und', 861, 148),
(2391, '7898488900362', 18, 44, 'Arco niti termo inferior 0.16 x 0.22', '\r', '10 und', 861, 148),
(2392, '7898488900379', 18, 29, 'Arco niti termo superior 0.17 x 0.25', '\r', '10 und', 861, 148),
(2393, '7898488900386', 18, 28, 'Arco niti termo inferior 0.17 x 0.25', '\r', '10 und', 861, 148),
(2394, '7898488900393', 18, 14, 'Arco niti termo superior 0.18 x 0.25', '\r', '10 und', 861, 148),
(2395, '7898488900409', 18, 14, 'Arco niti termo inferior 0.18 x 0.25', '\r', '10 und', 861, 148),
(2396, '7898488900416', 18, 37, 'Arco niti termo superior 0.19 x 0.25', '\r', '10 und', 861, 148),
(2397, '7898488900423', 18, 53, 'Arco niti termo inferior 0.19 x 0.25', '\r', '10 und', 861, 148),
(2398, '7898488900430', 18, 32, 'Arco niti termo superior 0.21 x 0.25', '\r', '10 und', 861, 148),
(2399, '7898488900447', 18, 31, 'Arco niti termo inferior 0.21 x 0.25', '\r', '10 und', 861, 148),
(2400, '7898488900669', 18, 6, 'Mola niti fechada 7mm', '\r', '4 und', 857, 148),
(2401, '7898488900676', 18, 4, 'Mola niti fechada 9mm', '\r', '4 und', 857, 148),
(2402, '7898488900683', 24, 37, 'Mola niti aberta', '\r', '3 und 18cm', 865, 148),
(2403, '7898488900713', 200, 5, 'Braquetes ceramico roth iceram .022\"', 'Roth \r', '1 caso', 770, 148),
(2404, '7898488900737', 220, 2, 'Braquetes ceramico mbt iceram .022\"', 'Roth \r', '1 caso', 770, 148),
(2405, '7898488901826', 11, 19, 'Arco aco superior 0.16 x 0.16', '\r', '10 und', 856, 148),
(2406, '7898488901833', 11, 25, 'Arco aco inferior 0.16 x 0.16', '\r', '10 und', 856, 148),
(2407, '7898488901840', 11, 21, 'Arco aco superior 0.16 x 0.22', '\r', '10 und', 856, 148),
(2408, '7898488901857', 11, 12, 'Arco aco inferior 0.16 x 0.22', '\r', '10 und', 856, 148),
(2409, '7898488901864', 11, 30, 'Arco aco inferior 0.17 x 0.25', '\r', '10 und', 856, 148),
(2410, '7898488901871', 11, 25, 'Arco aco superior 0.18 x 0.25', '\r', '10 und', 856, 148),
(2411, '7898488901888', 11, 17, 'Arco aco inferior 0.18 x 0.25', '\r', '10 und', 856, 148),
(2412, '7898488901895', 11, 28, 'Arco aco superior 0.19 x 0.25', '\r', '10 und', 856, 148),
(2413, '7898488901901', 11, 18, 'Arco aco superior 0.21 x 0.25', '\r', '10 und', 856, 148),
(2414, '7898488901918', 11, 40, 'Arco aco inferior 0.19 x 0.25', '\r', '10 und', 856, 148),
(2415, '7898488901925', 11, 15, 'Arco aco inferior 0.21 x 0.25', '\r', '10 und', 856, 148),
(2416, '7898488901932', 11, 14, 'Arco aco superior 0.17 x 0.25', '\r', '10 und', 856, 148),
(2417, '7898488902069', 9.1, 26, 'Arco aco superior 0.12', '\r', '10 und', 855, 148),
(2418, '7898488902076', 9.1, 29, 'Arco aco inferior 0.12', '\r', '10 und', 855, 148),
(2419, '7898488902083', 9.1, 29, 'Arco aco superior 0.14', '\r', '10 und', 855, 148),
(2420, '7898488902090', 9.1, 33, 'Arco aco inferior 0.14', '\r', '10 und', 855, 148),
(2421, '7898488902106', 9.1, 40, 'Arco aco superior 0.16', '\r', '10 und', 855, 148),
(2422, '7898488902113', 9.1, 42, 'Arco aco inferior 0.16', '\r', '10 und', 855, 148),
(2423, '7898488902120', 9.1, 19, 'Arco aco superior 0.18', '\r', '10 und', 855, 148),
(2424, '7898488902137', 9.1, 18, 'Arco aco inferior 0.18', '\r', '10 und', 855, 148),
(2425, '7898488902144', 9.1, 17, 'Arco aco superior 0.20', '\r', '10 und', 855, 148),
(2426, '7898488902151', 9.1, 16, 'Arco aco inferior 0.20', '\r', '10 und', 855, 148),
(2427, '7898488902625', 13, 2, 'Reposicao ceramico roth iceram peca 13 .022\"', '\r', '1 und', 763, 148),
(2428, '7898488902632', 13, 5, 'Reposicao ceramico roth iceram peca 12 .022\"', '\r', '1 und', 763, 148),
(2429, '7898488902656', 13, 5, 'Reposicao ceramico roth iceram peca 21 .022\"', '\r', '1 und', 763, 148),
(2430, '7898488902663', 13, 4, 'Reposicao ceramico roth iceram peca 22 .022\"', '\r', '1 und', 763, 148),
(2431, '7898488902670', 13, 4, 'Reposicao ceramico roth iceram peca 23 .022\"', '\r', '1 und', 763, 148),
(2432, '7898488902687', 13, 5, 'Reposicao ceramico roth iceram peca 15/14 .022\"', '\r', '1 und', 763, 148),
(2433, '7898488902694', 13, 1, 'Reposicao ceramico roth iceram peca 45 .022\"', '\r', '1 und', 763, 148),
(2434, '7898488902700', 13, 2, 'Reposicao ceramico roth iceram peca 44 .022\"', '\r', '1 und', 763, 148),
(2435, '7898488902717', 13, 2, 'Reposicao ceramico roth iceram peca 43 .022\"', '\r', '1 und', 763, 148),
(2436, '7898488902724', 13, 6, 'Reposicao ceramico roth iceram peca 31/32/41/42 .022\"', '\r', '1 und', 763, 148),
(2437, '7898488902731', 13, 2, 'Reposicao ceramico roth iceram peca 33 .022\"', '\r', '1 und', 763, 148),
(2438, '7898488902748', 13, 2, 'Reposicao ceramico roth iceram peca 34 .022\"', '\r', '1 und', 763, 148),
(2439, '7898488902755', 13, 2, 'Reposicao ceramico roth iceram peca 35 .022\"', '\r', '1 und', 763, 148),
(2440, '7898488903578', 37, 10, 'Arco braided superior 0.16 x 0.22', '\r', '10 und', 1147, 148),
(2441, '7898488903585', 37, 18, 'Arco braided inferior 0.16 x 0.22', '\r', '10 und', 1147, 148),
(2442, '7898488903592', 37, 11, 'Arco braided superior 0.17 x 0.25', '\r', '10 und', 1147, 148),
(2443, '7898488903608', 37, 16, 'Arco braided inferior 0.17 x 0.25', '\r', '10 und', 1147, 148),
(2444, '7898488903615', 37, 15, 'Arco braided superior 0.18 x 0.25', '\r', '10 und', 1147, 148),
(2445, '7898488903622', 37, 19, 'Arco braided inferior 0.18 x 0.25', '\r', '10 und', 1147, 148),
(2446, '7898488903639', 37, 18, 'Arco braided superior 0.19 x 0.25', '\r', '10 und', 1147, 148),
(2447, '7898488903646', 37, 18, 'Arco braided inferior 0.19 x 0.25', '\r', '10 und', 1147, 148),
(2448, '7898488903653', 37, 19, 'Arco braided superior 0.21 x 0.25', '\r', '10 und', 1147, 148),
(2449, '7898488903660', 37, 10, 'Arco braided inferior 0.21 x 0.25', '\r', '10 und', 1147, 148),
(2450, '7898488904469', 27.5, 40, 'Braquetes metalico roth advenced .022\"', 'Roth \r', '1 caso', 765, 148),
(2451, '7898488904483', 11.6, 4, 'Reposicao metalico roth advanced peca 12 .022\"', '\r', '10 und', 973, 148),
(2452, '7898488904490', 15, 2, 'Reposicao metalico roth advanced peca 13 .022\"', '\r', '10 und', 973, 148),
(2453, '7898488904506', 15, 45, 'Reposicao metalico roth advanced peca 15/14 .022\"', '\r', '10 und', 973, 148),
(2454, '7898488904513', 11.6, 2, 'Reposicao metalico roth advanced peca 21  .022\"', '\r', '10 und', 973, 148),
(2455, '7898488904520', 11.6, 6, 'Reposicao metalico roth advanced peca 22  .022\"', '\r', '10 und', 973, 148),
(2456, '7898488904537', 15, 4, 'Reposicao metalico roth advanced peca 23  .022\"', '\r', '10 und', 973, 148),
(2457, '7898488904544', 15, 37, 'Reposicao metalico roth advanced peca 24/25 .022\"', '\r', '10 und', 973, 148),
(2458, '7898488904551', 11.6, 13, 'Reposicao metalico roth advanced peca 31/32/42/41  .022\"', '\r', '10 und', 973, 148),
(2459, '7898488904568', 15, 5, 'Reposicao metalico roth advanced peca 43 .022\"', '\r', '10 und', 973, 148),
(2460, '7898488904575', 15, 5, 'Reposicao metalico roth advanced peca 44  .022\"', '\r', '10 und', 973, 148),
(2461, '7898488904582', 15, 3, 'Reposicao metalico roth advanced peca 45 .022\"', '\r', '10 und', 973, 148),
(2462, '7898488904599', 15, 3, 'Reposicao metalico roth advanced peca 33  .022\"', '\r', '10 und', 973, 148),
(2463, '7898488904605', 15, 3, 'Reposicao metalico roth advanced peca 34  .022\"', '\r', '10 und', 973, 148),
(2464, '7898488904612', 15, 3, 'Reposicao metalico roth advanced peca 35  .022\"', '\r', '10 und', 973, 148),
(2465, '7898488904629', 27.5, 9, 'Braquetes metalico mbt advenced .022\"', 'Mbt\r', '1 Caso', 765, 148),
(2466, '7898488905046', 350, 0, 'Alicate corte distal', '\r', '1 und', 1148, 148),
(2467, '7898488905053', 350, 1, 'Alicate corte amarrilho', '\r', '1 und', 869, 148),
(2468, '7898488905992', 550, 6, 'Braquetes safiro roth iceram s .022\"', 'Roth \r', '1 caso', 769, 148),
(2469, '7898488906296', 13, 5, 'Reposicao ceramico roth iceram peca 11 .022\"', '\r', '1 und', 763, 148),
(2470, '7898488907019', 35.5, 3, 'Reposicao safiro roth icerams peca 12 .022\"', '\r', '1 und', 768, 148),
(2471, '7898488907026', 35.5, 5, 'Reposicao safiro roth icerams peca 13 .022\"', '\r', '1 und', 768, 148),
(2472, '7898488907033', 35.5, 5, 'Reposicao safiro roth icerams peca 15/14 .022\"', '\r', '1 und', 768, 148),
(2473, '7898488907040', 35.5, 2, 'Reposicao safiro roth icerams peca 21 .022\"', '\r', '1 und', 768, 148),
(2474, '7898488907057', 35.5, 3, 'Reposicao safiro roth icerams peca 22 .022\"', '\r', '1 und', 768, 148),
(2475, '7898488907064', 35.5, 8, 'Reposicao safiro roth icerams peca 23 .022\"', '\r', '1 und', 768, 148),
(2476, '7898488907071', 35.5, 5, 'Reposicao safiro roth icerams peca 24/25 .022\"', '\r', '1 und', 1149, 148),
(2477, '7898488907088', 35.5, 5, 'Reposicao safira roth icerams peca 31/32/41/42 .022\"', '\r', '1 und', 768, 148),
(2478, '7898488907095', 35.5, 2, 'Reposicao safiro roth icerams peca 43 .022\"', '\r', '1 und', 768, 148),
(2479, '7898488907101', 35.5, 2, 'Reposicao safiro roth icerams peca 44 .022\"', '\r', '1 und', 768, 148),
(2480, '7898488907118', 35.5, 2, 'Reposicao safiro roth icerams peca 45 .022\"', '\r', '1 und', 768, 148),
(2481, '7898488907125', 35.5, 7, 'Reposicao safiro roth icerams peca 33 .022\"', '\r', '1 und', 768, 148),
(2482, '7898488907132', 35.5, 6, 'Reposicao safiro roth icerams peca 34 .022\"', '\r', '1 und', 768, 148),
(2483, '7898488907149', 35.5, 4, 'Reposicao safiro roth icerams peca 35 .022\"', '\r', '1 und', 768, 148),
(2484, '7898488907170', 35, 20, 'Reposicao safiro roth icerams peca 11 .022\"', '\r', '1 und', 768, 148),
(2485, '7898488907187', 240, 0, 'Braquetes metalico roth advenced+1 caso de brinde .022\"', 'Roth \r', '10 casos', 765, 148),
(2486, '7898488908801', 28, 13, 'Tubo roth cola simples conversivel 16', '\r', '10 und', 1150, 148),
(2487, '7898488908818', 28, 17, 'Tubo roth cola simples conversivel 26', '\r', '10 und', 1150, 148),
(2488, '7898488908825', 28, 15, 'Tubo roth cola simples conversivel 46', '\r', '10 und', 1150, 148),
(2489, '7898488908832', 28, 18, 'Tubo roth cola simples conversivel 36', '\r', '10 und', 1150, 148),
(2490, '7898488908849', 28, 15, 'Tubo roth cola simples peca 17', '\r', '10 und', 772, 148),
(2491, '7898488908856', 28, 10, 'Tubo roth cola simples peca 27', '\r', '10 und', 772, 148),
(2492, '7898488908863', 28, 15, 'Tubo roth cola simples peca 47', '\r', '10 und', 772, 148),
(2493, '7898488908870', 28, 13, 'Tubo roth cola simples peca 37', '\r', '10 und', 772, 148),
(2494, '7898488908887', 28, 6, 'Tubo mbt cola simples peca 17', '\r', '10 und', 993, 148),
(2495, '7898488908894', 28, 3, 'Tubo mbt cola simples peca 27', '\r', '10 und', 993, 148),
(2496, '7898488908900', 28, 3, 'Tubo mbt cola simples peca 47', '\r', '10 und', 993, 148),
(2497, '7898488908917', 28, 3, 'Tubo mbt cola simples peca 37', '\r', '10 und', 993, 148),
(2498, '7898488908924', 28, 10, 'Tubo roth cola simples peca 16', '\r', '10 und', 772, 148),
(2499, '7898488908948', 28, 8, 'Tubo roth cola simples peca 46', '\r', '10 und', 772, 148),
(2500, '7898488908955', 28, 15, 'Tubo roth cola simples peca 36', '\r', '10 und', 772, 148),
(2501, '7898488908962', 28, 3, 'Tubo mbt cola simples peca 16', '\r', '10 und', 993, 148),
(2502, '7898488908979', 28, 3, 'Tubo mbt cola simples peca 26', '\r', '10 und', 993, 148),
(2503, '7898488908986', 28, 3, 'Tubo mbt cola simples peca 46', '\r', '10 und', 993, 148),
(2504, '7898488908993', 28, 4, 'Tubo mbt cola simples peca 36', '\r', '10 und', 993, 148),
(2505, '7898488909006', 30.5, 13, 'Tubo roth cola duplo peca 16', '\r', '10 und', 773, 148),
(2506, '7898488909013', 30.5, 10, 'Tubo roth cola duplo peca 26', '\r', '10 und', 773, 148),
(2507, '7898488909020', 30.5, 12, 'Tubo roth cola duplo peca 46', '\r', '10 und', 773, 148),
(2508, '7898488909037', 30.5, 9, 'Tubo roth cola duplo peca 36', '\r', '10 und', 1151, 148),
(2509, '7898488909549', 300, 1, 'Braquetes ceramico roth iceram solt meta .022\"', 'Roth \r', '1 caso', 770, 148),
(2510, '7898488914307', 65, 9, 'Suporte alicate com tampa cor cristal', '\r', '1 und (10 Alicates)', 801, 154),
(2511, '7898488923125', 11.6, 6, 'Reposicao metalico roth advanced peca 11 .022\"', '\r', '10 und', 973, 148),
(2512, '7898488923163', 28, 7, 'Tubo roth cola simples peca 26', '\r', '10 und', 772, 148),
(2513, '7898488923194', 25, 9, 'Arco curva reversa inferior 0.12', '\r', '10 und', 862, 148),
(2514, '7898488923200', 25, 17, 'Arco curva reversa inferior 0.14', '\r', '10 und', 862, 148),
(2515, '7898488923217', 25, 12, 'Arco curva reversa inferior 0.16', '\r', '10 und', 862, 148),
(2516, '7898488923224', 25, 16, 'Arco curva reversa inferior 0.18', '\r', '10 und', 862, 148),
(2517, '7898488923231', 25, 3, 'Arco curva reversa inferior 0.20', '\r', '10 und', 862, 148),
(2518, '7898488923248', 26, 4, 'Arco curva reversa inferior 0.16 x 0.16', '\r', '10 und', 867, 148),
(2519, '7898488923255', 26, 12, 'Arco curva reversa inferior 0.16 x 0.22', '\r', '10 und', 932, 148),
(2520, '7898488923262', 26, 13, 'Arco curva reversa inferior 0.17 x 0.25', '\r', '10 und', 932, 148),
(2521, '7898488923279', 26, 10, 'Arco curva reversa inferior 0.18 x 0.25', '\r', '10 und', 932, 148),
(2522, '7898488923286', 26, 20, 'Arco curva reversa inferior 0.19 x 0.25', '\r', '10 und', 932, 148),
(2523, '7898488923309', 25, 9, 'Arco curva reversa superior 0.12', '\r', '10 und', 862, 148),
(2524, '7898488923316', 25, 12, 'Arco curva reversa superior 0.14', '\r', '10 und', 862, 148),
(2525, '7898488923323', 25, 11, 'Arco curva reversa superior 0.16', '\r', '10 und', 862, 148),
(2526, '7898488923330', 25, 12, 'Arco curva reversa superior 0.18', '\r', '10 und', 862, 148),
(2527, '7898488923347', 25, 9, 'Arco curva reversa superior 0.20', '\r', '10 und', 862, 148),
(2528, '7898488923354', 26, 4, 'Arco curva reversa superior 0.16 x 0.16', '\r', '10 und', 932, 148),
(2529, '7898488923361', 26, 10, 'Arco curva reversa superior 0.16 x 0.22', '\r', '10 und', 932, 148),
(2530, '7898488923378', 26, 11, 'Arco curva reversa superior 0.17 x 0.25', '\r', '10 und', 932, 148),
(2531, '7898488923385', 26, 15, 'Arco curva reversa superior 0.18 x 0.25', '\r', '10 und', 932, 148),
(2532, '7898488923392', 26, 24, 'Arco curva reversa superior 0.19 x 0.25', '\r', '10 und', 932, 148),
(2533, '7898488928168', 990, 2, 'Braquetes metalico roth advenced .022\"', 'Roth \r', '50 casos', 765, 148),
(2534, '7898488929103', 36, 5, 'Arco copper niti superior 0.12', '\r', '10 und', 866, 148),
(2535, '7898488929110', 36, 5, 'Arco copper niti superior 0.14', '\r', '10 und', 866, 148),
(2536, '7898488929127', 36, 5, 'Arco copper niti superior 0.16', '\r', '10 und', 866, 148),
(2537, '7898488929134', 36, 6, 'Arco copper niti superior 0.18', '\r', '10 und', 866, 148),
(2538, '7898488929172', 55, 3, 'Arco copper niti superior 0.17 x 0.25', '\r', '10 und', 867, 148),
(2539, '7898488929189', 55, 5, 'Arco copper niti superior 0.18 x 0.25', '\r', '10 und', 867, 148),
(2540, '7898488929219', 36, 4, 'Arco copper niti inferior 0.12', '\r', '10 und', 866, 148),
(2541, '7898488929226', 36, 6, 'Arco copper niti inferior 0.14', '\r', '10 und', 866, 148),
(2542, '7898488929233', 36, 5, 'Arco copper niti inferior 0.16', '\r', '10 und', 866, 148),
(2543, '7898488929240', 36, 5, 'Arco copper niti inferior 0.18', '\r', '10 und', 866, 148),
(2544, '7898488929288', 55, 5, 'Arco copper niti inferior 0.17 x 0.25', '\r', '10 und', 867, 148),
(2545, '7898488929295', 55, 5, 'Arco copper niti inferior 0.18 x 0.25', '\r', '10 und', 867, 148),
(2546, '7898488932196', 55, 5, 'Arco copper niti superior 0.14 x 0.25', '\r', '10 und', 867, 148),
(2547, '7898488932202', 55, 5, 'Arco copper niti superior 0.16 x 0.25', '\r', '10 und', 867, 148),
(2548, '7898488932219', 55, 7, 'Arco copper niti inferior 0.14 x 0.25', '\r', '10 und', 867, 148),
(2549, '7898488932226', 55, 5, 'Arco copper niti inferior 0.16 x 0.25', '\r', '10 und', 867, 148),
(2550, '7898488938594', 599, 1, 'Braquetes safira mbt iceram s .022\"', 'Mbt\r', '1 caso', 769, 148),
(2551, '7898488943598', 60, 1, 'Reposicao autoliado ceramico roth slb peca peca 12 .022\"', '\r', '1 und', 997, 148),
(2552, '7898488943611', 60, 1, 'Reposicao autoliado ceramico roth slb peca 14/15 .022\"', '\r', '1 und', 997, 148),
(2553, '7898488943666', 60, 1, 'Reposicao autoliado ceramico roth slb peca 31/32/41/42 .022\"', '\r', '1 und', 997, 148),
(2554, '7898488943710', 60, 1, 'Reposicao autoliado ceramico roth slb peca 44 .022\"', '\r', '1 und', 997, 148),
(2555, '7898488944380', 250, 1, 'Alicate 120 weingart', '\r', '1 und', 881, 148),
(2556, '7898488945103', 650, 9, 'Braquetes autoligado ceramico roth slb .022\"', 'Roth \r', '1 caso', 771, 148),
(2557, '7898488948456', 65, 18, 'Braquetes metalico roth premium elite .022\"', 'Roth 2\r', '1 caso', 765, 148),
(2558, '7898488948623', 65, 1, 'Braquetes metalico mbt premium elite .022\"', 'Mbt 2\r', '1 caso', 765, 148),
(2559, '7898488949385', 5.5, 13, 'Ligadura bengalinha azul', 'Azul\r', '1000 und', 945, 148),
(2560, '7898488949392', 5.5, 8, 'Ligadura bengalinha vermelho', 'Vermelho\r', '1000 und', 945, 148),
(2561, '7898488949408', 5.5, 13, 'Ligadura bengalinha rosa pink', 'Rosa pink\r', '1000 und', 945, 148),
(2562, '7898488949415', 5.5, 22, 'Ligadura bengalinha preto', 'Preto\r', '1000 und', 945, 148),
(2563, '7898488949422', 5.5, 27, 'Ligadura bengalinha verde mar', 'Verde mar\r', '1000 und', 945, 148),
(2564, '7898488949439', 5.5, 19, 'Ligadura bengalinha verde cristal', 'Verde cristal\r', '1000 und', 945, 148),
(2565, '7898488949446', 5.5, 13, 'Ligadura bengalinha pink cristal', 'Pink crisatal\r', '1000 und', 945, 148),
(2566, '7898488949453', 5.5, 16, 'Ligadura bengalinha cinza', 'Cinza\r', '1000 und', 945, 148),
(2567, '7898488949460', 5.5, 31, 'Ligadura bengalinha trasmparente', 'Trasmparente\r', '1000 und', 945, 148),
(2568, '7898488949477', 5.5, 14, 'Ligadura bengalinha azul cristal', 'Azul crisatal\r', '1000 und', 945, 148),
(2569, '7898488949484', 5.5, 8, 'Ligadura bengalinha azul marinho', 'Azul marinho\r', '1000 und', 945, 148),
(2570, '7898488949491', 5.5, 11, 'Ligadura bengalinha roxo', 'Roxo\r', '1000 und', 945, 148),
(2571, '7898488949507', 5.5, 12, 'Ligadura bengalinha branco', '\r', '1000 und', 945, 148),
(2572, '7898488949514', 5.5, 5, 'Ligadura bengalinha amarelo', 'Amarelo\r', '1000 und', 945, 148),
(2573, '7898488949521', 5.5, 6, 'Ligadura bengalinha amarelo cristal', 'Amarelo cristal\r', '1000 und', 945, 148),
(2574, '7898488949538', 5.5, 10, 'Ligadura bengalinha lilas', 'Lilas\r', '1000 und', 945, 148),
(2575, '7898488949545', 5.5, 3, 'Ligadura bengalinha amarelo limao', 'Amarelo limao\r', '1000 und', 945, 148),
(2576, '7898488949552', 5.5, 16, 'Ligadura bengalinha prata', 'Prata\r', '1000 und', 945, 148),
(2577, '7898488949569', 5.5, 10, 'Ligadura bengalinha rosa cristal', 'Rosa cristal\r', '1000 und', 945, 148),
(2578, '7898488949576', 5.5, 19, 'Ligadura bengalinha azul bebe', 'Azul bebe\r', '1000 und', 945, 148),
(2579, '7898488949583', 5.5, 8, 'Ligadura bengalinha rosa bebe', 'Rosa bebe\r', '1000 und', 945, 148),
(2580, '7898488949590', 5.5, 15, 'Ligadura bengalinha vermelho cristal', 'Vermelho cristal\r', '1000 und', 945, 148),
(2581, '7898488949606', 5.5, 14, 'Ligadura bengalinha larnaja cristal', 'Laranja crisatal\r', '1000 und', 945, 148),
(2582, '7898488949613', 5.5, 8, 'Ligadura bengalinha pearl', 'Pearl\r', '1000 und', 945, 148),
(2583, '7898488949620', 5.5, 13, 'Ligadura bengalinha pearl blue', 'Pearl blue\r', '1000 und', 945, 148),
(2584, '7898488949637', 5.5, 42, 'Ligadura bengalinha sortido', 'Sortido\r', '1000 und', 945, 148),
(2585, '7898488949903', 5.5, 27, 'Elastico intra oral 1/8 leve', '\r', '1000 und', 759, 148),
(2586, '7898488949910', 6.5, 12, 'Elastico intra oral 3/16 leve', '\r', '1000 und', 1152, 148),
(2587, '7898488949934', 10, 16, 'Elastico intra oral 5/16 leve', '\r', '1000 und', 759, 148),
(2588, '7898488949965', 5.5, 22, 'Elastico intra oral 1/8 media', '\r', '1000 und', 759, 148),
(2589, '7898488949972', 6.5, 25, 'Elastico intra oral 3/16 media', '\r', '1000 und', 759, 148),
(2590, '7898488949989', 7.5, 9, 'Elastico intra oral 1/4 medio', '\r', '1000 und', 759, 148),
(2591, '7898488949996', 10, 8, 'Elastico intra oral 5/16 medio', '\r', '1000 und', 1152, 148),
(2592, '7898488950022', 5.5, 24, 'Elastico intra oral 1/8 pesado', '\r', '1000 und', 759, 148),
(2593, '7898488950039', 6.5, 26, 'Elastico intra oral 3/16 pesado', '\r', '1000 und', 1152, 148),
(2594, '7898488950046', 7.5, 14, 'Elastico intra oral 1/4 pesado', '\r', '1000 und', 759, 148),
(2595, '7898488950053', 10, 10, 'Elastico intra oral 5/16 pesodo', '\r', '100 und', 759, 148),
(2596, '7898488950091', 8.5, 9, 'Elastico extra oral 1/2 media', '\r', '100 und', 944, 148),
(2597, '7898488950565', 5.5, 40, 'Ligadura bengalinha sortido cristal', 'Sortido cristal\r', '1000 und', 945, 148),
(2598, '7898488950589', 8.5, 2, 'Elastico corrente curto azul', 'Azul\r', '1.5 m', 745, 148),
(2599, '7898488950596', 8.5, 2, 'Elastico corrente curto vermelho', 'Vermelho\r', '1.5 m', 745, 148),
(2600, '7898488950602', 8.5, 2, 'Elastico corrente curto rosa pink', 'Rosa pink\r', '1.5 m', 745, 148),
(2601, '7898488950619', 8.5, 2, 'Elastico corrente curto preto', 'Preto\r', '1.5 m', 745, 148),
(2602, '7898488950626', 8.5, 2, 'Elastico corrente curto verde mar', 'Verde mar\r', '1.5 m', 745, 148),
(2603, '7898488950633', 8.5, 2, 'Elastico corrente curto verde cristal', 'Verde cristal\r', '1.5 m', 745, 148),
(2604, '7898488950640', 8.5, 2, 'Elastico corrente curto pink cristal', 'Pink crisatal\r', '1.5 m', 745, 148),
(2605, '7898488950657', 8.5, 2, 'Elastico corrente curto cinza', 'Cinza\r', '1.5 m', 745, 148),
(2606, '7898488950671', 8.5, 2, 'Elastico corrente curto azul cristal', 'Azul crisatal\r', '1.5 m', 745, 148),
(2607, '7898488950688', 8.5, 2, 'Elastico corrente curto azul marinho', 'Azul marinho\r', '1.5 m', 745, 148),
(2608, '7898488950695', 8.5, 2, 'Elastico corrente curto roxo', 'Roxo\r', '1.5 m', 745, 148),
(2609, '7898488950701', 8.5, 2, 'Elastico corrente curto branco', 'Branco\r', '1.5 m', 745, 148),
(2610, '7898488950725', 8.5, 4, 'Elastico corrente curto amrelo cristal', 'Amarelo cristal\r', '1.5 m', 745, 148),
(2611, '7898488950732', 8.5, 2, 'Elastico corrente curto lilas', 'Lilas\r', '1.5 m', 745, 148),
(2612, '7898488950749', 8.5, 2, 'Elastico corrente curto amrelo limao', 'Amarelo limao\r', '1.5 m', 745, 148),
(2613, '7898488950756', 8.5, 2, 'Elastico corrente curto prata', 'Prata\r', '1.5 m', 745, 148),
(2614, '7898488950763', 8.5, 2, 'Elastico corrente curto rosa cristal', 'Rosa cristal\r', '1.5 m', 745, 148),
(2615, '7898488950770', 8.5, 2, 'Elastico corrente curto azul bebe', 'Azul bebe\r', '1.5 m', 745, 148),
(2616, '7898488950787', 8.5, 2, 'Elastico corrente curto rosa bebe', 'Rosa bebe\r', '1.5 m', 745, 148),
(2617, '7898488950794', 8.5, 2, 'Elastico corrente curto vermelho cristal', 'Vermelho cristal\r', '1.5 m', 745, 148),
(2618, '7898488950800', 8.5, 2, 'Elastico corrente curto laranja cristal', 'Laranja crisatal\r', '1.5 m', 745, 148),
(2619, '7898488950817', 8.5, 2, 'Elastico corrente curto pearl', 'Pearl\r', '1.5 m', 745, 148),
(2620, '7898488950824', 8.5, 2, 'Elastico corrente curto pearl blue', 'Pearl blue\r', '1.5 m', 745, 148),
(2621, '7898488950831', 24.5, 3, 'Elastico corrente curto trasmparente', 'Trasmparente\r', '4.5 m', 745, 148),
(2622, '7898488950862', 8.5, 3, 'Elastico corrente medio azul', 'Azul\r', '1.5 m', 745, 148),
(2623, '7898488950879', 8.5, 3, 'Elastico corrente medio vermelho', 'Vermelho\r', '1.5 m', 745, 148),
(2624, '7898488950886', 8.5, 3, 'Elastico corrente medio rosa pink', 'Rosa pink\r', '1.5 m', 745, 148),
(2625, '7898488950893', 8.5, 3, 'Elastico corrente medio preto', 'Preto\r', '1.5 m', 745, 148),
(2626, '7898488950909', 8.5, 3, 'Elastico corrente medio verde mar', 'Verde mar\r', '1.5 m', 745, 148),
(2627, '7898488950916', 8.5, 3, 'Elastico corrente medio verde cristal', 'Verde cristal\r', '1.5 m', 745, 148),
(2628, '7898488950923', 8.5, 2, 'Elastico corrente medio pink cristal', 'Pink crisatal\r', '1.5 m', 745, 148),
(2629, '7898488950930', 8.5, 3, 'Elastico corrente medio cinza', 'Cinza\r', '1.5 m', 745, 148),
(2630, '7898488950954', 8.5, 3, 'Elastico corrente medio azul cristal', 'Azul crisatal\r', '1.5 m', 745, 148),
(2631, '7898488950961', 8.5, 3, 'Elastico corrente medio azul marinho', 'Azul marinho\r', '1.5 m', 745, 148),
(2632, '7898488950978', 8.5, 3, 'Elastico corrente medio roxo', 'Roxo\r', '1.5 m', 745, 148),
(2633, '7898488950985', 8.5, 5, 'Elastico corrente medio branco', 'Branco\r', '1.5 m', 745, 148),
(2634, '7898488951005', 8.5, 5, 'Elastico corrente medio amarelo cristal', 'Amarelo cristal\r', '1.5 m', 745, 148),
(2635, '7898488951012', 8.5, 3, 'Elastico corrente medio lilas', 'Lilas\r', '1.5 m', 745, 148),
(2636, '7898488951029', 8.5, 2, 'Elastico corrente medio amrelo limao', 'Amarelo limao\r', '1.5 m', 745, 148),
(2637, '7898488951036', 8.5, 2, 'Elastico corrente medio prata', 'Prata\r', '1.5 m', 745, 148),
(2638, '7898488951043', 8.5, 3, 'Elastico corrente medio rosa cristal', 'Rosa cristal\r', '1.5 m', 745, 148),
(2639, '7898488951050', 8.5, 3, 'Elastico corrente medio azul bebe', 'Azul bebe\r', '1.5 m', 745, 148),
(2640, '7898488951067', 8.5, 3, 'Elastico corrente medio rosa bebe', 'Rosa bebe\r', '1.5 m', 745, 148),
(2641, '7898488951074', 8.5, 3, 'Elastico corrente medio vermelho cristal', 'Vermelho cristal\r', '1.5 m', 745, 148),
(2642, '7898488951081', 8.5, 2, 'Elastico corrente medio laranja cristal', 'Laranja crisatal\r', '1.5 m', 745, 148),
(2643, '7898488951098', 8.5, 3, 'Elastico corrente medio pearl', 'Pearl\r', '1.5 m', 745, 148),
(2644, '7898488951104', 8.5, 3, 'Elastico corrente medio pearl blue', 'Pearl blue\r', '1.5 m', 745, 148),
(2645, '7898488951111', 24.5, 4, 'Elastico corrente medio trasmparente', 'Trasmparente\r', '4.5 m', 745, 148),
(2646, '7898488951142', 8.5, 1, 'Elastico corrente longo azul', 'Azul\r', '1.5 m', 745, 148),
(2647, '7898488951159', 8.5, 2, 'Elastico corrente longo vermelho', 'Vermelho\r', '1.5 m', 745, 148),
(2648, '7898488951166', 8.5, 1, 'Elastico corrente longo rosa pink', 'Rosa pink\r', '1.5 m', 745, 148),
(2649, '7898488951180', 8.5, 1, 'Elastico corrente longo verde mar', 'Verde mar\r', '1.5 m', 745, 148),
(2650, '7898488951197', 8.5, 1, 'Elastico corrente longo verde cristal', 'Verde cristal\r', '1.5 m', 745, 148),
(2651, '7898488951203', 8.5, 1, 'Elastico corrente longo pink cristal', 'Pink crisatal\r', '1.5 m', 745, 148),
(2652, '7898488951234', 8.5, 1, 'Elastico corrente longo azul cristal', 'Azul crisatal\r', '1.5 m', 745, 148),
(2653, '7898488951241', 8.5, 2, 'Elastico corrente longo azul marinho', 'Azul marinho\r', '1.5 m', 745, 148),
(2654, '7898488951289', 8.5, 2, 'Elastico corrente longo amarelo cristal', 'Amarelo cristal\r', '1.5 m', 745, 148),
(2655, '7898488951302', 8.5, 2, 'Elastico corrente longo amarelo limao', 'Amarelo limao\r', '1.5 m', 745, 148),
(2656, '7898488951319', 8.5, 1, 'Elastico corrente longo prata', 'Prata\r', '1.5 m', 745, 148),
(2657, '7898488951326', 8.5, 5, 'Elastico corrente longo rosa cristal', 'Rosa cristal\r', '1.5 m', 745, 148),
(2658, '7898488951333', 8.5, 1, 'Elastico corrente longo azul bebe', 'Azul bebe\r', '1.5 m', 745, 148),
(2659, '7898488951340', 8.5, 3, 'Elastico corrente longo rosa bebe', 'Rosa bebe\r', '1.5 m', 745, 148),
(2660, '7898488951371', 8.5, 2, 'Elastico corrente longo pearl', 'Pearl\r', '1.5 m', 745, 148),
(2661, '7898488951388', 8.5, 3, 'Elastico corrente longo pearl blue', 'Pearl blue\r', '1.5 m', 745, 148),
(2662, '7898488951395', 24.5, 2, 'Elastico corrente longo transparente', 'Trasmparente\r', '4.5 m', 745, 148),
(2663, '7898488951555', 3000, 0, 'Fotoplimerizador ledx-t 2400', '\r', '1 und', 1083, 148),
(2664, '7898488952781', 15, 1, 'Embalagem para elastico paciente', '\r', '50 und', 941, 148),
(2665, '7898488955744', 68, 11, 'Broca de alta rotacao para remocao', '\r', '1 und', 1006, 148),
(2666, '7898488957977', 199, 4, 'Braquetes autoligado roth orthoclip ultra p .022\"', 'Roth \r', '1 caso', 766, 148),
(2667, '7898488958141', 199, 5, 'Braquetes autoligado metalico mbt orthoclip ultra p .022\"', 'Mbt\r', '1 caso', 766, 148),
(2668, '7898488958394', 89, 27, 'Braquetes ceramico roth ice clear .022\"', 'Roth 2\r', '1 caso', 770, 148),
(2669, '7898488976909', 210, 1, 'Braquetes metalico roth advenced .022\"', 'Roth \r', '10 casos', 765, 148),
(2670, '7898488976916', 210, 2, 'Braquetes metalico mbt advenced .022\"', 'Mbt\r', '10 casos', 765, 148),
(2671, '7898488985178', 270, 8, 'Braquetes metalico roth advenced + brinde 20 arcos nit e 10 bengalinhas .022\"', 'Roth \r', '10 casos', 765, 148),
(2672, '7898488989343', 24, 13, 'Tubo roth cola simples advanced  peca 16/17', 'Especial\r', '10 und', 772, 148),
(2673, '7898488989350', 24, 12, 'Tubo roth cola simples advanced  peca 26/27', 'Especial\r', '10 und', 772, 148),
(2674, '7898488989367', 24, 11, 'Tubo roth cola simples advanced  peca 36/37', 'Especial\r', '10 und', 772, 148),
(2675, '7898488989374', 24, 12, 'Tubo roth cola simples advanced  peca 46/47', 'Especial\r', '10 und', 772, 148);
INSERT INTO `produto` (`id_produto`, `barcode`, `preco`, `estoque`, `especificacao`, `tipo`, `embalagem`, `id_subgrupo`, `id_marca`) VALUES
(2676, '7898488989749', 1900, 4, 'Braquetes metalico roth advanced + 10 casos de breinde .022\"', 'Roth \r', '100 casos', 765, 148),
(2677, '7898510673141', 25, 0, 'Haste do soro fisiologico produto', 'Especial\r', '1 und', 1153, 181),
(2678, '7898510770703', 510, 2, 'Micro motor mi 01', '\r', '1 und', 1154, 181),
(2679, '7898510770888', 393.36, 2, 'Contra angulo intra trava broca fx 110 1:1', '\r', '1 und', 1155, 181),
(2680, '7898510776545', 1150, 0, 'Contra angulo para implante push button fx 200 pb 20:1', '\r', '1 und', 1156, 181),
(2681, '7898510776859', 6200, 0, 'Motor para implante d force 1000', '\r', '1 und', 1157, 181),
(2682, '7898510777078', 1950, 0, 'Peca angulada cirurgica sxa 1101.2', '\r', '1 und', 1158, 181),
(2683, '7898510777153', 380, 1, 'Peca reta intra pr 01', '\r', '1 und', 1159, 181),
(2684, '7898510777245', 1499, 0, 'Kit academico cor rosa', '\r', '4 Peca', 1160, 181),
(2685, '7898510777801', 950, 1, 'Caneta puch button led sigma air 4s', 'Espesial 2\r', '1 und', 1161, 181),
(2686, '7898510777856', 149, 3, 'Seringa triplice', '\r', '1 und', 1162, 181),
(2687, '7898510779133', 24, 7, 'Saca broca universal', '\r', '1 und', 1163, 181),
(2688, '7898510779294', 390, 2, 'Jato para bicarbonato jetflex', '\r', '1 und', 1164, 181),
(2689, '7898510779775', 600, 4, 'Cavitador neumatico cavflex 6000', '\r', '1 und', 1099, 181),
(2690, '7898510779799', 1499, 1, 'Kit academico cor prata', '\r', '4 Peca', 1160, 181),
(2691, '7898510779935', 499, 2, 'Caneta saca broca sigma air 3s', '\r', '1 und', 1161, 181),
(2692, '7898510779966', 520, 3, 'Caneta puch button sigma air 3s', 'Especial\r', '1 und', 1161, 181),
(2693, '7898561540010', 37.9, 1, 'Edta gel 24%', 'Especial\r', '2 seringas 2g', 1165, 151),
(2694, '7898561540027', 19.9, 16, 'Pasta polimento diamond universal', '\r', '2.5 g', 1039, 151),
(2695, '7898561540126', 19.9, 12, 'Barreira gengival max dam azul', '\r', '1 seringa 2g', 1015, 151),
(2696, '7898561540195', 5.9, 11, 'Hidroxido de calcio p.a', '\r', '10g', 923, 151),
(2697, '7898561540201', 33.9, 10, 'Idoformio', '\r', '10g', 1166, 151),
(2698, '7898561540218', 25, 1, 'Pino para moldagem', '\r', '20 und', 1055, 151),
(2699, '7898561540263', 10.5, 1, 'Paramonoclorofenol canforado', '\r', '20 ml', 1167, 151),
(2700, '7898561540270', 19.9, 18, 'Tira de lixa resina airon', '\r', '150 und', 905, 151),
(2701, '7898561540287', 24.9, 10, 'Silano', '\r', '5 ml', 1014, 151),
(2702, '7898561540294', 14, 7, 'Clorhexidina gel 2%', '\r', '1 seringa 2g', 1027, 151),
(2703, '7898561540393', 34, 3, 'Evidenciador de carie visicarie', '\r', '10ml', 1168, 151),
(2704, '7898561540577', 10.5, 3, 'Afastador expandex infantil cor branco', '\r', '1 und', 829, 151),
(2705, '7898561540591', 22, 3, 'Afastador flex tamanho gande', '\r', '1 und', 829, 151),
(2706, '7898561540614', 9.9, 5, 'Arco young adulto pastico autoclavavel', '\r', '1 und', 1059, 151),
(2707, '7898561540621', 9.99, 4, 'Tigela de borracha azul gande', '\r', '1 und', 1169, 151),
(2708, '7898561540652', 8.99, 2, 'Tigela de borracha azul media', '\r', '1 und', 1169, 151),
(2709, '7898561540683', 7.99, 5, 'Tigela de borracha azul pequena', '\r', '1 und', 1169, 151),
(2710, '7898561540799', 59, 3, 'Moldeira plastica kit', '\r', '8 pares', 1170, 151),
(2711, '7898561540904', 9.99, 22, 'Tigela de borracha rosa grande', '\r', '1 und', 1171, 151),
(2712, '7898561540911', 8.99, 62, 'Tigela de borracha rosa media', '\r', '1 und', 1171, 151),
(2713, '7898561540928', 7.99, 4, 'Tigela de borracha rosa pequena', '\r', '1 und', 1169, 151),
(2714, '7898561540942', 2.3, 5, 'Espatula pastica azul', '\r', '1 und', 1172, 151),
(2715, '7898561540973', 2.3, 5, 'Espatula pastica rosa', '\r', '1 und', 1172, 151),
(2716, '7898561541062', 14, 64, 'Caixa para elastico com posicionador sortida', '\r', '10 und', 941, 151),
(2717, '7898561541185', 10.9, 1, 'Abridor de boca abritec cor azul', '\r', '2 und', 1067, 151),
(2718, '7898561541192', 10.9, 2, 'Abridor de boca abritec cor rosa', '\r', '2 und', 1067, 151),
(2719, '7898561541260', 38.9, 2, 'Mascara para tracao reversa cinza', '\r', '1 und', 994, 151),
(2720, '7898561541277', 38.9, 3, 'Mascara para tracao reversa rosa', '\r', '1 und', 994, 151),
(2721, '7898561541284', 38.9, 2, 'Mascara para tracao reversa azul', '\r', '1 und', 994, 151),
(2722, '7898561541291', 4, 5, 'Adesivo para mascara facial cor azul', '\r', '2 und', 965, 151),
(2723, '7898561541369', 25, 4, 'Broqueiro em aluminio para 21 brocas fg', '\r', '1 und', 1173, 151),
(2724, '7898561541376', 25, 4, 'Broqueiro em aluminio para 21 broca fg/ca', '\r', '1 und', 1174, 151),
(2725, '7898561541383', 45, 2, 'Broqueiro em aluminio para 60 brocas fg', '\r', '1 und', 1175, 151),
(2726, '7898561541420', 16.9, 13, 'Tamborel refil', '\r', '50 und', 1176, 151),
(2727, '7898561541437', 17.9, 30, 'Tamborel de aluninio', '\r', '1 und', 1077, 151),
(2728, '7898561541444', 9.9, 3, 'Dispositivo de mordida para posicionador radiografico', 'Especial\r', '3 und', 839, 151),
(2729, '7898561541482', 13.5, 4, 'Prendedor de babador jacare corrente', '\r', '1 und', 1112, 151),
(2730, '7898561541499', 13.9, 23, 'Embalagem para elastrico paciente', '\r', '50 und', 941, 151),
(2731, '7898561541512', 9.9, 4, 'Marcador de instrumento sextavado surtida', '\r', '60 und', 819, 151),
(2732, '7898561541536', 27.9, 1, 'Hidroxido de calcio foto hidrox cal cor dentina', '\r', '1 seringa de 2g', 923, 151),
(2733, '7898561541543', 27.9, 0, 'Hidroxido de calcio foto hidrox cal cor branco', '\r', '1 seringa de 2g', 923, 151),
(2734, '7898561541598', 24.9, 2, 'Restaurador provisorio foto applic a3', '\r', '2 seringas 2 g cada', 1177, 151),
(2735, '7898561541628', 17, 3, 'Broqueiro em aluminio para 15 brocas fg', '\r', '1 und', 1173, 151),
(2736, '7898561541703', 12, 18, 'Tira de lixa aco 4mm', '\r', '12 und', 1035, 151),
(2737, '7898561541710', 12, 104, 'Tira de lixa aco 6mm', '\r', '12 und', 1035, 151),
(2738, '7898561541734', 23, 11, 'Bolsa termica quente e fria', '\r', '10 bolsas, 100g', 1178, 151),
(2739, '7898561541758', 13.9, 24, 'Cimento de zinco po', '\r', '28g', 1179, 151),
(2740, '7898561541765', 13.9, 9, 'Cimento de zinco liquido', '\r', '10ml', 1179, 151),
(2741, '7898561541772', 19.9, 36, 'Selante max seal branco', '\r', '2 g', 1019, 151),
(2742, '7898561541789', 19.9, 3, 'Selante max seal matizado', '\r', '2 g', 1019, 151),
(2743, '7898561541796', 24.9, 38, 'Adesivo universal bond 2.1', '\r', '5ml', 1030, 151),
(2744, '7898561541826', 19.9, 23, 'Alginato algi gel', '\r', '410g', 850, 151),
(2745, '7898561542083', 39.9, 28, 'Ionomero cimentacao de vidro auto ionglas', '\r', 'po10g+Liquido8g', 1180, 151),
(2746, '7898561542120', 31.4, 24, 'Ionomero restauracao de vidro ionglass cor a2', '\r', 'po10g+Liquido8g', 748, 151),
(2747, '7898561542137', 31.4, 31, 'Ionomero restauracao de vidro ionglass cor a3', '\r', 'po10g+Liquido8g', 748, 151),
(2748, '7898561542144', 34.9, 2, 'Pino de fibra de vidro fiber post n?.5 sem broca', '\r', '5 und', 911, 151),
(2749, '7898561542151', 34.9, 4, 'Pino de fibra de vidro fiber post n? sem broca', '\r', '5 und', 911, 151),
(2750, '7898561542168', 34.9, 4, 'Pino de fibra de vidro fiber post n? sem broca', '\r', '5 und', 911, 151),
(2751, '7898561542175', 34.9, 11, 'Pino de fibra de vidro fiber post n? sem broca', '\r', '5 und', 911, 151),
(2752, '7898561542182', 28, 25, 'Cimento forrador de hidroxido de calcio hydcal', '\r', '13g base +11g cat', 923, 151),
(2753, '7898561542229', 29, 12, 'Cimento cirurgico com eugenol po', '\r', '50 g', 783, 151),
(2754, '7898561542236', 29, 12, 'Cimento cirurgico com eugenol liquido', '\r', '20 ml', 783, 151),
(2755, '7898561542359', 19.9, 5, 'Resina applic flow cor a1', '\r', '4 g', 915, 151),
(2756, '7898561542366', 19.9, 4, 'Resina applic flow cor a2', 'Especial\r', '4 g', 915, 151),
(2757, '7898561542373', 19.9, 3, 'Resina applic flow cor a3', '\r', '4 g', 1181, 151),
(2758, '7898561542380', 19.9, 4, 'Resina applic flow cor a3.5', '\r', '4 g', 915, 151),
(2759, '7898561542397', 19.9, 5, 'Resina applic flow cor b2', '\r', '4 g', 915, 151),
(2760, '7898561542472', 19.5, 5, 'Resina applic cor a1e', '\r', '4 g', 750, 151),
(2761, '7898561542489', 19.5, 6, 'Resina applic cor a2e', '\r', '4 g', 750, 151),
(2762, '7898561542496', 19.5, 4, 'Resina applic cor a3e', '\r', '4 g', 750, 151),
(2763, '7898561542502', 19.5, 1, 'Resina applic cor a3.5e', '\r', '4 g', 750, 151),
(2764, '7898561542519', 19.5, 3, 'Resina applic cor b1e', '\r', '4 g', 750, 151),
(2765, '7898561542526', 19.5, 2, 'Resina applic cor b2e', '\r', '4 g', 750, 151),
(2766, '7898561542533', 19.5, 1, 'Resina applic cor c2e', '\r', '4 g', 750, 151),
(2767, '7898561542540', 19.5, 4, 'Resina applic cor a1d', '\r', '4 g', 750, 151),
(2768, '7898561542557', 19.5, 7, 'Resina applic cor a2d', '\r', '4 g', 750, 151),
(2769, '7898561542564', 19.5, 4, 'Resina applic cor a3d', '\r', '4 g', 750, 151),
(2770, '7898561542571', 19.5, 4, 'Resina applic cor a3.5d', '\r', '4 g', 750, 151),
(2771, '7898561542595', 19.5, 3, 'Resina applic cor b2d', '\r', '4 g', 750, 151),
(2772, '7898561542601', 19.5, 3, 'Resina applic cor incisal', '\r', '4 g', 1182, 151),
(2773, '7898561542717', 16.9, 8, 'Acido fluoridrico 5%', '\r', '1 seringa 4 g', 1013, 151),
(2774, '7898561542731', 38.9, 33, 'Adesivo para braquetes fix 4g + 1seringa acido 2.5g', '\r', '4g resina+2.5g acido', 752, 151),
(2775, '7898561542762', 19.9, 20, 'Alginato algi gel sabor tutti frutti', '\r', '454g', 1183, 151),
(2776, '7898561546142', 24.9, 1, 'Cunha interdental de madeira colorida surtida', '\r', '100 und', 1034, 151),
(2777, '7898561546166', 99.9, 6, 'Matriz universal mini kit', 'Espesial 2\r', '25 matrize+1grampo', 1043, 151),
(2778, '7898561546203', 119.9, 2, 'Matriz universal refil sortido', 'Especial\r', '5 und', 1043, 151),
(2779, '7898561546234', 19.5, 5, 'Resina applic cor a4e', '\r', '4 g', 750, 151),
(2780, '7898561546715', 19.5, 2, 'Resina applic cor b3e', '\r', '4 g', 750, 151),
(2781, '7898570920285', 80, 0, 'Clareador 16% power bleanching home', 'Especial\r', '7 seringa 4g cada', 1016, 166),
(2782, '7898570920551', 80, 5, 'Clareador 10% power bleanching home', 'Especial\r', '7 seringa 4g cada', 1016, 166),
(2783, '7898570922296', 79, 0, 'Clareador power bleaching office 37%', '\r', '1 seringa 3g', 1058, 166),
(2784, '7898570922302', 205, 7, 'Clareador power bleaching office 37%', '\r', '3 seringa 3 g', 1058, 166),
(2785, '7898570923439', 22, 0, 'Dessensibilizante pain less 5% consultroro', '\r', '1 seringa 2.5 ml', 1029, 166),
(2786, '7898570924825', 18, 8, 'Placa soft 1mm redonda', '\r', '5 und', 1057, 166),
(2787, '7898570924856', 18, 0, 'Placa soft 1mm quadrada', '\r', '5 und', 1057, 166),
(2788, '7898570924894', 35, 1, 'Clareador 10% aroma acai power bleanching home', '\r', '7 seringa 4g cada', 1016, 166),
(2789, '7898570924900', 35, 0, 'Clareador 10% aroma hortela power bleanching home', 'Espesial 3\r', '7 seringa 4g', 1016, 166),
(2790, '7898570924917', 35, 0, 'Clareador 10% aroma laranja power bleanching home', 'Espesial 2\r', '7 seringa 4g cada', 1016, 166),
(2791, '7898570924924', 35, 0, 'Clareador 16% aroma acai power bleanching home', '\r', '7 seringa 4g cada', 1016, 166),
(2792, '7898570924931', 35, 0, 'Clareador 16% aroma hortela power bleanching home', 'Espesial 3\r', '7 seringas 4g', 1016, 166),
(2793, '7898570924948', 35, 0, 'Clareador 16% aroma laranja power bleanching home', 'Espesial 2\r', '7 seringa 4g cada', 1016, 166),
(2794, '7898570924955', 19, 5, 'Dessensibilizante pain less 1,5 % caseiro', '\r', '1 serimga 2.5 g', 1029, 166),
(2795, '7898570926355', 70, 0, 'Clareador 22%  power bleanching home', 'Especial\r', '7 seringas 4 g cada', 1016, 166),
(2796, '7898570926393', 35, 0, 'Clareador 22% aroma hortela power bleanching home', 'Espesial 3\r', '7 seringa 4g cada', 1016, 166),
(2797, '7898570926423', 35, 0, 'Clareador 22% aroma laranja power bleanching home', 'Espesial 2\r', '7 seringa 4g cada', 1016, 166),
(2798, '7898570926454', 35, 0, 'Clareador 22% aroma acai power bleanching home', '\r', '7 seringa 4g', 1016, 166),
(2799, '7898570927031', 65, 0, 'Adesivo para braquetes ortho natures color change', '\r', '1 seringa', 752, 166),
(2800, '7898570927390', 45, 0, 'Adesivo universal power bond 2.1', '\r', '5 ml', 1030, 166),
(2801, '7898570927406', 60, 3, 'Pino fibra de vidro power post n?.5 sem broca', '\r', '5 und', 911, 166),
(2802, '7898570927413', 60, 7, 'Pino fibra de vidro power post n?1 sem broca', '\r', '5 und', 911, 166),
(2803, '7898607580017', 175, 2, 'Ponta jiffy brush pointed', '\r', '3 und', 1098, 165),
(2804, '7898607580024', 49, 6, 'Hidroxido de calcio ultracal xs', '\r', '1.2 ml', 923, 165),
(2805, '7898607580123', 32, 0, 'Dessensibilizante ultraez 3%', '\r', '1 Seringa 1,2 ml', 1029, 165),
(2806, '7898607580192', 61.33, 0, 'Clareador opalescence endo 35%', '\r', '1 seringa 1,2 ml', 910, 165),
(2807, '7898607580222', 55, 6, 'Fio retrator ultrapak #1', '\r', '244cm.', 1017, 165),
(2808, '7898607580291', 55, 5, 'Fio retrator ultrapak #00', '\r', '244cm.', 1017, 165),
(2809, '7898607580307', 55, 4, 'Fio retrator ultrapak #000', '\r', '244cm.', 1017, 165),
(2810, '7898607580352', 31, 0, 'Barreira gengival foto opaldam verde', '\r', '1 serginga 2.5 g', 1015, 165),
(2811, '7898607580512', 34, 2, 'Solucao hemostatica gel 20% viscostat', '\r', '1 seringa +5 pontas', 1024, 165),
(2812, '7898607580666', 59, 3, 'Hidroxido de calcio ultra blend plus dentina', '\r', '1.2 ml', 1012, 165),
(2813, '7898607581069', 38, 27, 'Clareador opalescence 10%', '\r', '4 Seringas 1.2 ml', 1016, 165),
(2814, '7898607581083', 38, 27, 'Clareador opalescence 15%', '\r', '4 Seringa 1,2 ml', 1016, 165),
(2815, '7898607581106', 38, 26, 'Clareador opalescence 20%', '\r', '4 Seringa 1,2ml', 1016, 165),
(2816, '7898607581113', 62, 2, 'Selante ultraseal xt', '\r', '1 seringa 1.2 ml', 1019, 165),
(2817, '7898607581212', 106, 3, 'Pasta de polimento opalustre', '\r', '1.2 ml', 1039, 165),
(2818, '7898607581281', 36, 7, 'Solucao hemostatica viscostat clear', '\r', '1 seringa 1,2ml', 1024, 165),
(2819, '7898607581533', 187, 3, 'Ponta jiffy brush regular', '\r', '3 und', 1098, 165),
(2820, '7898607581762', 98, 37, 'Clareador opalescence 10%', '\r', '12 Seringas 1,2 ml', 1016, 165),
(2821, '7898607581779', 98, 30, 'Clareador opalescence 15%', '\r', '12 Seringa 1,2 ml', 1016, 165),
(2822, '7898607581786', 98, 32, 'Clareador opalescence 20%', '\r', '12 Seringa 1,2 ml', 1016, 165),
(2823, '7898607581793', 175, 5, 'Clareador opalescence go 10% menta', 'Especial\r', '10 pares', 1016, 165),
(2824, '7898607581823', 120, 7, 'Adesivo universal bond peak', '\r', '4ml', 1030, 165),
(2825, '7898607581847', 55, 2, 'Pasta de polimento diamond polish mint 0,5', '\r', '2 seringas de 1,2ml', 1039, 165),
(2826, '7898607581854', 55, 1, 'Pasta de polimento diamond polish mint 1,0', '\r', '2 seringas de 1,2 ml', 1039, 165),
(2827, '7898607581878', 38, 2, 'Edta file eze mini kit', '\r', '2 Seringas 1,2 ml', 1165, 165),
(2828, '7898607581984', 106, 3, 'Selante foto para resinas permaseal', '\r', '4 seringas 1.2 ml', 1019, 165),
(2829, '7898607582011', 69.99, 5, 'Resina forma cor a1e', '\r', '4 g', 750, 165),
(2830, '7898607582028', 69.99, 5, 'Resina forma cor a2e', '\r', '4 g', 750, 165),
(2831, '7898607582035', 69.99, 3, 'Resina forma cor a3e', '\r', '4 g', 750, 165),
(2832, '7898607582042', 69.99, 5, 'Resina forma cor a3.5e', '\r', '4 g', 750, 165),
(2833, '7898607582059', 69.99, 3, 'Resina forma cor a4e', '\r', '4 g', 750, 165),
(2834, '7898607582066', 69.99, 3, 'Resina forma cor b1e', '\r', '4 g', 750, 165),
(2835, '7898607582073', 69.99, 2, 'Resina forma cor b2e', '\r', '4 g', 750, 165),
(2836, '7898607582097', 69.99, 3, 'Resina forma cor c1e', '\r', '4 g', 750, 165),
(2837, '7898607582103', 69.99, 2, 'Resina forma cor c2e', '\r', '4 g', 750, 165),
(2838, '7898607582110', 69.99, 3, 'Resina forma cor incisal', '\r', '4 g', 750, 165),
(2839, '7898607582127', 69.99, 3, 'Resina forma cor translucida', '\r', '4 g', 750, 165),
(2840, '7898607582141', 52, 1, 'Verniz enamelast fluoride varnish 5%', '\r', '2 Seringas de 1,2ml', 920, 165),
(2841, '7898607582189', 69.99, 5, 'Resina forma cor a1b', '\r', '4 g', 750, 165),
(2842, '7898607582196', 69.99, 5, 'Resina forma cor a2b', '\r', '4 g', 750, 165),
(2843, '7898607582202', 69.99, 4, 'Resina forma cor a3b', '\r', '4 g', 750, 165),
(2844, '7898607582219', 69.99, 6, 'Resina forma cor a3.5b', '\r', '4 g', 750, 165),
(2845, '7898607582226', 69.99, 3, 'Resina forma cor a4b', '\r', '4 g', 750, 165),
(2846, '7898607582233', 69.99, 3, 'Resina forma cor b1b', '\r', '4 g', 750, 165),
(2847, '7898607582240', 69.99, 3, 'Resina forma cor b2b', '\r', '4 g', 750, 165),
(2848, '7898607582257', 69.99, 3, 'Resina forma cor c1b', '\r', '4 g', 750, 165),
(2849, '7898607582264', 69.99, 3, 'Resina forma cor c2b', '\r', '4 g', 750, 165),
(2850, '7898607582271', 69.99, 5, 'Resina forma cor a2d', '\r', '4 g', 750, 165),
(2851, '7898607582288', 69.99, 5, 'Resina forma cor a3d', '\r', '4 g', 750, 165),
(2852, '7898607582301', 69.99, 5, 'Resina forma cor a1d', '\r', '4 g', 750, 165),
(2853, '7898607582479', 55.05, 2, 'Dessensibilizante ultraez kit (4 seringas 1.2g', '\r', '', 1029, 165),
(2854, '7898607582677', 2750, 0, 'Sistema de guias para confeccao de facetas uveneer', '\r', '16Guias sup+16inf', 750, 165),
(2855, '7898607582684', 310, 7, 'Resina forma kit', '\r', 'kit 5 serimgas', 750, 165),
(2856, '7898607583636', 50.5, 0, 'Acido fosforico 35%', '\r', '4 seringas 1.5ml', 921, 165),
(2857, '7898607583728', 195, 16, 'Clareador boost pf 40%  kit 2 paciente', '\r', '2 seringas+barera+de', 1058, 165),
(2858, '7898616280076', 21.9, 0, 'Mascara cirurgica descartavel bichos', '\r', '20 und', 1184, 182),
(2859, '7898616284067', 21, 0, 'Burrico ortho', '\r', '1 und', 1049, 182),
(2860, '7898616286627', 21, 0, 'Zebrinha ortho', '\r', '1 und', 1049, 182),
(2861, '7898616287457', 21.9, 0, 'Mascara cirurgica descartavel emoji', '\r', '1 und', 1184, 182),
(2862, '7898616287570', 20, 2, 'Babador impermeavel infantil bailarina', '\r', '1 und', 1185, 182),
(2863, '7898616287877', 21, 0, 'Gatito ortho', '\r', 'Pote 1kg', 1049, 182),
(2864, '7898616287976', 21.9, 4, 'Mascara cirurgica descartavel ortho', '\r', '20 und', 1184, 182),
(2865, '7898616288584', 24, 3, 'Babador baby unicornio', '\r', '1 und', 1185, 182),
(2866, '7898620011000', 18, 8, 'Oleo spray', '\r', '200 ml', 1186, 159),
(2867, '7898620011086', 7.99, 73, 'Mascara tipla com elastico cor verde', '\r', '50 und', 1184, 159),
(2868, '7898620011093', 7.99, 77, 'Mascara tipla com elastico cor azul', '\r', '50 und', 1184, 159),
(2869, '7898620011109', 7.99, 72, 'Mascara tipla com elastico cor rosa', '\r', '50 und', 1184, 159),
(2870, '7898629260034', 7.2, 5, 'Borca carbide fg 1558', 'Espesial 2\r', '1 und', 1093, 145),
(2871, '7898629260041', 7.2, 5, 'Borca carbide fg 1557', 'Espesial 2\r', '1 und', 1093, 145),
(2872, '7898629260058', 7.2, 0, 'Broca carbide fg 4', 'Espesial 2\r', '1 und', 1093, 145),
(2873, '7898629260089', 7.2, 0, 'Broca carbide fg 5', 'Espesial 2\r', '1 und', 1093, 145),
(2874, '7898629260096', 7.2, 4, 'Broca carbide fg 701', 'Espesial 2\r', '1 und', 1093, 145),
(2875, '7898629260133', 7.2, 5, 'Broca carbide fg 700', 'Espesial 2\r', '1 und', 1093, 145),
(2876, '7898629260164', 7.2, 0, 'Borca carbide fg 3', 'Espesial 2\r', '1 und', 1093, 145),
(2877, '7898629260218', 7.2, 5, 'Broca carbide fg 702', 'Espesial 2\r', '1 und', 1093, 145),
(2878, '7898629260430', 7.2, 5, 'Broca carbide fg 558', 'Espesial 2\r', '1 und', 1093, 145),
(2879, '7898629260515', 7.2, 5, 'Broca carbide fg 557', 'Espesial 2\r', '1 und', 1093, 145),
(2880, '7898629260690', 12, 6, 'Broca carbide cirurgica fg 702', 'Espesial 3\r', '1 und', 1093, 145),
(2881, '7898629260713', 12, 3, 'Broca carbide cirurgica fg 701', 'Espesial 3\r', '1 und', 1093, 145),
(2882, '7898629260737', 12, 4, 'Broca carbide cirurgica fg 4', 'Espesial 3\r', '1 und', 1093, 145),
(2883, '7898629260744', 12, 5, 'Broca carbide cirurgica fg 700', 'Espesial 3\r', '1 und', 1093, 145),
(2884, '7898629260775', 12, 3, 'Broca carbide cirurgica fg 5', 'Espesial 3\r', '1 und', 1093, 145),
(2885, '7898629260782', 12, 4, 'Broca carbide cirurgica fg 3', 'Espesial 3\r', '1 und', 1093, 145),
(2886, '7898629260812', 12, 7, 'Broca carbide cirurgica fg 558', 'Espesial 3\r', '1 und', 1093, 145),
(2887, '7898629260829', 12, 5, 'Broca carbide cirurgica fg 557', 'Espesial 3\r', '1 und', 1093, 145),
(2888, '7898629260836', 12, 5, 'Broca carbide cirurgica fg 1557', 'Espesial 3\r', '1 und', 1093, 145),
(2889, '7898629260843', 12, 6, 'Broca carbide cirurgica fg 1558', 'Espesial 3\r', '1 und', 1093, 145),
(2890, '7898629261253', 9.8, 13, 'Broca carbide pm 702', '\r', '1 und', 1093, 145),
(2891, '7898629261260', 9.8, 14, 'Broca carbide pm 703', '\r', '1 und', 1093, 145),
(2892, '7898629261277', 9.8, 9, 'Broca carbide pm 8', '\r', '1 und', 1093, 145),
(2893, '7898629261307', 9.8, 10, 'Broca carbide pm 6', '\r', '1 und', 1093, 145),
(2894, '7898629261475', 19.6, 25, 'Broca carbide fg tr2t', 'Espesial 2\r', '1 und', 1093, 145),
(2895, '7898629261543', 42, 30, 'Broca remocao fg218', '\r', '1 und', 1006, 145),
(2896, '7898629261888', 24, 8, 'Borca carbide fg 28  zekrya', 'Especial\r', '1 und', 1093, 145),
(2897, '7898629262137', 24, 2, 'Broca carbide fg zekrya 23', 'Especial\r', '1 und', 1093, 145),
(2898, '7898629262458', 47.9, 1, 'Broca de alta rotacao para remocao', '\r', '1 und', 1006, 142),
(2899, '7898629262960', 10.3, 8, 'Ponta diamantada fg 1011', '\r', '1 und', 749, 145),
(2900, '7898629262984', 10.3, 9, 'Ponta diamantada fg 1014', '\r', '1 und', 749, 145),
(2901, '7898629263004', 10.3, 4, 'Ponta diamantada fg 1013', '\r', '1 und', 749, 145),
(2902, '7898629263011', 10.3, 5, 'Ponta diamantada fg 1015', '\r', '1 und', 749, 145),
(2903, '7898629263110', 10.3, 7, 'Ponta diamantada fg 1016', '\r', '', 1187, 145),
(2904, '7898629263127', 10.3, 0, 'Ponta diamantada fg 2200ff', '\r', '1 und', 749, 145),
(2905, '7898629263134', 10.3, 1, 'Ponta diamantada fg 2200f', '\r', '1 und', 749, 145),
(2906, '7898629263172', 10.3, 10, 'Ponta diamantada fg 3118f', '\r', '1 und', 749, 145),
(2907, '7898629263189', 10.3, 3, 'Ponta diamantada fg 2135', '\r', '1 und', 749, 145),
(2908, '7898629263196', 10.3, 9, 'Ponta diamantada fg 3118ff', '\r', '1 und', 749, 145),
(2909, '7898629263288', 10.3, 2, 'Ponta diamantada fg 1014hl', '\r', '1 und', 749, 145),
(2910, '7898629263356', 10.3, 4, 'Ponta diamantada fg 3195f', '\r', '1 und', 749, 145),
(2911, '7898629263363', 10.3, 7, 'Ponta diamantada fg 3195ff', '\r', '1 und', 749, 145),
(2912, '7898629263462', 10.3, 3, 'Ponta diamantada fg 1016hl', '\r', '1 und', 749, 145),
(2913, '7898657860015', 15, 3, 'Resina yflow cor b1', '\r', '4 g', 915, 163),
(2914, '7898657860022', 15, 2, 'Resina yflow cor bleach', '\r', '4 g', 915, 163),
(2915, '7898657860039', 30, 2, 'Resina yflow sa cor a1', '\r', '4 g', 915, 163),
(2916, '7898657860046', 30, 2, 'Resina yflow sa cor a2', '\r', '4 g', 915, 163),
(2917, '7898657860053', 30, 2, 'Resina yflow sa cor a3', '\r', '4 g', 915, 163),
(2918, '7898657860374', 125, 1, 'Silicone de condensacao reflex', '\r', 'D1kg+F120g+C50g', 1188, 163),
(2919, '7898911795893', 65, 0, 'Fio nylon 4.0 (24 und agulha 1.5)', '\r', '24 und agulha 1.5', 1189, 183),
(2920, '7898911795978', 65, 12, 'Fio nylon 5.0 (24 und agulha 1.5)', '\r', '24 und agulha 1.5', 1189, 183),
(2921, '7898911796708', 55, 21, 'Fio seda 3.0  (24 und agulha 1.7)', '\r', '24 und agulha 1.7', 1190, 183),
(2922, '7898911796777', 55, 3, 'Fio seda 4.0 (24 und agulha 1.7)', '\r', '24 und agulha 1.7', 1190, 183),
(2923, '7898911796975', 65, 26, 'Fio nylon 3.0 (24 und agulha 1.5)', '\r', '24 und agulha 1.5', 1189, 183),
(2924, '7898916637013', 6.8, 32, 'Sugador colorido', '\r', '40 und', 1054, 159),
(2925, '7898916637099', 2.2, 201, 'Algodao em rolete n?', '\r', '100 und', 1191, 159),
(2926, '7898916637105', 7.99, 47, 'Mascara tipla com elastico cor branca', '\r', '50 und', 1184, 159),
(2927, '7898916637150', 39.9, 9, 'Espelho clinico', '\r', '12 und', 1142, 159),
(2928, '7898916637181', 15, 64, 'Babador branco', '\r', '100 und', 1008, 159),
(2929, '7898916637716', 9.9, 66, 'Agua destilada 5 litros', '\r', '5 L', 1192, 159),
(2930, '7898916688091', 17.5, 7, 'Gesso tipo 4 cor salmao dent-mix', '\r', '1 kg', 846, 179),
(2931, '7898916688114', 15, 7, 'Gesso ortodontico branco', '\r', '2 kg', 1193, 179),
(2932, '7898916688145', 7.5, 100, 'Gesso pedra tipo 3 branco', '\r', '1 kg', 1194, 179),
(2933, '7898916688176', 8.5, 56, 'Gesso pedra tipo 3 amarelo', '\r', '1 kg', 1194, 179),
(2934, '7898916688268', 6.5, 22, 'Gesso comum tipo 2 branco', '\r', '1 kg', 1195, 179),
(2935, '7898916688329', 18, 8, 'Revestimento cristobalite pote', '\r', '1 kg', 1196, 179),
(2936, '7898916689753', 15, 4, 'Sabonete cremoso anti-septico erva doce', '\r', '500ml', 1197, 184),
(2937, '7898916689791', 13, 3, 'Sabonete cremoso perolizado com extrato', '\r', '500ml', 1197, 184),
(2938, '7898916689913', 10, 5, 'Desincrustante para autoclave clave clean', '\r', '50 g', 1191, 179),
(2939, '7898916689920', 12.2, 3, 'Dissolvente de gesso solv', '\r', '250 ml', 1198, 179),
(2940, '7898918167068', 8, 12, 'Solucao de milton', '\r', '1 litro', 1199, 179),
(2941, '7898918167129', 10, 22, 'Alcool gel 70% antisseptico', '\r', '500 ml', 1200, 184),
(2942, '7898918167969', 27.6, 0, 'Detergente para instrumentos de aco inox', '\r', '', 1201, 179),
(2943, '7898918168010', 10, 8, 'Alcool 70%', '\r', '1 Litro', 1202, 179),
(2944, '7898918168027', 12, 12, 'Alcool 96%', '\r', '1 Litro', 1202, 179),
(2945, '7898918168034', 14, 12, 'Alcool 99%', '\r', '1 Litero', 1202, 179),
(2946, '7898918168232', 31, 6, 'Detergente enzimatico 5 enzimas', '\r', '500 ml', 1203, 179),
(2947, '7898918168249', 70, 8, 'Detergente enzimatico 5 enzimas', '\r', '1 litro', 1203, 179),
(2948, '7898920777118', 319, 0, 'Fio vicryl poliglactina 5.0 (36 und agulha 1.5)', '\r', '36 und agulha 1.5', 1204, 183),
(2949, '7898920777125', 319, 0, 'Fio vicryl poliglactina 4.0 (36 und agulha 1.5)', '\r', '36 und agulha 1.5', 1204, 183),
(2950, '7898930300092', 91, 1, 'Bolinha de espuma pele tim n?', '\r', '3000 und', 1205, 185),
(2951, '7898930300108', 100, 1, 'Bolinha de espuma pele tim n?', '\r', '3000 und', 1205, 185),
(2952, '7898930300115', 72, 1, 'Bolinha de espuma pele tim n?', '\r', '1000 und', 1205, 185),
(2953, '7898930300122', 65, 1, 'Bolinha de espuma pele tim n?', '\r', '1000 und', 1205, 185),
(2954, '7898930300139', 65, 0, 'Bolinha de espuma pele tim n?', '\r', '500 und', 1205, 185),
(2955, '7898930300306', 965, 1, 'Resina grandioso kit + escala de cores', '\r', 'Kit 5 seringas', 750, 185),
(2956, '7898930300702', 250, 0, 'Verniz de fluor bifluorid 12', '\r', 'Single Dose com 50', 920, 185),
(2957, '7898930300894', 350, 2, 'Adesivo futurabond dc', '\r', '4ml primer4ml adesiv', 1030, 185),
(2958, '7898930301174', 99.9, 3, 'Pasta profilatica cleanjoy fina verde', '\r', '100 g', 927, 185),
(2959, '7898930301181', 99.9, 1, 'Pasta profilatica cleanjoy media amarela', '\r', '100 g', 927, 185),
(2960, '7898930301198', 99.9, 3, 'Pasta profilatica cleanjoy grossa vermel', '\r', '100 g', 927, 185),
(2961, '7898930301303', 215, 7, 'Ionomero vidro forrador ionoseal', '\r', '2 seringas 2,5g', 747, 185),
(2962, '7898930301327', 126.9, 1, 'Ionomero de vidro forrador ionoseal', '\r', '1 seringa 2,5g', 746, 185),
(2963, '7898930301396', 109, 1, 'Cimento provisorio sem eugenol provicol', '\r', '25g Base+25g', 1177, 185),
(2964, '7898930301570', 410, 1, 'Resina bisacrilica structur 2 sc cor b1', '\r', '75 g + 10 pontas', 1031, 185),
(2965, '7898930301815', 772, 2, 'Reembasador ufi gel sc', '\r', 'Kit', 1206, 185),
(2966, '7898930302041', 590, 3, 'Corante para resina final touch kit', '\r', '5 seringas de 1,5 g', 1207, 185),
(2967, '7898930302096', 450, 3, 'Resina bisacrilica structur 2 sc a1+ brinde provicol', '\r', '75 g + 10 pontas', 1031, 185),
(2968, '7898930302102', 450, 1, 'Resina bisacrilica structur 2 sc cor a2 + provicol', '\r', '75 g + 10 pontas', 1031, 185),
(2969, '7898930302119', 450, 3, 'Resina bisacrilica structur 2 sc cor a3 + brinde un provicol', '\r', '75 g + 10 pontas', 853, 185),
(2970, '7898930302317', 199, 1, 'Verniz fluior profluorid varnish caramel', '\r', '10 ml', 920, 185),
(2971, '7898930302324', 199, 1, 'Verniz fluior profluorid varnish cereja', '\r', '10 ml', 920, 185),
(2972, '7898930302515', 179, 6, 'Ionomero meron jumbo pack', '\r', '35g po+ 15ml', 746, 185),
(2973, '7898930302522', 99, 7, 'Ionomero meron mini pack', '\r', '15g po + 7ml', 746, 185),
(2974, '7898930302539', 150, 4, 'Restaurador provisorio foto clip f', '\r', '2 seringas 4g cada', 1177, 185),
(2975, '7898930302676', 490, 1, 'Resina amaris gingiva kit + escala de cores', 'Especial\r', '3s 1,2g+4g base', 750, 185),
(2976, '7898930303161', 1890, 1, 'Pino de fibra de vidro rebilda post system', '\r', 'kit', 911, 185),
(2977, '7898930303208', 250, 3, 'Resina grandioso cor a1', '\r', '4 g', 750, 185),
(2978, '7898930303215', 250, 2, 'Resina grandioso cor a2', '\r', '4 g', 750, 185),
(2979, '7898930303369', 220, 1, 'Resina grandioso heavy flow cor a1', 'Especial\r', '2 seringas  2g cada', 915, 185),
(2980, '7898930303376', 220, 1, 'Resina grandioso heavy flow cor a2', '\r', '2 serimgas 2g cada', 915, 185),
(2981, '7898930303550', 220, 1, 'Resina grandioso flow cor a1', '\r', '2 serimgas 2g cada', 915, 185),
(2982, '7898930303567', 220, 2, 'Resina grandioso flow cor a2', '\r', '2 serimgas 2g cada', 915, 185),
(2983, '7898930303796', 137.3, 3, 'Pincel de aplicacao endo tim', '\r', '50 und', 1046, 185),
(2984, '7898930303994', 468, 1, 'Resina grandioso heavy flow  kit + escala de cores', 'Especial\r', 'Kit 5 serimgas', 915, 185),
(2985, '7898930304038', 510, 1, 'Resina bisacrilica structur 3 cor a2', '\r', '50mL + 10 pontas', 1031, 185),
(2986, '7898930304236', 270, 2, 'Silicone de adicao registrado clear', '\r', '50 ml', 1208, 185),
(2987, '7898930304267', 362, 2, 'Silicone de adicao para registro de mordida registrado x-tra', '\r', '2 cartuchos de 50ml', 1208, 185),
(2988, '7898930304519', 130, 2, 'Restaurador provisorio clip flow', '\r', '2 seringas 1.8g cada', 1177, 185),
(2989, '7898930304601', 199, 1, 'Resina admira fusion cor a1', 'Especial\r', '3 g', 750, 185),
(2990, '7898930304618', 199, 0, 'Resina admira fusion cor a2', '\r', '3 g', 1209, 185),
(2991, '7898930304625', 199, 2, 'Resina admira fusion cor a3', 'Especial\r', '3 g', 750, 185),
(2992, '7898930304649', 199, 3, 'Resina admira fusion cor a.,5', 'Especial\r', '3 g', 750, 185),
(2993, '7898930304670', 199, 1, 'Resina admira fusion cor b1', 'Especial\r', '1 seringa 3 g', 750, 185),
(2994, '7898930305073', 1510, 0, 'Resina amaris kit', '\r', 'kit 10 seringas', 750, 185),
(2995, '7898930305158', 245, 1, 'Resina admira fusion flow cor a1', 'Especial\r', '2 seringas de 2g', 915, 185),
(2996, '7898930305165', 245, 1, 'Resina admira fusion flow cor a2', 'Especial\r', '2 seringas de 2g', 915, 185),
(2997, '7898930305202', 245, 2, 'Resina admira fusion flow cor b1', 'Especial\r', '2 seringas de 2g', 915, 185),
(2998, '7898930305233', 245, 4, 'Resina admira fusion flow cor i', 'Especial\r', '2 seringas de 2g', 915, 185),
(2999, '7898930305257', 245, 1, 'Resina admira fusion flow cor bl', 'Especial\r', '2 seringas de 2g', 915, 185),
(3000, '7898930305264', 245, 1, 'Resina admira fusion flow cor wo', 'Especial\r', '2 seringas de 2g', 915, 185),
(3001, '7898930305288', 328, 2, 'Silicone de adicao para modelos die+heavy flow a2 de 1g+2 bllisters adesivo futurabond u', '\r', '2 cartucho de 50ml', 1210, 185),
(3002, '7898930305745', 410, 2, 'Adesivo futurabond u + brinde resina admira fusion x-tra', '\r', '50 blisters', 1030, 185),
(3003, '7898930305967', 425, 0, 'Adesivo para braquetes  brackfix', '\r', 'kit 50 und', 901, 185),
(3004, '7898937612860', 65, 19, 'Fio nylon sertix 4.0 (24 und agulha 1.5)', '\r', '24 und agulha 1.5', 1189, 183),
(3005, '7898938244015', 35, 9, 'Teste de vitalidade endo ice spray', '\r', '200 ml', 1211, 151),
(3006, '7898938244060', 32, 13, 'Oleo spray', '\r', '200mL', 1186, 151),
(3007, '7898938244107', 19.9, 6, 'Oleo de laranja', '\r', '10 ml', 1212, 151),
(3008, '7898938244114', 2.5, 7, 'Cartao para raio x com 6 furos', 'Espesial 2\r', '1 und', 839, 151),
(3009, '7898938244169', 19.9, 19, 'Oleo spray', '\r', '100 mL', 1186, 151),
(3010, '7898938244206', 6.7, 16, 'Fluor gel neutro sabor menta', '\r', '100 ml', 925, 151),
(3011, '7898938244213', 6.7, 42, 'Fluor gel tutti frutti acidulado', '\r', '100 ml', 925, 151),
(3012, '7898938244220', 26, 11, 'Sugador cirurgico descartavel esteril', '\r', '20 und', 1213, 151),
(3013, '7898938244268', 10, 7, 'Bicarbonato sabor natural airon', '\r', '100g', 793, 151),
(3014, '7898938244275', 13.9, 9, 'Bicarbonato sabor natural airon', '\r', '200g', 793, 151),
(3015, '7898938244299', 13.9, 4, 'Clorhexidina solucao 2%', '\r', '100ml', 1028, 151),
(3016, '7898938244350', 9, 4, 'Evidenciador de placa visuplac', '\r', '10ml', 1074, 151),
(3017, '7898938244367', 4, 35, 'Tira de poliester airon 4 mm', '\r', '12 und', 1214, 151),
(3018, '7898938244404', 24.9, 2, 'Hemostatica solucao hemopare', '\r', '10 ml', 1215, 151),
(3019, '7898938244411', 9, 36, 'Pasta profilatica tutti frutti', '\r', '90 g', 927, 151),
(3020, '7898938244435', 9, 32, 'Pasta profilatica meta', '\r', '90 g', 927, 151),
(3021, '7898938244497', 74, 2, 'Posicionador de filme universal autolava', '\r', 'kit 4 pecas', 839, 151),
(3022, '7898938244503', 2.5, 33, 'Banda matriz metalica 0,05x5mm', 'Espesial 3\r', '50cm', 1043, 151),
(3023, '7898938244510', 2.5, 14, 'Banda matriz metalica 0,05x7mm', 'Espacial 4\r', '50cm', 1043, 151),
(3024, '7898938244534', 2.99, 24, 'Papel carbono super carbon basic', '\r', '12 und', 1064, 151),
(3025, '7898938244541', 7.99, 39, 'Acido fosforico 37%', '\r', '3 seringas de 2,5ml', 921, 151),
(3026, '7898938244596', 8.9, 0, 'Pedra pomes extra fina', '\r', '100g', 926, 151),
(3027, '7898938244619', 27.9, 6, 'Injetor para elastomero', '\r', '1 und', 1007, 151),
(3028, '7898938244657', 12.9, 0, 'Regua de endo milimetrada aluminio', 'Especial\r', '1 und', 1079, 151),
(3029, '7898938244664', 8.9, 4, 'Regua de endo milimetrada plastico', '\r', '1 und', 1079, 151),
(3030, '7898938244671', 16.9, 26, 'Acido fluoridrico 10%', '\r', '1 seringa 4 g', 1013, 151),
(3031, '7898938244695', 15, 15, 'Eugenol', '\r', '20 ml', 1216, 151),
(3032, '7898938244701', 7.9, 14, 'Formacrecol', '\r', '10ml', 1217, 151),
(3033, '7898938244718', 8.5, 9, 'Tricresol formalina', '\r', '10 ml', 1218, 151),
(3034, '7898938244725', 9.49, 49, 'Cera protetora', '\r', '10 und', 992, 151),
(3035, '7898938244770', 14.9, 27, 'Caixa para aparelho movel', '\r', '10 und', 1062, 151),
(3036, '7898938244886', 10.9, 29, 'Obturador provisorio obtur', '\r', '25 g', 1010, 151),
(3037, '7898938244893', 35, 0, 'Fio retrator retractor n?00', '\r', '250cm', 1017, 151),
(3038, '7898938244909', 35, 5, 'Fio retrator retractor n?0', '\r', '250cm.', 1017, 151),
(3039, '7898938244916', 35, 4, 'Fio retrator retractor n?', '\r', '250cm.', 1017, 151),
(3040, '7898938244947', 7, 27, 'Espatula para ionomero', '\r', '1 und', 1219, 151),
(3041, '7898938423618', 8, 2, 'Dissolvente de alginato solv', '\r', '250 ml', 1220, 179),
(3042, '7898938423649', 30, 5, 'Dissolvente de cera solv', '\r', '500 ml', 1221, 179),
(3043, '7898938423656', 37, 16, 'Limpador aco inox clean', '\r', '1 litro', 1222, 179),
(3044, '7898938423830', 9.9, 12, 'Detergente neutro deter asfer frasco', '\r', '1 litro', 1223, 179),
(3045, '7898951448032', 21.9, 2, 'Mascara cirurgica descartavel lingua', '\r', '20 und', 1184, 182),
(3046, '7898951448070', 21.9, 0, 'Mascara  cirurgica descartavel classicas', '\r', '20 und', 1184, 182),
(3047, '7898951448254', 22, 0, 'Babador infantil bidu', '\r', '1 und', 1185, 182),
(3048, '7898952555029', 250, 3, 'Silicone de adicao scan putty + scan regular', '\r', '600ml base+ca+50ml', 904, 163),
(3049, '7898952555036', 290, 3, 'Silicone de adicao scan putty + scan light', '\r', '600ml Ba+Ca+50ml', 904, 163),
(3050, '7898952555050', 79, 3, 'Cimento provisorio sem eugenol provisory', '\r', '50g Base+15g  Cat', 924, 151),
(3051, '7898952555074', 120, 2, 'Silicone de adicao scan ultra light', '\r', '50 ml', 904, 163),
(3052, '7898952555081', 120, 2, 'Silicone de adicao scan light', '\r', '50 ml', 904, 163),
(3053, '7898952555098', 120, 2, 'Silicone de adicao scan regular', '\r', '50 ml', 904, 163),
(3054, '7898952555135', 125, 3, 'Silicone confeccao modelos scan die isol', '\r', '50 ml', 1224, 163),
(3055, '7898952555142', 120, 4, 'Silicone scan translux', '\r', 'Cartucho 50 ml', 1224, 163),
(3056, '7898952555173', 49, 6, 'Silicone de condensacao fluido reflex', '\r', '120 g', 1188, 163),
(3057, '7898952555180', 35, 3, 'Catalisador universal reflex', '\r', '50g', 1225, 163),
(3058, '7898952555197', 25, 3, 'Adesivo convencional  ybond mono', '\r', '5 ml', 1030, 163),
(3059, '7898952555210', 20, 5, 'Silano', '\r', '5 ml', 1014, 163),
(3060, '7898952555234', 230, 3, 'Resina bisacrilica yprov bisacryl cor a1', '\r', '50 ml + 6 pontas', 1031, 163),
(3061, '7898952555241', 230, 1, 'Resina bisacrilica yprov bisacryl cor a2', '\r', '50 ml + 6 pontas', 1031, 163),
(3062, '7898952555258', 230, 3, 'Resina bisacrilica yprov bisacryll cor a3', '\r', '50 ml + 6 pontas', 1031, 163),
(3063, '7898952555272', 230, 2, 'Resina bisacrilica yprov bisacryl cor b1', '\r', '50 ml + 6 pontas', 1031, 163),
(3064, '7898952555302', 230, 2, 'Resina bisacrilica yprov bisacryl cor bleach', '\r', '50ml + 6 pontas', 1031, 163),
(3065, '7898952555395', 40, 5, 'Cimento para lentes veneer foto ycem', '\r', '1 seringa de 2,5g', 1226, 163),
(3066, '7898952555593', 250, 1, 'Pistola dispensadora  universal', '\r', '1 und', 1007, 163),
(3067, '7898952555630', 180, 4, 'Silicone registro de mordidas scan bite', '\r', '50ml + 6 pontas', 1208, 163),
(3068, '7898952555678', 140, 1, 'Silicone de adicao gengiva hard gingimax', '\r', '50 ml', 1227, 163),
(3069, '7898952555685', 140, 2, 'Silicone de adicao gengiva esthetic gingimax', '\r', '50 ml', 1227, 163),
(3070, '7898952555692', 300, 4, 'Silicone de adicao scan putty + scan light +scan regular', '\r', '600ml base+ca+100ml', 904, 163),
(3071, '7898952555784', 28, 6, 'Pontas  automistura scan automix amarelas', '\r', '12 und', 1228, 163),
(3072, '7898952555791', 28, 4, 'Pontas automistura scan automix azul', '\r', '12 und', 1228, 163),
(3073, '7898952555807', 38, 10, 'Pontas automistura scan automix amarelas+ intraoral', '\r', '12+12 und', 1228, 163),
(3074, '7898952555869', 300, 2, 'Silicone de adicao scan putty + scan light + scan ultralight', '\r', '600ml base+ca+100mlS', 904, 163),
(3075, '7898952555975', 15, 4, 'Resina yflow cor a1', '\r', '4 g', 915, 163),
(3076, '7898952555982', 15, 0, 'Resina yflow cor a2', '\r', '4 g', 915, 163),
(3077, '7898952555999', 15, 1, 'Resina yflow cor a3', '\r', '4 g', 915, 163),
(3078, '7898953463286', 35, 3, 'Ativador universal flexilabor', '\r', '45g', 1229, 186),
(3079, '7898953463323', 90, 2, 'Silicone flexilabor f85 semi rigido azul + ativador', '\r', '900 g', 1229, 186),
(3080, '7898953463576', 22, 0, 'Gesso tipo iv especial brnaco', '\r', 'Pote 1kg', 846, 186),
(3081, '7898963668428', 39, 13, 'Envelope para estetilizacao', '\r', '9cm x26 cm 200 und', 847, 149),
(3082, '7899179715647', 50, 5, 'Condensador de guta finger spread 21mm n?15-40', '\r', '6 und', 1230, 187),
(3083, '7899179715791', 53, 4, 'Lentulo 25mm n?25-40', '\r', '4 und', 1231, 187),
(3084, '7899179715906', 43, 5, 'Lima flexile files 21mm n?15-40', '\r', '6 und', 1232, 187),
(3085, '7899179715975', 43, 4, 'Lima flexile files 25mm n?15-40', '\r', '6 und', 1232, 187),
(3086, '7899179716637', 31, 5, 'Lima k-flles kerr 25mm n?15-40', '\r', '6 und', 1233, 187),
(3087, '7899179716859', 30, 5, 'Lima k-flles kerr 25mm n?45-80', '\r', '6 und', 1047, 187),
(3088, '7899179732699', 60, 2, 'Resina resilab a1d', '\r', '4 g', 1234, 188),
(3089, '7899179732705', 60, 1, 'Resina resilab a2d', '\r', '4 g', 1234, 188),
(3090, '7899179732712', 60, 0, 'Resina resilab a3d', '\r', '4 g', 1234, 188),
(3091, '7899179732729', 60, 2, 'Resina resilab a3.5d', '\r', '4 g', 1234, 188),
(3092, '7899179732736', 60, 1, 'Resina resilab a4d', '\r', '4 g', 1234, 188),
(3093, '7899179732743', 60, 1, 'Resina resilab b1d', '\r', '4 g', 1234, 188),
(3094, '7899179732750', 60, 2, 'Resina resilab b2d', '\r', '4 g', 1234, 188),
(3095, '7899179732781', 60, 1, 'Resina resilab c1d', '\r', '4 g', 1234, 188),
(3096, '7899179732798', 60, 2, 'Resina resilab c2d', '\r', '4 g', 1234, 188),
(3097, '7899179733054', 49.5, 5, 'Resina resilab liquida de modelar', '\r', '5ml', 1234, 188),
(3098, '7899179733085', 56, 0, 'Algodao rolete luna n?', '\r', '500 und', 1235, 189),
(3099, '7899179734945', 75, 2, 'Disco de aco 7/8\"', '\r', '12 und', 1032, 190),
(3100, '7899179763112', 48, 2, 'Alicate 121 bico chato', '\r', '1 und', 1236, 188),
(3101, '7899179768698', 48, 3, 'Alicate 139 angle', '\r', '1 und', 876, 188),
(3102, '7899179776785', 35, 0, 'Algodao rolete master roll plus n?', '\r', '500 und', 1235, 188),
(3103, '7899179790866', 16, 20, 'Papel carbono accufilm ii vermelho e preto', '\r', '12 und', 1064, 191),
(3104, '7899179791610', 190, 5, 'Lima rotatoria silk standard pack 25mm', '\r', '3 und', 1237, 187),
(3105, '7899179798190', 110, 1, 'Espelho economy ss n?', '\r', '1 und', 1142, 188),
(3106, '7899328753476', 100, 0, 'Enxerto osseo ceramico genphos ha tcp', 'Espacial 4\r', '0,5cc', 1238, 192),
(3107, '7899328753599', 135, 12, 'Osseo composto enxerto genmix', 'Espesial 2\r', '0.75cc', 1238, 192),
(3108, '7899328753704', 85, 15, 'Osseo enxerto inorg esponjoso genox', '\r', '0.5g ou 0.5cc cm?', 1238, 192),
(3109, '7899328753711', 145, 6, 'Osseo enxerto inorg esponjoso genox', '\r', '1g ou 1cc cm?', 1238, 192),
(3110, '7899328753834', 170, 3, 'Membrana genderm', '\r', '30 mm x 30mm', 1239, 192),
(3111, '7899328753841', 135, 2, 'Membrana genderm', '\r', '20 mm x 20 mm', 1239, 192),
(3112, '7899328759751', 230, 0, 'Osseo enxerto em bloco orthogen', 'Especial\r', '05 x 15 x 15', 1238, 192),
(3113, '7899328791225', 110, 1, 'Enxerto osseo ceramico genphos xp', 'Espesial 3\r', '0,5cc', 1238, 192),
(3114, '7899439200357', 18, 3, 'Tubo damon cola simples autoligado 16', '\r', '1 und', 1240, 193),
(3115, '7899439200371', 18, 3, 'Tubo damon cola simples autoligado 26', '\r', '1 und', 1240, 193),
(3116, '7899439200395', 18, 3, 'Tubo damon cola simples autoligado 46', '\r', '1 und', 1240, 193),
(3117, '7899439200418', 18, 3, 'Tubo damon cola simples autoligado 36', '\r', '1 und', 1240, 193),
(3118, '7899439202337', 55, 2, 'Bite turbo molde', '\r', 'Kit Mini', 775, 193),
(3119, '7899439205734', 35, 1, 'Braquetes metalico padrao 1 vector', 'Especial\r', '1 caso', 765, 193),
(3120, '7899439211001', 255, 0, 'Braquetes metalico roth vector', 'Roth \r', '10 casos', 765, 193),
(3121, '7899439214439', 35, 0, 'Braquetes metalico roth vector', 'Roth \r', '1 caso', 765, 193),
(3122, '7899439238244', 35, 0, 'Sequencia de arcos niti termoativados 35?contour easyclip', '\r', '10 und', 1241, 193),
(3123, '7899439239098', 26.2, 0, 'Arco contour niti termo 0.14 formato damon', '\r', '10 und', 1242, 193),
(3124, '7899439239142', 26.2, 4, 'Arco contour niti termo 0.16 formato damon', '\r', '10 und', 1242, 193),
(3125, '7899439239197', 26.2, 0, 'Arco contour niti termo 0.18 formato damon', '\r', '10 und', 1242, 193),
(3126, '7899439239241', 35.6, 2, 'Arco contour niti termo 0.14 x 0.25  formato damon', '\r', '10 und', 1242, 193),
(3127, '7899439239302', 35.6, 3, 'Arco contour niti termo 0.16 x 0.25  formato damon', '\r', '10 und', 1242, 193),
(3128, '7899439239371', 35.6, 1, 'Arco contour niti termo 0.18 x 0.25 formato damon', '\r', '10 und', 1242, 193),
(3129, '7899439249530', 22, 6, 'Braquetes metalico roth biomax', 'Roth 2\r', '1 caso', 765, 193),
(3130, '7899439250277', 35.5, 5, 'Arco contour niti termo 0.19 x 0.25 formato damon', '\r', '10 und', 1242, 193),
(3131, '7899439270626', 170, 9, 'Braquetes metalico damon standard', '\r', '1 caso', 766, 193),
(3132, '7899439271975', 170, 4, 'Braquetes metalico damon low torque', '\r', '1 caso', 766, 193),
(3133, '7899439273634', 170, 5, 'Braquetes metalico damon super torque', '\r', '1 caso', 766, 193),
(3134, '7908004400372', 95, 1, 'Jogo de alavanca potts colorido', 'Espesial 2\r', 'kit 3 un', 1135, 156),
(3135, '7908004405544', 30, 10, 'Sonda 12 mm cor cinza', '\r', '1 und', 1243, 156),
(3136, '7908004405582', 30, 10, 'Sonda 15 mm cor cinza', '\r', '1 und', 1243, 156),
(3137, '7908004405858', 5, 26, 'Cabo para espelho clinico cor cinza', '\r', '1 und', 1244, 156),
(3138, '7908004405933', 5, 14, 'Cabo para espelho clinico cor preto', '\r', '1 und', 1245, 156),
(3139, '7908004405964', 5, 8, 'Cabo para espelho clinico cor amarelo', '\r', '1 und', 1244, 156),
(3140, '7908004405971', 5, 5, 'Cabo para espelho clinico cor azul', '\r', '1 und', 1244, 156),
(3141, '7908004405995', 5, 8, 'Cabo para espelho clinico cor rosa', '\r', '1 und', 1245, 156),
(3142, '7908004406008', 5, 7, 'Cabo para espelho clinico cor roxo', '\r', '1 und', 1244, 156),
(3143, '7908004406015', 5, 8, 'Cabo para espelho clinico cor verde', '\r', '1 und', 1244, 156),
(3144, '7908004406022', 5, 10, 'Cabo para espelho clinico cor vermlho', '\r', '1 und', 1244, 156),
(3145, '7908004407647', 16, 11, 'Colocador de elastique roxo lados iguais', '\r', '1 und', 936, 156),
(3146, '7908004407685', 16, 8, 'Colocador de elastique rosa lados diferente', '\r', '1 und', 936, 156),
(3147, '7908004407692', 16, 16, 'Colocador de elastique roxo lados diferente', '\r', '1 und', 936, 156),
(3148, '7908004407739', 16, 3, 'Sputnik dobrador de amarrilho azul', '\r', '1 und', 899, 156),
(3149, '7908004407746', 16, 6, 'Sputnik dobrador de amarrilho cinza', '\r', '1 und', 899, 156),
(3150, '7908004407753', 16, 3, 'Sputnik dobrador de amarrilho rosa', '\r', '1 und', 899, 156),
(3151, '7908004407760', 16, 6, 'Sputnik dobrador de amarrilho roxo', '\r', '1 und', 899, 156),
(3152, '7908004410746', 90, 0, 'Perfurador ainsworth', '\r', '1 und', 1246, 156),
(3153, '7908004410814', 75, 1, 'Forceps adulto n?1', '001\r', '1 und', 1247, 156),
(3154, '7908004410838', 75, 1, 'Forceps adulto n?50', '150\r', '1 und', 1247, 156),
(3155, '7908004410845', 75, 1, 'Forceps adulto n?51', '151\r', '1 und', 1247, 156),
(3156, '7908004410852', 75, 0, 'Forceps adulto n?6', 'Especial 5\r', '1 und', 1247, 156),
(3157, '7908004410869', 75, 1, 'Forceps adulto n?7', 'Espacial 4\r', '1 und', 1247, 156),
(3158, '7908004410876', 75, 0, 'Forceps adulto n?8 l', 'Espesial 3\r', '1 und', 1247, 156),
(3159, '7908004410883', 75, 0, 'Forceps adulto n?8 r', 'Espesial 3\r', '1 und', 1247, 156),
(3160, '7908004410913', 75, 2, 'Forceps adulto n?5', 'Espesial 2\r', '1 und', 1247, 156),
(3161, '7908004410920', 75, 2, 'Forceps adulto n?8', 'Especial\r', '1 und', 1247, 156),
(3162, '7908004410937', 75, 0, 'Forceps adulto n?9', '\r', '1 und', 1247, 156),
(3163, '7908004411439', 150, 2, 'Saca coroa n?', '\r', '1 und', 1248, 156),
(3164, '7908004413082', 10.5, 10, 'Cabo de bisturi n\"3', '\r', 'Cabo de Bisturi', 1249, 156),
(3165, '7908004414676', 13, 11, 'Pinca clinica comum 317', '\r', '1 und', 1250, 156),
(3166, '7908148201569', 22, 0, 'Babador adulto beijos abracos & sorriso', '\r', '1 und', 1185, 182),
(3167, '7908255800143', 11.9, 0, 'Gancho ponta bola reto', 'Especial\r', '10 und', 777, 142),
(3168, '7908255809559', 224, 0, 'Braquetes autoligado metalico passivo high torque thomas .022\"', '\r', '1 caso', 766, 142),
(3169, '7908255809801', 209.9, 0, 'Alicate removedor braquete estetico curvo 346e', 'Especial\r', '1 und', 883, 142),
(3170, '793573255990', 25.2, 39, 'Luva pink latex extra pequena', '\r', '100 und', 1251, 147),
(3171, '793573256010', 25.2, 50, 'Luva pink latex media', '\r', '100 und', 1251, 147),
(3172, '793573256027', 25.2, 43, 'Luva pink latex pequena', '\r', '100 und', 1251, 147),
(3173, '793573267603', 24, 54, 'Luva latex extra pequena', '\r', '100 und', 1251, 147),
(3174, '793573958365', 24, 12, 'Luva latex pequena', '\r', '100 und', 1251, 147),
(3175, '793573958372', 24, 17, 'Luva latex media', '\r', '100 und', 1251, 147),
(3176, '793573958389', 24, 14, 'Luva latex grande', '\r', '100 und', 1251, 147),
(3177, '8000000117021', 4.2, 15, 'Triunfo inferior 2d cor 60', '\r', '1 und', 741, 143),
(3178, '8000000117045', 4.2, 10, 'Triunfo inferior 266 cor 60', '\r', '1 und', 741, 143),
(3179, '8000000117069', 4.2, 11, 'Triunfo superior 3p cor 62', '\r', '1 und', 741, 143),
(3180, '8000000117083', 4.2, 20, 'Triunfo superior 32m cor 62', '\r', '1 und', 741, 143),
(3181, '8000000117090', 4.2, 18, 'Triunfo inferior 34l cor 62', '\r', '1 und', 741, 143),
(3182, '8000000117144', 4.2, 10, 'Triunfo inferior a25 cor 66', '\r', '1 und', 741, 143),
(3183, '8000000117151', 4.2, 6, 'Triunfo inferior 266 cor 66', '\r', '1 und', 741, 143),
(3184, '8000000117205', 4.2, 19, 'Triunfo superior 3d cor 69', '\r', '1 und', 837, 143),
(3185, '8000000117212', 4.2, 9, 'Triunfo superior 3p cor 69', '\r', '1 und', 741, 143),
(3186, '8000000117229', 4.2, 6, 'Triunfo superior 32l cor 69', '\r', '1 und', 741, 143),
(3187, '8000000267016', 45, 3, 'Resina termo po incolor', '\r', '450 g', 755, 143),
(3188, '8000000270139', 15, 4, 'Resina acrilica bivalente cor 66', '\r', '25 g', 751, 143),
(3189, '8000000287281', 85, 3, 'Resina acrilica auto po cristal', '\r', '1 kg', 834, 143),
(3190, '8000000292711', 8.5, 15, 'Bionix te3 cor 69', '\r', '1 und', 743, 143),
(3191, '8000000292735', 8.5, 16, 'Bionix r4b cor 69', '\r', '1 und', 743, 143),
(3192, '8000000292759', 8.5, 13, 'Bionix il7 cor 69', '\r', '1 und', 743, 143),
(3193, '8000000292766', 8.5, 16, 'Bionix ik 6 cor 60', '\r', '1 und', 743, 143),
(3194, '8000000292773', 8.5, 7, 'Bionix superior tm2 cor 62', '\r', '1 und', 743, 143),
(3195, '8000000292797', 8.5, 10, 'Bionix superior tm6 cor 62', '\r', '1 und', 743, 143),
(3196, '8000000292803', 8.5, 10, 'Bionix inferior tm2 cor 62', '\r', '1 und', 743, 143),
(3197, '8000000292827', 8.5, 7, 'Bionix inferior tm6 cor 62', '\r', '1 und', 743, 143),
(3198, '8000000292841', 8.5, 13, 'Bionix t14 cor 66', '\r', '1 und', 743, 143),
(3199, '8000123456789', 262.65, 0, 'Kit arcos niti superelasticos +porta fios', '\r', 'kit', 1252, 148),
(3200, '8000123456790', 262.65, 0, 'Kit arcos niti termo +porta fios', '\r', 'Kit', 1252, 148),
(3201, '8000123456791', 45, 20, 'Clareador clariant office peroxido de hidrogenio 35% + brinde barrera gengival', 'Especial\r', '1 se 1,2g+barera3g', 1058, 175),
(3202, '896324557', 41, 4, 'Barreira gengival foto opaldam verde', '\r', '2 seringas 2.5g', 1015, 165),
(3203, '898958254', 33, 17, 'Lamina de bisturi de 15', '\r', '100 und', 794, 152),
(3204, '9000000117020', 4.2, 13, 'Triunfo superior 2d cor 60', '\r', '1 und', 741, 143);
INSERT INTO `produto` (`id_produto`, `barcode`, `preco`, `estoque`, `especificacao`, `tipo`, `embalagem`, `id_subgrupo`, `id_marca`) VALUES
(3205, '9000000117044', 4.2, 9, 'Triunfo superior 266 cor 60', '\r', '1 und', 741, 143),
(3206, '9000000117051', 4.2, 9, 'Triunfo superior 30l cor 60', '\r', '1 und', 741, 143),
(3207, '9000000117068', 4.2, 12, 'Triunfo superior 263 cor 62', '\r', '1 und', 741, 143),
(3208, '9000000117075', 4.2, 17, 'Triunfo superior 2p cor 62', '\r', '1 und', 741, 143),
(3209, '9000000117082', 4.2, 13, 'Triunfo inferior 30m cor 62', '\r', '1 und', 741, 143),
(3210, '9000000117143', 4.2, 9, 'Triunfo superior a25 cor 66', '\r', '1 und', 1253, 143),
(3211, '9000000117150', 4.2, 11, 'Triunfo superior 266 cor 66', '\r', '1 und', 741, 143),
(3212, '9000000117204', 4.2, 15, 'Triunfo inferior 2d cor 69', '\r', '1 und', 741, 143),
(3213, '9000000117211', 4.2, 22, 'Triunfo superior 263 cor 69', '\r', '1 und', 741, 143),
(3214, '9000000117235', 4.2, 9, 'Triunfo superior 264 cor 62', '\r', '1 und', 741, 143),
(3215, '9000000255593', 14, 11, 'Cera 9 rosa', '\r', '225g', 753, 143),
(3216, '9000000266964', 16, 8, 'Cera 7 rosa', '\r', '225g', 753, 143),
(3217, '9000000270138', 15, 5, 'Resina acrilica bivalente cor 62', '\r', '25 g', 835, 143),
(3218, '9000000287280', 45, 4, 'Resina acrilica auto po cristal', '\r', '450 g', 834, 143),
(3219, '9000000292673', 8.5, 15, 'Bionix te2 cor 66', '\r', '1 und', 743, 143),
(3220, '9000000292697', 8.5, 16, 'Bionix tf4 cor 66', '\r', '1 und', 743, 143),
(3221, '9000000292703', 8.5, 12, 'Bionix te4 cor 66', '\r', '1 und', 743, 143),
(3222, '9000000292727', 8.5, 17, 'Bionix t12 cor 66', '\r', '1 und', 743, 143),
(3223, '9000000292741', 8.5, 12, 'Bionix t17 cor 69', '\r', '1 und', 743, 143),
(3224, '9000000292765', 8.5, 10, 'Bionix i 10 cor 69', '\r', '1 und', 743, 143),
(3225, '9000000292772', 8.5, 5, 'Bionix superior tm2 cor 60', '\r', '1 und', 743, 143),
(3226, '9000000292789', 8.5, 11, 'Bionix superior tm4 cor 69', '\r', '1 und', 743, 143),
(3227, '9000000292796', 8.5, 15, 'Bionix superior tm6 cor 60', '\r', '1 und', 743, 143),
(3228, '9000000292802', 8.5, 5, 'Bionix inferior tm3 cor 60', '\r', '1 und', 743, 143),
(3229, '9000000292819', 8.5, 10, 'Bionix inferior tm4 cor 69', '\r', '1 und', 743, 143),
(3230, '9000000292826', 8.5, 15, 'Bionix inferior tm6 cor 60', '\r', '1 und', 743, 143),
(3231, '9000000292833', 8.5, 16, 'Bionix tl4 cor 62', '\r', '1 und', 743, 143),
(3232, '9000000292857', 8.5, 15, 'Bionix ik 12 cor 62', '\r', '1 und', 743, 143),
(3233, '9300000117076', 4.2, 15, 'Triunfo inferior 2p cor 62', '\r', '1 und', 741, 143),
(3234, '9900000117085', 4.2, 13, 'Triunfo superior 30l cor 62', '\r', '1 und', 741, 143),
(3235, '9991000387059', 7, 61, 'Sugador de saliva azul', '\r', '40 und', 1054, 194),
(3236, '9991000387066', 7, 88, 'Sugador de saliva amarelo', '\r', '40 und', 1054, 194),
(3237, '9991000387073', 7, 60, 'Sugador de saliva verde', '\r', '40 und', 1054, 194),
(3238, '9991000387080', 7, 59, 'Sugador de saliva vermelho', '\r', '40 und', 1054, 194),
(3239, '9991000387097', 7, 41, 'Sugador de saliva transparente', '\r', '40 und', 1054, 194);

-- --------------------------------------------------------

--
-- Estrutura da tabela `slider`
--

CREATE TABLE `slider` (
  `id_slider` int(11) NOT NULL,
  `id_subgrupo` int(11) NOT NULL,
  `imagem` varchar(5000) DEFAULT NULL,
  `fundo` varchar(5000) DEFAULT NULL,
  `status` enum('1','0') NOT NULL
) ENGINE=InnoDB DEFAULT CHARSET=latin1;

-- --------------------------------------------------------

--
-- Estrutura da tabela `subgrupo`
--

CREATE TABLE `subgrupo` (
  `id_subgrupo` int(11) NOT NULL,
  `nome` varchar(200) NOT NULL,
  `id_grupo` int(11) NOT NULL
) ENGINE=InnoDB DEFAULT CHARSET=latin1;

--
-- Extraindo dados da tabela `subgrupo`
--

INSERT INTO `subgrupo` (`id_subgrupo`, `nome`, `id_grupo`) VALUES
(739, 'Implante', 1),
(740, 'Elastico', 2),
(741, 'Dente', 3),
(742, 'Insolante e cera', 4),
(743, 'Dente', 5),
(744, 'Elastico', 6),
(745, 'Elastico', 7),
(746, 'Ionomero', 8),
(747, 'Ionomero', 9),
(748, 'Ionomero', 10),
(749, 'Ponta diamantada', 11),
(750, 'Resina para consultorio', 12),
(751, 'Resina para laboratorio', 13),
(752, 'Adesivo e ionemero ortho', 14),
(753, 'Insolante e cera', 15),
(754, 'Resina para laboratorio', 16),
(755, 'Resina para laboratorio', 17),
(756, 'Dente', 18),
(757, 'Implante', 19),
(758, 'Implante', 20),
(759, 'Elastico', 21),
(760, 'Luvas descartaveis', 22),
(761, 'Resina para laboratorio', 23),
(762, 'Implante', 24),
(763, 'Reposicao de braquetes', 25),
(764, 'Reposicao de braquetes', 26),
(765, 'Braquetes', 27),
(766, 'Braquetes', 28),
(767, 'Braquetes', 29),
(768, 'Reposicao de braquetes', 30),
(769, 'Braquetes', 30),
(770, 'Braquetes', 25),
(771, 'Braquetes', 31),
(772, 'Tubo cola', 32),
(773, 'Tubo cola', 33),
(774, 'Perifericos e pecas de mao', 34),
(775, 'Gancho,stop,guia,gurin', 35),
(776, 'Gancho,stop,guia,gurin', 36),
(777, 'Gancho,stop,guia,gurin', 37),
(778, 'Acessorios para ortodontia', 38),
(779, 'Acessorios para ortodontia', 39),
(780, 'Acessorios para ortodontia', 40),
(781, 'Acessorios para ortodontia', 41),
(782, 'Gancho,stop,guia,gurin', 42),
(783, 'Cimento', 43),
(784, 'Implante', 44),
(785, 'Implante', 45),
(786, 'Biosseguranca', 46),
(787, 'Biosseguranca', 47),
(788, 'Radiologia', 48),
(789, 'Radiologia', 49),
(790, 'Implante', 50),
(791, 'Implante', 51),
(792, 'Implante', 52),
(793, 'Prevencao e profilaxia', 53),
(794, 'Lamina de bisturi e cabos', 54),
(795, 'Implante', 55),
(796, 'Implante', 56),
(797, 'Aparelhos', 57),
(798, 'Suporte e porta acessorios', 58),
(799, 'Suporte e porta acessorios', 59),
(800, 'Suporte e porta acessorios', 60),
(801, 'Suporte e porta acessorios', 61),
(802, 'Suporte e porta acessorios', 62),
(803, 'Suporte e porta acessorios', 63),
(804, 'Suporte e porta acessorios', 64),
(805, 'Suporte e porta acessorios', 65),
(806, 'Suporte e porta acessorios', 66),
(807, 'Suporte e porta acessorios', 67),
(808, 'Suporte e porta acessorios', 68),
(809, 'Espelho', 69),
(810, 'Suporte e porta acessorios', 70),
(811, 'Suporte e porta acessorios', 71),
(812, 'Implante', 72),
(813, 'Implante', 73),
(814, 'Implante', 74),
(815, 'Implacil', 75),
(816, 'Implante', 76),
(817, 'Implante', 77),
(818, 'Implante', 78),
(819, 'Instrumentais diversos', 79),
(820, 'Instrumentais diversos', 80),
(821, 'Pote dappen', 81),
(822, 'Pote dappen', 3),
(823, 'Implante', 82),
(824, 'Implante', 83),
(825, 'Radiologia', 84),
(826, 'Implante', 85),
(827, 'Implante', 86),
(828, 'Implante', 87),
(829, 'Afastador e abridor', 88),
(830, 'Afastador e abridor', 89),
(831, 'Afastador e abridor', 90),
(832, 'Afastador e abridor', 91),
(833, 'Cimento', 92),
(834, 'Resina para laboratorio', 93),
(835, 'Resina para laboratorio', 94),
(836, 'Perifericos e pecas de mao', 95),
(837, 'Dente', 96),
(838, 'Perifericos e pecas de mao', 97),
(839, 'Radiologia', 98),
(840, 'Perifericos e pecas de mao', 99),
(841, 'Resina para laboratorio', 100),
(842, 'Insolante e cera', 101),
(843, 'Agulha', 102),
(844, 'Mascara e kit esteril', 103),
(845, 'Radiologia', 104),
(846, 'Gesso', 105),
(847, 'Biosseguranca', 106),
(848, 'Biosseguranca', 107),
(849, 'Anestesico', 108),
(850, 'Alginato', 109),
(851, 'Perifericos e pecas de mao', 110),
(852, 'Agulha', 111),
(853, 'Resina para laboratorio', 3),
(854, 'Instrumentais para ortodontia', 112),
(855, 'Arcos', 113),
(856, 'Arcos', 114),
(857, 'Molas', 115),
(858, 'Arcos', 116),
(859, 'Arcos', 117),
(860, 'Arcos', 118),
(861, 'Arcos', 119),
(862, 'Arcos', 120),
(863, 'Arcos', 121),
(864, 'Arcos', 122),
(865, 'Molas', 123),
(866, 'Arcos', 124),
(867, 'Arcos', 125),
(868, 'Alicate ortodontico', 126),
(869, 'Alicate ortodontico', 127),
(870, 'Alicate ortodontico', 128),
(871, 'Alicate ortodontico', 129),
(872, 'Alicate ortodontico', 130),
(873, 'Alicate ortodontico', 131),
(874, 'Alicate ortodontico', 132),
(875, 'Alicate ortodontico', 133),
(876, 'Alicate ortodontico', 134),
(877, 'Alicate ortodontico', 135),
(878, 'Alicate ortodontico', 136),
(879, 'Alicate ortodontico', 137),
(880, 'Alicate ortodontico', 138),
(881, 'Alicate ortodontico', 139),
(882, 'Alicate ortodontico', 140),
(883, 'Alicate ortodontico', 141),
(884, 'Alicate ortodontico', 142),
(885, 'Alicate ortodontico', 143),
(886, 'Alicate ortodontico', 144),
(887, 'Alicate ortodontico', 145),
(888, 'Alicate ortodontico', 146),
(889, 'Alicate ortodontico', 147),
(890, 'Alicate ortodontico', 148),
(891, 'Alicate ortodontico', 149),
(892, 'Alicate ortodontico', 150),
(893, 'Alicate ortodontico', 151),
(894, 'Tesoura ,pincas e porta agulha', 152),
(895, 'Instrumentais para ortodontia', 153),
(896, 'Instrumentais para ortodontia', 154),
(897, 'Instrumentais para ortodontia', 155),
(898, 'Instrumentais para ortodontia', 156),
(899, 'Instrumentais para ortodontia', 157),
(900, 'Adesivo e ionemero ortho', 158),
(901, 'Adesivo e ionemero ortho', 159),
(902, 'Adesivo ortodonticos', 160),
(903, 'Adesivo e ionemero ortho', 160),
(904, 'Silicones', 161),
(905, 'Acabamento e polimento', 162),
(906, 'Ponta de guta e papel/solvente', 163),
(907, 'Ponta de guta e papel/solvente', 164),
(908, 'Adesivo', 165),
(909, 'Protecao para paciente', 166),
(910, 'Clareamento', 167),
(911, 'Pino', 168),
(912, 'Protecao para paciente', 169),
(913, 'Suporte e porta acessorios', 170),
(914, 'Luvas descartaveis', 171),
(915, 'Resina para consultorio', 172),
(916, 'Hemostatico', 173),
(917, 'Compressa de gaze', 174),
(918, 'Cimento', 175),
(919, 'Cimento', 176),
(920, 'Prevencao e profilaxia', 177),
(921, 'Acido en gel', 178),
(922, 'Anestesico', 179),
(923, 'Cimento', 180),
(924, 'Cimento', 181),
(925, 'Prevencao e profilaxia', 182),
(926, 'Prevencao e profilaxia', 183),
(927, 'Prevencao e profilaxia', 184),
(928, 'Ionomero', 185),
(929, 'Ionomero', 186),
(930, 'Arcos', 187),
(931, 'Arcos', 188),
(932, 'Arcos', 189),
(933, 'Instrumentais para ortodontia', 190),
(934, 'Ortopedia', 191),
(935, 'Instrumentais para ortodontia', 192),
(936, 'Instrumentais para ortodontia', 193),
(937, 'Instrumentais para ortodontia', 194),
(938, 'Instrumentais para ortodontia', 195),
(939, 'Molas', 196),
(940, 'Molas', 197),
(941, 'Suporte e porta acessorios', 198),
(942, 'Bandas', 199),
(943, 'Suporte e porta acessorios', 200),
(944, 'Elastico', 201),
(945, 'Elastico', 202),
(946, 'Elastico', 203),
(947, 'Ortopedia', 204),
(948, 'Ortopedia', 205),
(949, 'Fio vareta o rolo', 206),
(950, 'Fio vareta o rolo', 207),
(951, 'Fio vareta o rolo', 208),
(952, 'Fio vareta o rolo', 209),
(953, 'Acessorios para ortodontia', 28),
(954, 'Tubo solda', 33),
(955, 'Tubo solda', 210),
(956, 'Fio vareta o rolo', 211),
(957, 'Elastico', 212),
(958, 'Acessorios para ortodontia', 213),
(959, 'Tubo solda', 32),
(960, 'Gancho,stop,guia,gurin', 214),
(961, 'Instrumentais para ortodontia', 215),
(962, 'Gancho,stop,guia,gurin', 216),
(963, 'Reposicao de braquetes', 217),
(964, 'Reposicao de braquetes', 218),
(965, 'Ortopedia', 219),
(966, 'Fio vareta o rolo', 220),
(967, 'Gancho,stop,guia,gurin', 221),
(968, 'Instrumentais para ortodontia', 222),
(969, 'Instrumentais para ortodontia', 223),
(970, 'Instrumentais para ortodontia', 224),
(971, 'Braquetes', 225),
(972, 'Reposicao de braquetes', 226),
(973, 'Reposicao de braquetes', 227),
(974, 'Fio vareta o rolo', 228),
(975, 'Instrumentais para ortodontia', 229),
(976, 'Moldeira', 230),
(977, 'Moldeira', 231),
(978, 'Adesivo e ionemero ortho', 232),
(979, 'Ortopedia', 233),
(980, 'Reposicao de braquetes', 234),
(981, 'Gancho,stop,guia,gurin', 235),
(982, 'Fio vareta o rolo', 236),
(983, 'Elastico', 237),
(984, 'Suporte e porta acessorios', 238),
(985, 'Ortopedia', 239),
(986, 'Gancho,stop,guia,gurin', 240),
(987, 'Implante ortodontico', 241),
(988, 'Ancoragem absoluta', 241),
(989, 'Molas', 242),
(990, 'Tubo solda', 243),
(991, 'Implante ortodontico', 244),
(992, 'Protecao para paciente', 245),
(993, 'Tubo cola', 246),
(994, 'Ortopedia', 247),
(995, 'Bandas', 248),
(996, 'Gancho,stop,guia,gurin', 249),
(997, 'Reposicao de braquetes', 250),
(998, 'Bandas', 251),
(999, 'Bandas', 252),
(1000, 'Bandas', 253),
(1001, 'Bandas', 254),
(1002, 'Suporte e porta acessorios', 255),
(1003, 'Reposicao de braquetes', 256),
(1004, 'Implante ortodontico', 257),
(1005, 'Arcos', 258),
(1006, 'Instrumentais para ortodontia', 259),
(1007, 'Silicones', 260),
(1008, 'Babador', 261),
(1009, 'Ionomero', 262),
(1010, 'Cimento', 263),
(1011, 'Cimento', 264),
(1012, 'Cimento', 265),
(1013, 'Acido en gel', 266),
(1014, 'Agente', 267),
(1015, 'Clareamento', 268),
(1016, 'Clareamento', 269),
(1017, 'Retrator', 270),
(1018, 'Cariostatico e evidenciador', 271),
(1019, 'Prevencao e profilaxia', 272),
(1020, 'Material', 273),
(1021, 'Cariostatico e evidenciador', 274),
(1022, 'Edta', 275),
(1023, 'Hemostatico', 276),
(1024, 'Hemostatico', 277),
(1025, 'Medicamento', 176),
(1026, 'Ponta de guta e papel/solvente', 278),
(1027, 'Clorhexidina', 279),
(1028, 'Clorhexidina', 275),
(1029, 'Clareamento', 280),
(1030, 'Adesivo', 281),
(1031, 'Resina para laboratorio', 282),
(1032, 'Acabamento e polimento', 283),
(1033, 'Acabamento e polimento', 284),
(1034, 'Cunhas', 285),
(1035, 'Acabamento e polimento ', 286),
(1036, 'Acabamento e polimento', 287),
(1037, 'Cunhas', 288),
(1038, 'Matriz', 289),
(1039, 'Acabamento e polimento', 290),
(1040, 'Instrumentais para dentistica', 291),
(1041, 'Instrumentais para dentistica', 292),
(1042, 'Resina acrilica ortodontica', 293),
(1043, 'Matriz', 294),
(1044, 'Coroa', 295),
(1045, 'Matriz', 296),
(1046, 'Pinceis e aplicadores', 297),
(1047, 'Limas e acessorios', 298),
(1048, 'Limas e acessorios', 299),
(1049, 'Odontopediatria', 300),
(1050, 'Brocas', 301),
(1051, 'Moldeira', 302),
(1052, 'Moldeira', 303),
(1053, 'Moldeira', 304),
(1054, 'Sugador', 305),
(1055, 'Pino', 306),
(1056, 'Sugador', 307),
(1057, 'Placa', 308),
(1058, 'Clareamento', 309),
(1059, 'Grampos e isolamento', 310),
(1060, 'Grampos e isolamento', 311),
(1061, 'Resina para consultorio', 312),
(1062, 'Suporte e porta acessorios', 313),
(1063, 'Papel carbono', 314),
(1064, 'Papel carbono', 315),
(1065, 'Odontopediatria', 316),
(1066, 'Odontopediatria', 317),
(1067, 'Afastador e abridor', 318),
(1068, 'Moldeira', 319),
(1069, 'Limas e acessorios', 320),
(1070, 'Odontopediatria', 321),
(1071, 'Limas e acessorios', 322),
(1072, 'Limas e acessorios', 323),
(1073, 'Brocas', 324),
(1074, 'Cariostatico e evidenciador', 325),
(1075, 'Pino', 326),
(1076, 'Pino', 327),
(1077, 'Tamborel', 328),
(1078, 'Sugador', 329),
(1079, 'Instrumentais para endodotico', 330),
(1080, 'Biosseguranca', 331),
(1081, 'Compressa de gaze', 332),
(1082, 'Perifericos e pecas de mao', 333),
(1083, 'Perifericos e pecas de mao', 334),
(1084, 'Equipamento laboratorio', 335),
(1085, 'Placa', 336),
(1086, 'Perifericos e pecas de mao', 337),
(1087, 'Moldeira', 338),
(1088, 'Solucao', 339),
(1089, 'Ponta diamantada', 340),
(1090, 'Ponta diamantada', 242),
(1091, 'Prevencao e profilaxia', 341),
(1092, 'Mandril', 342),
(1093, 'Brocas', 343),
(1094, 'Acabamento e polimento', 344),
(1095, 'Acabamento e polimento', 262),
(1096, 'Acabamento e polimento', 345),
(1097, 'Acabamento e polimento', 346),
(1098, 'Prevencao e profilaxia', 347),
(1099, 'Perifericos e pecas de mao', 348),
(1100, 'Mascara e kit esteril', 349),
(1101, 'Mascara e kit esteril', 350),
(1102, 'Mascara e kit esteril', 351),
(1103, 'Espatulas', 352),
(1104, 'Instrumentais para ortodontia', 353),
(1105, 'Placa', 354),
(1106, 'Mufla', 355),
(1107, 'Equipamento laboratorio', 356),
(1108, 'Forma', 357),
(1109, 'Instrumentais para ortodontia', 358),
(1110, 'Instrumentais diversos', 359),
(1111, 'Suporte e porta acessorios', 360),
(1112, 'Instrumentais diversos', 361),
(1113, 'Radiologia', 362),
(1114, 'Equipamento laboratorio', 363),
(1115, 'Equipamento laboratorio', 364),
(1116, 'Jateamento', 365),
(1117, 'Jateamento', 3),
(1118, 'Perifericos e pecas de mao', 366),
(1119, 'Instrumentais para ortodontia', 367),
(1120, 'Equipamento laboratorio', 368),
(1121, 'Seringa', 369),
(1122, 'Alicate ortodontico', 370),
(1123, 'Alicate ortodontico', 371),
(1124, 'Espatulas', 372),
(1125, 'Instrumentais diversos', 373),
(1126, 'Alicate ortodontico', 374),
(1127, 'Alicate ortodontico', 375),
(1128, 'Alicate ortodontico', 376),
(1129, 'Alicate ortodontico', 377),
(1130, 'Alicate ortodontico', 378),
(1131, 'Tesoura ,pincas e porta agulha', 379),
(1132, 'Tesoura ,pincas e porta agulha', 380),
(1133, 'Tesoura ,pincas e porta agulha', 381),
(1134, 'Alavancas e forceps', 382),
(1135, 'Alavancas e forceps', 80),
(1136, 'Espatulas', 383),
(1137, 'Espatulas', 80),
(1138, 'Sugador', 384),
(1139, 'Espelho', 90),
(1140, 'Tesoura e pincas', 152),
(1141, 'Tesoura ,pincas e porta agulha', 385),
(1142, 'Espelho', 386),
(1143, 'Instrumentais diversos', 387),
(1144, 'Alicate ortodontico', 388),
(1145, 'Bandeja', 80),
(1146, 'Bandeja', 389),
(1147, 'Arcos', 390),
(1148, 'Alicate ortodontico', 391),
(1149, 'Reposicao de braquetes', 392),
(1150, 'Tubo cola', 393),
(1151, 'Tubo cola', 242),
(1152, 'Elastico', 242),
(1153, 'Perifericos e pecas de mao', 394),
(1154, 'Perifericos e pecas de mao', 395),
(1155, 'Perifericos e pecas de mao', 396),
(1156, 'Perifericos e pecas de mao', 397),
(1157, 'Perifericos e pecas de mao', 398),
(1158, 'Perifericos e pecas de mao', 399),
(1159, 'Perifericos e pecas de mao', 400),
(1160, 'Kit', 401),
(1161, 'Perifericos e pecas de mao', 402),
(1162, 'Perifericos e pecas de mao', 403),
(1163, 'Perifericos e pecas de mao', 80),
(1164, 'Perifericos e pecas de mao', 404),
(1165, 'Medicamento', 405),
(1166, 'Medicamento', 406),
(1167, 'Medicamento', 407),
(1168, 'Cariostatico e evidenciador', 408),
(1169, 'Cuba para moldagem', 409),
(1170, 'Moldeira', 410),
(1171, 'Cuba para moldagem', 276),
(1172, 'Espatulas', 411),
(1173, 'Broqueiro', 80),
(1174, 'Broqueiro', 412),
(1175, 'Broqueiro', 413),
(1176, 'Tamborel', 414),
(1177, 'Cimento', 415),
(1178, 'Protecao para paciente', 416),
(1179, 'Cimento', 417),
(1180, 'Ionomero', 418),
(1181, 'Resina para consultorio', 262),
(1182, 'Resina para consultorio', 419),
(1183, 'Alginato', 420),
(1184, 'Mascara e kit esteril', 421),
(1185, 'Babador', 422),
(1186, 'Perifericos e pecas de mao', 423),
(1187, 'Brocas', 424),
(1188, 'Silicones', 425),
(1189, 'Agulha de sutura', 426),
(1190, 'Agulha de sutura', 427),
(1191, 'Biosseguranca', 350),
(1192, 'Biosseguranca', 428),
(1193, 'Gesso', 429),
(1194, 'Gesso', 430),
(1195, 'Gesso', 431),
(1196, 'Revestimento', 432),
(1197, 'Biosseguranca', 433),
(1198, 'Dissolvente', 434),
(1199, 'Solucao', 435),
(1200, 'Biosseguranca', 436),
(1201, 'Biosseguranca', 437),
(1202, 'Biosseguranca', 438),
(1203, 'Biosseguranca', 439),
(1204, 'Agulha de sutura', 440),
(1205, 'Pinceis e aplicadores', 441),
(1206, 'Reembasador', 442),
(1207, 'Resina para consultorio', 443),
(1208, 'Silicones', 444),
(1209, 'Resina para consultorio', 445),
(1210, 'Silicones', 446),
(1211, 'Medicamento', 447),
(1212, 'Medicamento', 448),
(1213, 'Sugador', 449),
(1214, 'Acabamento e polimento', 450),
(1215, 'Hemostatico', 451),
(1216, 'Medicamento', 452),
(1217, 'Medicamento', 453),
(1218, 'Medicamento', 454),
(1219, 'Ionomero', 455),
(1220, 'Dissolvente', 456),
(1221, 'Dissolvente', 457),
(1222, 'Biosseguranca', 458),
(1223, 'Biosseguranca', 459),
(1224, 'Silicones', 460),
(1225, 'Silicones', 461),
(1226, 'Cimento', 462),
(1227, 'Silicones', 463),
(1228, 'Silicones', 464),
(1229, 'Silicones', 465),
(1230, 'Limas e acessorios', 466),
(1231, 'Limas e acessorios', 467),
(1232, 'Limas e acessorios', 468),
(1233, 'Limas', 298),
(1234, 'Resina para laboratorio', 469),
(1235, 'Biosseguranca', 470),
(1236, 'Alicate ortodontico', 471),
(1237, 'Limas e acessorios', 472),
(1238, 'Regeneracao', 473),
(1239, 'Regeneracao', 474),
(1240, 'Tubo cola', 475),
(1241, 'Arcos', 476),
(1242, 'Arcos', 477),
(1243, 'Instrumentais para endodotico', 478),
(1244, 'Cabos', 80),
(1245, 'Cabos', 479),
(1246, 'Instrumentais para dentistica', 480),
(1247, 'Alavancas e forceps', 481),
(1248, 'Instrumentais diversos', 482),
(1249, 'Cabos', 483),
(1250, 'Tesoura ,pincas e porta agulha', 484),
(1251, 'Luvas descartaveis', 485),
(1252, 'Kit', 486),
(1253, 'Dente', 487);

-- --------------------------------------------------------

--
-- Estrutura da tabela `usuario`
--

CREATE TABLE `usuario` (
  `id_user` bigint(20) UNSIGNED NOT NULL,
  `nome` varchar(200) NOT NULL,
  `login` varchar(200) NOT NULL,
  `senha` varchar(200) NOT NULL,
  `email` varchar(200) NOT NULL,
  `dtupdate` datetime DEFAULT NULL
) ENGINE=InnoDB DEFAULT CHARSET=utf8;

--
-- Extraindo dados da tabela `usuario`
--

INSERT INTO `usuario` (`id_user`, `nome`, `login`, `senha`, `email`, `dtupdate`) VALUES
(2, 'dental', 'dental', 'cde512dfb6937975382bb78607a1b2ec', 'dental@gmail.com', '2019-04-27 15:00:00');

--
-- Indexes for dumped tables
--

--
-- Indexes for table `carrinho`
--
ALTER TABLE `carrinho`
  ADD PRIMARY KEY (`id_carrinho`);

--
-- Indexes for table `categoria`
--
ALTER TABLE `categoria`
  ADD PRIMARY KEY (`id_categoria`);

--
-- Indexes for table `destaque`
--
ALTER TABLE `destaque`
  ADD PRIMARY KEY (`id_destaque`);

--
-- Indexes for table `estilo`
--
ALTER TABLE `estilo`
  ADD PRIMARY KEY (`id_estilo`);

--
-- Indexes for table `foto`
--
ALTER TABLE `foto`
  ADD PRIMARY KEY (`id_foto`);

--
-- Indexes for table `grupo`
--
ALTER TABLE `grupo`
  ADD PRIMARY KEY (`id_grupo`),
  ADD KEY `id_categoria` (`id_categoria`);

--
-- Indexes for table `item`
--
ALTER TABLE `item`
  ADD PRIMARY KEY (`id_item`),
  ADD KEY `id_subgrupo` (`id_subgrupo`),
  ADD KEY `id_marca` (`id_marca`);

--
-- Indexes for table `itemcarrinho`
--
ALTER TABLE `itemcarrinho`
  ADD PRIMARY KEY (`id_itemcarrinho`),
  ADD KEY `id_produto` (`id_produto`),
  ADD KEY `id_carrinho` (`id_carrinho`);

--
-- Indexes for table `marca`
--
ALTER TABLE `marca`
  ADD PRIMARY KEY (`id_marca`);

--
-- Indexes for table `mensagem`
--
ALTER TABLE `mensagem`
  ADD PRIMARY KEY (`id_mensagem`);

--
-- Indexes for table `pedido`
--
ALTER TABLE `pedido`
  ADD PRIMARY KEY (`id_pedido`),
  ADD KEY `id_carrinho` (`id_carrinho`);

--
-- Indexes for table `produto`
--
ALTER TABLE `produto`
  ADD PRIMARY KEY (`id_produto`),
  ADD KEY `id_subgrupo` (`id_subgrupo`),
  ADD KEY `id_marca` (`id_marca`);

--
-- Indexes for table `slider`
--
ALTER TABLE `slider`
  ADD PRIMARY KEY (`id_slider`),
  ADD KEY `id_subgrupo` (`id_subgrupo`);

--
-- Indexes for table `subgrupo`
--
ALTER TABLE `subgrupo`
  ADD PRIMARY KEY (`id_subgrupo`),
  ADD KEY `id_grupo` (`id_grupo`);

--
-- Indexes for table `usuario`
--
ALTER TABLE `usuario`
  ADD PRIMARY KEY (`id_user`);

--
-- AUTO_INCREMENT for dumped tables
--

--
-- AUTO_INCREMENT for table `carrinho`
--
ALTER TABLE `carrinho`
  MODIFY `id_carrinho` int(11) NOT NULL AUTO_INCREMENT;
--
-- AUTO_INCREMENT for table `categoria`
--
ALTER TABLE `categoria`
  MODIFY `id_categoria` int(11) NOT NULL AUTO_INCREMENT, AUTO_INCREMENT=13;
--
-- AUTO_INCREMENT for table `destaque`
--
ALTER TABLE `destaque`
  MODIFY `id_destaque` int(11) NOT NULL AUTO_INCREMENT, AUTO_INCREMENT=5;
--
-- AUTO_INCREMENT for table `estilo`
--
ALTER TABLE `estilo`
  MODIFY `id_estilo` int(11) NOT NULL AUTO_INCREMENT, AUTO_INCREMENT=5;
--
-- AUTO_INCREMENT for table `foto`
--
ALTER TABLE `foto`
  MODIFY `id_foto` int(11) NOT NULL AUTO_INCREMENT, AUTO_INCREMENT=19;
--
-- AUTO_INCREMENT for table `grupo`
--
ALTER TABLE `grupo`
  MODIFY `id_grupo` int(11) NOT NULL AUTO_INCREMENT, AUTO_INCREMENT=488;
--
-- AUTO_INCREMENT for table `item`
--
ALTER TABLE `item`
  MODIFY `id_item` int(11) NOT NULL AUTO_INCREMENT, AUTO_INCREMENT=2548;
--
-- AUTO_INCREMENT for table `itemcarrinho`
--
ALTER TABLE `itemcarrinho`
  MODIFY `id_itemcarrinho` int(11) NOT NULL AUTO_INCREMENT;
--
-- AUTO_INCREMENT for table `marca`
--
ALTER TABLE `marca`
  MODIFY `id_marca` int(11) NOT NULL AUTO_INCREMENT, AUTO_INCREMENT=195;
--
-- AUTO_INCREMENT for table `mensagem`
--
ALTER TABLE `mensagem`
  MODIFY `id_mensagem` int(11) NOT NULL AUTO_INCREMENT, AUTO_INCREMENT=5;
--
-- AUTO_INCREMENT for table `pedido`
--
ALTER TABLE `pedido`
  MODIFY `id_pedido` int(11) NOT NULL AUTO_INCREMENT;
--
-- AUTO_INCREMENT for table `produto`
--
ALTER TABLE `produto`
  MODIFY `id_produto` int(11) NOT NULL AUTO_INCREMENT, AUTO_INCREMENT=3240;
--
-- AUTO_INCREMENT for table `slider`
--
ALTER TABLE `slider`
  MODIFY `id_slider` int(11) NOT NULL AUTO_INCREMENT;
--
-- AUTO_INCREMENT for table `subgrupo`
--
ALTER TABLE `subgrupo`
  MODIFY `id_subgrupo` int(11) NOT NULL AUTO_INCREMENT, AUTO_INCREMENT=1254;
--
-- AUTO_INCREMENT for table `usuario`
--
ALTER TABLE `usuario`
  MODIFY `id_user` bigint(20) UNSIGNED NOT NULL AUTO_INCREMENT, AUTO_INCREMENT=3;
--
-- Constraints for dumped tables
--

--
-- Limitadores para a tabela `grupo`
--
ALTER TABLE `grupo`
  ADD CONSTRAINT `id_categoria` FOREIGN KEY (`id_categoria`) REFERENCES `categoria` (`id_categoria`);

--
-- Limitadores para a tabela `itemcarrinho`
--
ALTER TABLE `itemcarrinho`
  ADD CONSTRAINT `id_produto` FOREIGN KEY (`id_produto`) REFERENCES `produto` (`id_produto`),
  ADD CONSTRAINT `itemcarrinho_ibfk_1` FOREIGN KEY (`id_carrinho`) REFERENCES `carrinho` (`id_carrinho`);

--
-- Limitadores para a tabela `pedido`
--
ALTER TABLE `pedido`
  ADD CONSTRAINT `id_carrinho` FOREIGN KEY (`id_carrinho`) REFERENCES `carrinho` (`id_carrinho`);

--
-- Limitadores para a tabela `produto`
--
ALTER TABLE `produto`
  ADD CONSTRAINT `id_subgrupo` FOREIGN KEY (`id_subgrupo`) REFERENCES `subgrupo` (`id_subgrupo`);

--
-- Limitadores para a tabela `slider`
--
ALTER TABLE `slider`
  ADD CONSTRAINT `slider_ibfk_1` FOREIGN KEY (`id_subgrupo`) REFERENCES `subgrupo` (`id_subgrupo`);
COMMIT;

/*!40101 SET CHARACTER_SET_CLIENT=@OLD_CHARACTER_SET_CLIENT */;
/*!40101 SET CHARACTER_SET_RESULTS=@OLD_CHARACTER_SET_RESULTS */;
/*!40101 SET COLLATION_CONNECTION=@OLD_COLLATION_CONNECTION */;
