-- phpMyAdmin SQL Dump
-- version 4.9.1
-- https://www.phpmyadmin.net/
--
-- Host: 127.0.0.1:3306
-- Tempo de geração: 18/10/2019 às 18:54
-- Versão do servidor: 10.2.27-MariaDB
-- Versão do PHP: 7.2.23

SET SQL_MODE = "NO_AUTO_VALUE_ON_ZERO";
SET AUTOCOMMIT = 0;
START TRANSACTION;
SET time_zone = "+00:00";


/*!40101 SET @OLD_CHARACTER_SET_CLIENT=@@CHARACTER_SET_CLIENT */;
/*!40101 SET @OLD_CHARACTER_SET_RESULTS=@@CHARACTER_SET_RESULTS */;
/*!40101 SET @OLD_COLLATION_CONNECTION=@@COLLATION_CONNECTION */;
/*!40101 SET NAMES utf8mb4 */;

--
-- Banco de dados: `u735129299_dados`
--

-- --------------------------------------------------------

--
-- Estrutura para tabela `carrinho`
--

CREATE TABLE `carrinho` (
  `id_carrinho` int(11) NOT NULL
) ENGINE=InnoDB DEFAULT CHARSET=latin1;

-- --------------------------------------------------------

--
-- Estrutura para tabela `categoria`
--

CREATE TABLE `categoria` (
  `id_categoria` int(11) NOT NULL,
  `nome` varchar(100) NOT NULL,
  `descricao` varchar(5000) NOT NULL,
  `imagem` varchar(5000) NOT NULL
) ENGINE=InnoDB DEFAULT CHARSET=latin1;

--
-- Despejando dados para a tabela `categoria`
--

INSERT INTO `categoria` (`id_categoria`, `nome`, `descricao`, `imagem`) VALUES
(1, 'Cirurgia e periodontia', '', ''),
(2, 'Ortodontia ', '', ''),
(3, 'Prótese e laboratorio', '', ''),
(4, 'Dentística e estética', '', ''),
(5, 'Brocas e pontas diamantada', '', ''),
(6, 'Descartáveis e limpeza', '', ''),
(7, 'Equipamentos', '', ''),
(8, 'Instrumentais e compartimentos', '', ''),
(10, 'Anestésicos e agulha ', '', ''),
(11, 'Moldagem', '', ''),
(12, 'Endodontia e medicamentos', '', '');

-- --------------------------------------------------------

--
-- Estrutura para tabela `destaque`
--

CREATE TABLE `destaque` (
  `id_destaque` int(11) NOT NULL,
  `nome` varchar(100) DEFAULT NULL,
  `imagem` varchar(5000) NOT NULL,
  `id_grupo` int(11) NOT NULL
) ENGINE=InnoDB DEFAULT CHARSET=latin1;

-- --------------------------------------------------------

--
-- Estrutura para tabela `estilo`
--

CREATE TABLE `estilo` (
  `id_estilo` int(11) NOT NULL,
  `hexadecimal` varchar(7) NOT NULL,
  `local` varchar(250) NOT NULL,
  `nome` varchar(25) NOT NULL,
  `status` int(11) NOT NULL
) ENGINE=InnoDB DEFAULT CHARSET=latin1;

--
-- Despejando dados para a tabela `estilo`
--

INSERT INTO `estilo` (`id_estilo`, `hexadecimal`, `local`, `nome`, `status`) VALUES
(1, '#00BAFA', 'default.css', 'Azul', 1),
(2, '#FFB548', 'color-option2.css', 'Amarelo', 0),
(3, '#F45C5D', 'color-option4.css', 'Vermelho', 0),
(4, '#9B59B6', 'color-option1.css', 'Roxo', 0);

-- --------------------------------------------------------

--
-- Estrutura para tabela `foto`
--

CREATE TABLE `foto` (
  `id_foto` int(11) NOT NULL,
  `src` varchar(2000) NOT NULL
) ENGINE=InnoDB DEFAULT CHARSET=latin1;

--
-- Despejando dados para a tabela `foto`
--

INSERT INTO `foto` (`id_foto`, `src`) VALUES
(15, 'alex-7ByfI6Fpi90-unsplash.jpg'),
(16, 'product-img4.jpg'),
(17, 'product-img5.jpg'),
(18, 'wp1957138.jpg'),
(19, 'images.jfif');

-- --------------------------------------------------------

--
-- Estrutura para tabela `grupo`
--

CREATE TABLE `grupo` (
  `id_grupo` int(11) NOT NULL,
  `nome` varchar(100) NOT NULL,
  `id_categoria` int(11) NOT NULL
) ENGINE=InnoDB DEFAULT CHARSET=latin1;

--
-- Despejando dados para a tabela `grupo`
--

INSERT INTO `grupo` (`id_grupo`, `nome`, `id_categoria`) VALUES
(265, 'Solução', 12),
(395, 'Edta ', 12),
(488, 'Implante', 1),
(489, 'Elástico', 2),
(490, 'Dente', 3),
(491, 'Insolante e cera', 3),
(492, 'Ionômero', 4),
(493, 'Ponta diamantada', 5),
(494, 'Resina para consultorio', 4),
(495, 'Resina para laboratório', 3),
(496, 'Adesivo e ionemero ortho', 2),
(497, 'Dente', 2),
(498, 'Luvas descartáveis ', 6),
(499, 'Reposição de braquetes', 2),
(500, 'Braquetes ', 2),
(501, 'Tubo cola', 2),
(502, 'Periféricos e peças de mão', 7),
(503, 'Gancho,stop,guia,gurin', 2),
(504, 'Acessórios para ortodontia', 2),
(505, 'Cimento', 4),
(506, 'Biossegurança', 6),
(507, 'Radiologia', 7),
(508, 'Prevenção e profilaxia', 4),
(509, 'Lamina de bisturi e cabos', 8),
(510, 'Aparelhos ', 7),
(511, 'Suporte e porta acessórios', 8),
(512, 'Suporte e porta acessórios', 2),
(513, 'Espelho', 8),
(514, 'Instrumentais diversos', 8),
(515, 'Pote dappen ', 3),
(516, 'Implante', 2),
(517, 'Afastador e abridor ', 8),
(518, 'Resina para laboratório', 4),
(519, 'Insolante e cera', 4),
(520, 'Agulha ', 10),
(521, 'Mascara e kit esteril', 6),
(522, 'Gesso', 3),
(523, 'Anestésico ', 10),
(524, 'Alginato', 11),
(525, 'Instrumentais para ortodontia', 4),
(526, 'Arcos', 2),
(527, 'Molas', 2),
(528, 'Alicate ortodôntico', 2),
(529, 'Alicate ortodôntico', 4),
(530, 'Tesoura ,pinças e porta agulha', 8),
(531, 'Instrumentais para ortodontia', 2),
(532, 'Silicones', 11),
(533, 'Acabamento e polimento ', 4),
(534, 'Ponta de guta e papel/solvente', 12),
(535, 'Adesivo ', 4),
(536, 'Proteção para paciente', 2),
(537, 'Clareamento', 4),
(538, 'Pino', 3),
(539, 'Hemostático', 1),
(540, 'Compressa de gaze', 1),
(541, 'Cimento', 12),
(542, 'Acido en gel', 4),
(543, 'Ionômero', 2),
(544, 'Ortopedia', 2),
(545, 'Bandas', 2),
(546, 'Fio vareta o rolo', 2),
(547, 'Tubo solda', 2),
(548, 'Moldeira', 11),
(549, 'Implante ortodontico ', 2),
(550, 'Reposição de braquetes', 10),
(551, 'Babador', 6),
(552, 'Agente ', 4),
(553, 'Retrator ', 11),
(554, 'Cariostático e evidenciador ', 12),
(555, 'Material ', 1),
(556, 'Cariostático e evidenciador ', 4),
(557, 'Hemostático', 11),
(558, 'Medicamento ', 12),
(559, 'Clorhexidina ', 12),
(560, 'Cunhas', 4),
(561, 'Matriz', 4),
(562, 'Instrumentais para dentística', 4),
(563, 'Resina acrílica ortodôntica', 3),
(564, 'Coroa', 3),
(565, 'Pinceis e aplicadores ', 4),
(566, 'Limas e acessórios', 12),
(567, 'Odontopediatria', 4),
(568, 'Brocas', 5),
(569, 'Sugador', 6),
(570, 'Placa', 11),
(571, 'Grampos e isolamento', 12),
(572, 'Papel carbono', 4),
(573, 'Odontopediatria', 2),
(574, 'Pino', 4),
(575, 'Tamborel', 12),
(576, 'Sugador', 12),
(577, 'Instrumentais para endodotico ', 12),
(578, 'Compressa de gaze', 6),
(579, 'Equipamento laboratorio', 1),
(580, 'Ponta diamantada', 2),
(581, 'Mandril', 5),
(582, 'Acabamento e polimento ', 2),
(583, 'Espátulas', 3),
(584, 'Placa', 3),
(585, 'Mufla', 3),
(586, 'Equipamento laboratorio', 3),
(587, 'Forma', 3),
(588, 'Jateamento', 3),
(589, 'Seringa', 8),
(590, 'Espátulas', 8),
(591, 'Alavancas e forceps', 8),
(592, 'Sugador', 8),
(593, 'Bandeja', 8),
(594, 'Periféricos e peças de mão', 5),
(595, 'Periféricos e peças de mão', 8),
(596, 'Kit ', 7),
(597, 'Cuba para moldagem', 11),
(598, 'Espátulas', 11),
(599, 'Broqueiro ', 8),
(600, 'Proteção para paciente', 1),
(601, 'Ionômero', 8),
(602, 'Resina para consultorio', 3),
(603, 'Alginato', 8),
(604, 'Agulha de sutura', 1),
(605, 'Revestimento', 3),
(606, 'Dissolvente ', 3),
(607, 'Reembasador ', 3),
(608, 'Medicamento ', 4),
(609, 'Regeneração', 1),
(610, 'Cabos', 8),
(611, 'Instrumentais para dentística', 8),
(612, 'Kit ', 2);

-- --------------------------------------------------------

--
-- Estrutura para tabela `item`
--

CREATE TABLE `item` (
  `id_item` int(11) NOT NULL,
  `descricao` varchar(1000) NOT NULL,
  `imagem` varchar(5000) NOT NULL,
  `destaque` enum('1','0') NOT NULL,
  `tipo` varchar(100) NOT NULL,
  `id_subgrupo` int(11) NOT NULL,
  `id_marca` int(11) NOT NULL
) ENGINE=InnoDB DEFAULT CHARSET=latin1;

--
-- Despejando dados para a tabela `item`
--

INSERT INTO `item` (`id_item`, `descricao`, `imagem`, `destaque`, `tipo`, `id_subgrupo`, `id_marca`) VALUES
(1, '', '', '', '\r', 491, 1),
(2, '', '', '', '\r', 492, 2),
(3, '', '', '', '\r', 493, 3),
(4, '', '', '', '\r', 494, 3),
(5, '', '', '', '\r', 495, 3),
(6, '', '', '', 'Amarelo\r', 496, 2),
(7, '', '', '', 'Azul bebe\r', 496, 2),
(8, '', '', '', 'Azul celeste\r', 496, 2),
(9, '', '', '', 'Azul claro\r', 496, 2),
(10, '', '', '', 'Azul crisatal\r', 496, 2),
(11, '', '', '', 'Azul jeans\r', 496, 2),
(12, '', '', '', 'Azul metalizado\r', 496, 2),
(13, '', '', '', 'Azul royal\r', 496, 2),
(14, '', '', '', 'Branco\r', 496, 2),
(15, '', '', '', 'Cereja\r', 496, 2),
(16, '', '', '', 'Laranja\r', 496, 2),
(17, '', '', '', 'Laranja escuro\r', 496, 2),
(18, '', '', '', 'Lilas\r', 496, 2),
(19, '', '', '', 'Perola\r', 496, 2),
(20, '', '', '', 'Pink\r', 496, 2),
(21, '', '', '', 'Pink escuro\r', 496, 2),
(22, '', '', '', 'Prata\r', 496, 2),
(23, '', '', '', 'Preto\r', 496, 2),
(24, '', '', '', 'Rosa bebe\r', 496, 2),
(25, '', '', '', 'Rosa perola\r', 496, 2),
(26, '', '', '', 'Sortido\r', 496, 2),
(27, '', '', '', 'Sortido estetica\r', 496, 2),
(28, '', '', '', 'Sortido metalisado\r', 496, 2),
(29, '', '', '', 'Trasmparente\r', 496, 2),
(30, '', '', '', 'Turquesa\r', 496, 2),
(31, '', '', '', 'Uva\r', 496, 2),
(32, '', '', '', 'Uva cristal\r', 496, 2),
(33, '', '', '', 'Verde\r', 496, 2),
(34, '', '', '', 'Verde neon\r', 496, 2),
(35, '', '', '', 'Vermelho\r', 496, 2),
(36, '', '', '', 'Vermelho intenso\r', 496, 2),
(37, '', '', '', 'Azul bebe\r', 497, 2),
(38, '', '', '', 'Azul celeste\r', 497, 2),
(39, '', '', '', 'Azul jeans\r', 497, 2),
(40, '', '', '', 'Azul metalizado\r', 497, 2),
(41, '', '', '', 'Azul royal\r', 497, 2),
(42, '', '', '', 'Branco\r', 497, 2),
(43, '', '', '', 'Cereja\r', 497, 2),
(44, '', '', '', 'Laranja\r', 497, 2),
(45, '', '', '', 'Laranja escuro\r', 497, 2),
(46, '', '', '', 'Pink\r', 497, 2),
(47, '', '', '', 'Pink escuro\r', 497, 2),
(48, '', '', '', 'Prata\r', 497, 2),
(49, '', '', '', 'Preto\r', 497, 2),
(50, '', '', '', 'Rosa bebe\r', 497, 2),
(51, '', '', '', 'Rosa perola\r', 497, 2),
(52, '', '', '', 'Trasmparente\r', 497, 2),
(53, '', '', '', 'Turquesa\r', 497, 2),
(54, '', '', '', 'Uva\r', 497, 2),
(55, '', '', '', 'Uva cristal\r', 497, 2),
(56, '', '', '', 'Verde\r', 497, 2),
(57, '', '', '', 'Verde neon\r', 497, 2),
(58, '', '', '', 'Vermelho\r', 497, 2),
(59, '', '', '', 'Vermelho intenso\r', 497, 2),
(60, '', '', '', 'Lilas\r', 497, 2),
(61, '', '', '', 'Amarelo\r', 497, 2),
(62, '', '', '', '\r', 498, 4),
(63, '', '', '', 'Espesial 2\r', 499, 4),
(64, '', '', '', '\r', 500, 4),
(65, '', '', '', 'Espesial 2\r', 500, 4),
(66, '', '', '', 'Especial\r', 498, 4),
(67, '', 'http://dentallivramento.com.br/view/images/images.jfif', '0', '\r', 501, 5),
(68, '', '', '', '\r', 499, 4),
(69, '', '', '', '\r', 502, 4),
(70, '', '', '', '\r', 503, 4),
(71, '', '', '', 'Azul perolizado\r', 496, 2),
(72, '', '', '', '\r', 504, 6),
(73, '', '', '', '\r', 505, 3),
(74, '', '', '', '\r', 506, 3),
(75, '', '', '', '\r', 507, 3),
(76, '', '', '', '\r', 508, 3),
(77, '', '', '', '\r', 509, 1),
(78, '', '', '', '\r', 510, 1),
(79, '', '', '', '\r', 511, 2),
(80, '', '', '', '\r', 512, 7),
(81, '', '', '', '\r', 513, 3),
(82, '', 'https://img.medicalexpo.com/images_me/photo-g/102495-11683234.jpg', '0', 'Especial\r', 514, 1),
(83, '', '', '', '\r', 515, 8),
(84, '', '', '', '\r', 516, 2),
(85, '', '', '', 'Roth \r', 517, 2),
(86, '', '', '', '\r', 517, 2),
(87, '', '', '', 'Roth \r', 518, 2),
(88, '', '', '', 'Mbt\r', 518, 2),
(89, '', '', '', '\r', 519, 2),
(90, '', '', '', '\r', 520, 2),
(91, '', '', '', 'Roth \r', 521, 2),
(92, '', '', '', '\r', 518, 2),
(93, '', '', '', '\r', 515, 2),
(94, '', '', '', 'Roth \r', 522, 2),
(95, '', '', '', 'Mbt\r', 522, 2),
(96, '', '', '', 'Roth \r', 523, 2),
(97, '', '', '', '\r', 524, 2),
(98, '', '', '', '\r', 525, 2),
(99, '', '', '', '\r', 526, 9),
(100, '', '', '', '\r', 527, 2),
(101, '', '', '', '\r', 528, 2),
(102, '', '', '', '\r', 529, 2),
(103, '', '', '', '\r', 530, 2),
(104, '', '', '', '\r', 531, 2),
(105, '', '', '', '\r', 532, 2),
(106, '', '', '', '\r', 533, 2),
(107, '', '', '', 'Especial\r', 532, 2),
(108, '', '', '', '\r', 534, 4),
(109, '', '', '', '\r', 535, 1),
(110, '', '', '', '\r', 536, 1),
(111, '', '', '', '\r', 537, 9),
(112, '', '', '', '\r', 538, 9),
(113, '', '', '', '\r', 539, 10),
(114, '', '', '', 'Especial\r', 540, 10),
(115, '', '', '', '\r', 565, 1),
(116, '', '', '', '\r', 542, 1),
(117, '', '', '', '\r', 543, 1),
(118, '', '', '', '\r', 544, 11),
(119, '', '', '', '\r', 545, 12),
(120, '', '', '', '\r', 546, 1),
(121, '', 'https://http2.mlstatic.com/barra-clip-calcinavel-com-4-conjuntos-D_NQ_NP_883168-MLB29270462039_012019-F.webp', '0', '\r', 547, 1),
(122, '', '', '', '\r', 503, 3),
(123, '', '', '', '\r', 548, 13),
(124, '', '', '', '\r', 549, 14),
(125, '', '', '', '\r', 550, 14),
(126, '', '', '', '\r', 551, 14),
(127, '', '', '', '\r', 552, 14),
(128, '', '', '', '\r', 553, 14),
(129, '', '', '', '\r', 554, 14),
(130, '', '', '', '\r', 555, 14),
(131, '', '', '', '\r', 556, 14),
(132, '', '', '', '\r', 557, 14),
(133, '', '', '', '\r', 558, 14),
(134, '', '', '', '\r', 559, 14),
(135, '', '', '', '\r', 560, 14),
(136, '', '', '', '\r', 561, 14),
(137, '', '', '', '\r', 562, 14),
(138, '', 'https://cdnx.jumpseller.com/indenteal1/image/4647157/resize/635/635?1550239568', '0', '\r', 563, 1),
(139, '', 'https://protess.com.br/wp-content/uploads/2018/04/3154-Catalogo-de-produtos-Protess-4a-Ed-2016-v20_high_AF-9_22-1.jpg', '0', '\r', 564, 1),
(140, '', 'https://www.cedent.com.ar/web/image/product.template/4825/image?unique=749350d', '0', 'Especial\r', 514, 1),
(142, '', 'https://cdnx.jumpseller.com/indenteal1/image/4644509/resize/635/635?1550158571', '0', '\r', 565, 1),
(143, '', 'https://www.emfils.com.br/wp-content/uploads/2018/02/CEE-5030.jpg', '0', '\r', 566, 1),
(144, '', 'https://peclab.com.br/wp-content/uploads/2017/04/CICATRIZADOR-CM-PLAST.SWITCH.png', '0', '\r', 567, 1),
(145, '', '', '', '\r', 568, 16),
(146, '', '', '', '\r', 569, 16),
(147, '', '', '', '\r', 570, 16),
(148, '', '', '', '\r', 571, 1),
(149, '', 'https://http2.mlstatic.com/munho-cone-morse-33x6mm-transmucoso-35mm-D_NQ_NP_690901-MLB20433849885_092015-F.webp', '0', '\r', 572, 1),
(150, '', '', '', '\r', 573, 17),
(151, '', 'https://wagnerdental.com.br/arquivos/produtos/detalhe/implante%20cilindrico%20hi%201000%20x%201000.jpg', '0', '\r', 574, 1),
(152, '', 'http://centraldoimplante.com.br/images/produtos/implantes/implante-cone-morse-due-cone.jpg', '0', '\r', 575, 1),
(153, '', '', '', '\r', 576, 1),
(154, '', '', '', '\r', 577, 2),
(155, '', '', '', '\r', 578, 2),
(156, '', '', '', '\r', 579, 2),
(157, '', '', '', '\r', 580, 2),
(158, '', '', '', '\r', 581, 6),
(159, '', '', '', 'Especial\r', 500, 4),
(160, '', '', '', '\r', 582, 3),
(161, '', '', '', '\r', 583, 3),
(162, '', '', '', '\r', 584, 9),
(163, '', '', '', '\r', 502, 6),
(164, '', '', '', '\r', 585, 9),
(165, '', '', '', '\r', 586, 10),
(166, '', '', '', '\r', 587, 9),
(167, '', '', '', '\r', 588, 4),
(168, '', '', '', 'Especial\r', 514, 1),
(169, '', '', '', '\r', 589, 3),
(170, '', 'https://www.septodont.com.br/sites/br/files/2016-12/SeptojectXL%20%281%29.jpg', '1', '\r', 590, 18),
(171, '', '', '', '\r', 582, 4),
(172, '', '', '', '\r', 591, 19),
(173, '', '', '', '\r', 592, 20),
(174, '', '', '', '\r', 593, 4),
(175, '', '', '', '\r', 594, 9),
(176, '', '', '', '\r', 595, 9),
(177, '', 'https://www.septodont.com.br/sites/br/files/2016-12/Pharmaethyl_%20390%20x%20333%20px.jpg', '1', '\r', 596, 18),
(178, '', '', '', '\r', 597, 18),
(179, '', '', '', '\r', 598, 19),
(180, '', '', '', '\r', 599, 21),
(181, '', '', '', '\r', 600, 3),
(182, '', '', '', '\r', 601, 22),
(183, '', '', '', '\r', 602, 2),
(184, '', '', '', '\r', 603, 2),
(185, '', '', '', '\r', 604, 2),
(186, '', '', '', '\r', 605, 2),
(187, '', '', '', '\r', 606, 2),
(188, '', '', '', '\r', 607, 2),
(189, '', '', '', '\r', 608, 2),
(190, '', '', '', '\r', 609, 2),
(191, '', '', '', '\r', 610, 2),
(192, '', '', '', '\r', 611, 2),
(193, '', '', '', '\r', 612, 2),
(194, '', '', '', '\r', 613, 2),
(195, '', '', '', '\r', 614, 2),
(196, '', '', '', '\r', 615, 2),
(197, '', '', '', '\r', 616, 2),
(198, '', '', '', '\r', 617, 2),
(199, '', '', '', '\r', 618, 2),
(200, '', '', '', '\r', 619, 2),
(201, '', '', '', '\r', 620, 2),
(202, '', '', '', '\r', 621, 2),
(203, '', '', '', '\r', 622, 2),
(204, '', '', '', '\r', 623, 2),
(205, '', '', '', '\r', 624, 2),
(206, '', '', '', '\r', 625, 2),
(207, '', '', '', '\r', 626, 2),
(208, '', '', '', '\r', 627, 2),
(209, '', '', '', '\r', 628, 2),
(210, '', '', '', '\r', 629, 2),
(211, '', '', '', '\r', 630, 2),
(212, '', '', '', '\r', 631, 2),
(213, '', 'https://orthomundi.ciaimg.com.br/Assets/Produtos/Gigantes/265597.jpg?v=9758d4e3-1', '0', '\r', 632, 2),
(214, '', '', '', '\r', 633, 2),
(215, '', '', '', '\r', 634, 2),
(216, '', '', '', '\r', 635, 2),
(217, '', '', '', '\r', 636, 2),
(218, '', '', '', '\r', 637, 2),
(219, '', '', '', '\r', 638, 2),
(220, '', '', '', '\r', 639, 2),
(221, '', '', '', '\r', 640, 2),
(222, '', '', '', '\r', 641, 2),
(223, '', '', '', '\r', 642, 2),
(224, '', '', '', '\r', 643, 2),
(225, '', '', '', '\r', 644, 2),
(226, '', '', '', '\r', 645, 2),
(227, '', '', '', '\r', 646, 2),
(228, '', '', '', '\r', 647, 4),
(229, '', '', '', '\r', 648, 2),
(230, '', '', '', '\r', 649, 2),
(231, '', '', '', '\r', 647, 2),
(232, '', '', '', 'Espesial 2\r', 526, 9),
(233, '', '', '', '\r', 650, 23),
(234, '', '', '', '\r', 651, 4),
(235, '', '', '', '\r', 652, 24),
(236, '', '', '', '\r', 653, 24),
(237, '', '', '', '\r', 654, 23),
(238, '', '', '', '\r', 655, 23),
(239, '', '', '', '\r', 656, 25),
(240, '', '', '', '\r', 657, 26),
(241, '', '', '', '\r', 540, 10),
(242, '', '', '', '\r', 658, 2),
(243, '', '', '', '\r', 659, 2),
(244, '', '', '', '\r', 660, 7),
(245, '', '', '', '\r', 661, 6),
(246, '', 'https://maquira.com.br/wp-content/uploads/2018/07/Hemonspon-Tape-1-650x450.png', '0', 'Espesial 3\r', 662, 11),
(247, '', 'https://images-americanas.b2w.io/produtos/01/00/oferta/41832/5/41832516_1GG.jpg', '0', '\r', 663, 27),
(248, '', '', '', '\r', 664, 28),
(249, '', '', '', '\r', 498, 28),
(250, '', '', '', '\r', 500, 28),
(251, '', '', '', '\r', 665, 28),
(252, '', '', '', '\r', 544, 28),
(253, '', '', '', '\r', 666, 28),
(254, '', '', '', '\r', 667, 28),
(255, '', 'https://encrypted-tbn0.gstatic.com/images?q=tbn%3AANd9GcSbt6ESaX7fpFdMzvEIeW8u1Zow3MsyprKIhQTxlAeb1ACYNcGd', '0', '\r', 668, 28),
(256, '', '', '', '\r', 669, 28),
(257, '', '', '', '\r', 670, 28),
(258, '', '', '', '\r', 671, 28),
(259, '', '', '', '\r', 494, 28),
(260, '', '', '', '\r', 672, 28),
(261, '', 'https://http2.mlstatic.com/pasta-profilatica-pert-x-ss-white-D_NQ_NP_895982-MLB31066153650_062019-F.jpg', '0', '\r', 673, 28),
(262, '', '', '', '\r', 674, 29),
(263, '', 'https://encrypted-tbn0.gstatic.com/images?q=tbn%3AANd9GcSbt6ESaX7fpFdMzvEIeW8u1Zow3MsyprKIhQTxlAeb1ACYNcGd', '0', '\r', 668, 29),
(264, '', '', '', '\r', 498, 29),
(265, '', 'https://encrypted-tbn0.gstatic.com/images?q=tbn%3AANd9GcRBPMZbvPsaDBoHcKxK-IhUQPaYDJpxP-3zc6MlEcUNolEfhTxE', '1', '\r', 596, 29),
(266, '', '', '', '\r', 675, 29),
(267, '', '', '', '\r', 605, 30),
(268, '', '', '', '\r', 606, 30),
(269, '', '', '', '\r', 602, 30),
(270, '', '', '', '\r', 603, 30),
(271, '', '', '', '\r', 676, 30),
(272, '', '', '', '\r', 609, 30),
(273, '', '', '', '\r', 677, 30),
(274, '', '', '', 'Especial\r', 678, 30),
(275, '', '', '', '\r', 678, 30),
(276, '', '', '', '\r', 679, 30),
(277, '', '', '', '\r', 680, 30),
(278, '', '', '', 'Especial\r', 681, 30),
(279, '', '', '', '\r', 681, 30),
(280, '', '', '', '\r', 645, 30),
(281, '', '', '', '\r', 682, 30),
(282, '', '', '', '\r', 683, 30),
(283, '', '', '', '\r', 684, 30),
(284, '', '', '', '\r', 685, 30),
(285, '', '', '', '\r', 686, 30),
(286, '', '', '', '\r', 687, 30),
(287, '', '', '', '\r', 688, 30),
(288, '', '', '', '\r', 511, 30),
(289, '', '', '', '\r', 689, 30),
(290, '', '', '', 'Trasmparente\r', 690, 30),
(291, '', '', '', 'Cinza\r', 690, 30),
(292, '', '', '', 'Sortido\r', 690, 30),
(293, '', '', '', 'Azul bebe\r', 690, 30),
(294, '', '', '', 'Amarelo\r', 690, 30),
(295, '', '', '', 'Verde musgo\r', 690, 30),
(296, '', '', '', 'Azul\r', 690, 30),
(297, '', '', '', 'Vermelho\r', 690, 30),
(298, '', '', '', 'Preto\r', 690, 30),
(299, '', '', '', 'Rosa\r', 690, 30),
(300, '', '', '', 'Roxo\r', 690, 30),
(301, '', '', '', 'Verde mar\r', 690, 30),
(302, '', '', '', 'Verde\r', 691, 30),
(303, '', '', '', 'Trasmparente\r', 497, 30),
(304, '', '', '', 'Cinza\r', 497, 30),
(305, '', '', '', '\r', 692, 30),
(306, '', '', '', '\r', 693, 30),
(307, '', '', '', '\r', 694, 30),
(308, '', '', '', '\r', 695, 30),
(309, '', '', '', '\r', 696, 30),
(310, '', '', '', '\r', 697, 30),
(311, '', '', '', '\r', 531, 30),
(312, '', '', '', '\r', 530, 30),
(313, '', '', '', '\r', 698, 30),
(314, '', '', '', '\r', 699, 30),
(315, '', '', '', '\r', 700, 30),
(316, '', '', '', '\r', 644, 30),
(317, '', '', '', 'Trasmparente\r', 701, 30),
(318, '', '', '', '\r', 702, 30),
(319, '', '', '', '\r', 703, 30),
(320, '', '', '', 'Espesial 2\r', 532, 30),
(321, '', '', '', '\r', 524, 30),
(322, '', '', '', 'Trasmparente\r', 496, 30),
(323, '', '', '', 'Cinza\r', 496, 30),
(324, '', '', '', '\r', 525, 30),
(325, '', '', '', '\r', 612, 30),
(326, '', '', '', '\r', 604, 30),
(327, '', '', '', '\r', 704, 30),
(328, '', '', '', '\r', 705, 30),
(329, '', '', '', '\r', 706, 30),
(330, '', '', '', '\r', 707, 30),
(331, '', '', '', '\r', 708, 30),
(332, '', '', '', 'Azul marinho\r', 690, 30),
(333, '', '', '', 'Prata\r', 690, 30),
(334, '', '', '', 'Cinza\r', 701, 30),
(335, '', '', '', 'Rosa bebe\r', 690, 30),
(336, '', '', '', 'Azul bebe\r', 496, 30),
(337, '', '', '', 'Amarelo\r', 496, 30),
(338, '', '', '', 'Verde musgo\r', 496, 30),
(339, '', '', '', 'Azul\r', 496, 30),
(340, '', '', '', 'Vermelho\r', 496, 30),
(341, '', '', '', 'Preto\r', 496, 30),
(342, '', '', '', 'Rosa\r', 496, 30),
(343, '', '', '', 'Roxo\r', 496, 30),
(344, '', '', '', 'Verde mar\r', 496, 30),
(345, '', '', '', 'Azul marinho\r', 496, 30),
(346, '', '', '', 'Prata\r', 496, 30),
(347, '', '', '', 'Prata\r', 701, 30),
(348, '', '', '', '\r', 529, 30),
(349, '', '', '', '\r', 709, 30),
(350, '', '', '', '\r', 710, 30),
(351, '', '', '', '\r', 642, 30),
(352, '', '', '', '\r', 711, 30),
(353, '', '', '', 'Azul claro\r', 691, 30),
(354, '', '', '', 'Roth 2\r', 517, 30),
(355, '', '', '', 'Sortido\r', 496, 30),
(356, '', '', '', '\r', 712, 30),
(357, '', '', '', 'Especial\r', 517, 30),
(358, '', '', '', '\r', 643, 30),
(359, '', '', '', '\r', 713, 30),
(360, '', '', '', '\r', 714, 30),
(361, '', '', '', 'Verde limäo cristal\r', 690, 30),
(362, '', '', '', 'Vermelho cristal\r', 690, 30),
(363, '', '', '', 'Laranja crisatal\r', 690, 30),
(364, '', '', '', 'Verde cristal\r', 690, 30),
(365, '', '', '', 'Azul crisatal\r', 690, 30),
(366, '', '', '', 'Verde limäo cristal\r', 496, 30),
(367, '', '', '', 'Vermelho cristal\r', 496, 30),
(368, '', '', '', 'Laranja crisatal\r', 496, 30),
(369, '', '', '', 'Verde cristal\r', 496, 30),
(370, '', '', '', 'Verde limäo cristal\r', 497, 30),
(371, '', '', '', 'Vermelho cristal\r', 497, 30),
(372, '', '', '', 'Laranja crisatal\r', 497, 30),
(373, '', '', '', 'Verde cristal\r', 497, 30),
(374, '', '', '', '\r', 715, 30),
(375, '', '', '', 'Marfim\r', 690, 30),
(376, '', '', '', 'Marfim\r', 496, 30),
(377, '', '', '', 'Marfim\r', 497, 30),
(378, '', '', '', '\r', 716, 30),
(379, '', '', '', '\r', 579, 30),
(380, '', '', '', '\r', 646, 30),
(381, '', '', '', '\r', 717, 30),
(382, '', '', '', '\r', 718, 30),
(383, '', '', '', '\r', 577, 30),
(384, '', '', '', '\r', 719, 30),
(385, '', '', '', 'Roth \r', 517, 30),
(386, '', '', '', 'Vermelho\r', 497, 30),
(387, '', '', '', 'Rosa\r', 497, 30),
(388, '', '', '', 'Azul crisatal\r', 497, 30),
(389, '', '', '', 'Pink crisatal\r', 497, 30),
(390, '', '', '', 'Especial\r', 693, 30),
(391, '', '', '', 'Rosa bebe\r', 496, 30),
(392, '', '', '', 'Vinho\r', 496, 30),
(393, '', '', '', 'Verde perola\r', 496, 30),
(394, '', '', '', 'Rosa perola\r', 496, 30),
(395, '', '', '', 'Azul crisatal\r', 496, 30),
(396, '', '', '', 'Pink crisatal\r', 496, 30),
(397, '', '', '', 'Vinho\r', 690, 30),
(398, '', '', '', 'Verde perola\r', 690, 30),
(399, '', '', '', 'Rosa perola\r', 690, 30),
(400, '', '', '', 'Pink crisatal\r', 690, 30),
(401, '', '', '', '\r', 528, 30),
(402, '', '', '', '\r', 720, 30),
(403, '', '', '', '\r', 721, 30),
(404, '', '', '', '\r', 722, 30),
(405, '', '', '', 'Azul bebe\r', 497, 30),
(406, '', '', '', 'Azul\r', 497, 30),
(407, '', '', '', 'Preto\r', 497, 30),
(408, '', '', '', 'Verde mar\r', 497, 30),
(409, '', '', '', 'Prata\r', 497, 30),
(410, '', '', '', 'Rosa bebe\r', 497, 30),
(411, '', '', '', 'Rosa perola\r', 497, 30),
(412, '', '', '', 'Especial\r', 529, 30),
(413, '', '', '', '\r', 723, 30),
(414, '', '', '', '\r', 532, 30),
(415, '', '', '', '\r', 607, 30),
(416, '', '', '', '\r', 608, 30),
(417, '', '', '', '\r', 527, 30),
(418, '', '', '', '\r', 724, 30),
(419, '', '', '', '\r', 725, 30),
(420, '', '', '', '\r', 726, 30),
(421, '', '', '', 'Especial\r', 604, 30),
(422, '', '', '', '\r', 727, 30),
(423, '', '', '', 'Espesial 3\r', 728, 30),
(424, '', '', '', '\r', 728, 30),
(425, '', '', '', 'Especial\r', 728, 30),
(426, '', '', '', 'Espesial 2\r', 728, 30),
(427, '', '', '', 'Espacial 4\r', 728, 30),
(428, '', '', '', 'Mbt\r', 517, 30),
(429, '', '', '', 'Branco renda\r', 690, 30),
(430, '', '', '', 'Lilas\r', 690, 30),
(431, '', '', '', 'Sortido cristal\r', 690, 30),
(432, '', '', '', 'Branco renda\r', 496, 30),
(433, '', '', '', 'Lilas\r', 496, 30),
(434, '', '', '', 'Sortido cristal\r', 496, 30),
(435, '', '', '', 'Verde musgo\r', 497, 30),
(436, '', '', '', 'Branco renda\r', 497, 30),
(437, '', '', '', 'Lilas\r', 497, 30),
(438, '', '', '', 'Amarelo\r', 497, 30),
(439, '', '', '', 'Azul marinho\r', 497, 30),
(440, '', '', '', 'Roxo\r', 497, 30),
(441, '', '', '', 'Verde perola\r', 497, 30),
(442, '', '', '', 'Vinho\r', 497, 30),
(443, '', '', '', 'Especial 5\r', 728, 30),
(444, '', '', '', '\r', 729, 30),
(445, '', '', '', '\r', 730, 30),
(446, '', '', '', '\r', 731, 30),
(447, '', '', '', '\r', 732, 30),
(448, '', '', '', '\r', 733, 30),
(449, '', '', '', '\r', 515, 30),
(450, '', '', '', 'Especial\r', 695, 30),
(451, '', '', '', 'Especial\r', 706, 30),
(452, '', '', '', 'Especial\r', 734, 30),
(453, '', '', '', '\r', 734, 30),
(454, '', '', '', 'Espesial 2\r', 518, 30),
(455, '', '', '', '\r', 522, 30),
(456, '', '', '', 'Espesial 2\r', 517, 30),
(457, '', '', '', '\r', 735, 30),
(458, '', '', '', '\r', 736, 30),
(459, '', '', '', '\r', 737, 30),
(460, '', '', '', '\r', 738, 30),
(461, '', '', '', '\r', 739, 30),
(462, '', '', '', '\r', 610, 30),
(463, '', '', '', '\r', 611, 30),
(464, '', '', '', '\r', 613, 30),
(465, '', '', '', '\r', 614, 30),
(466, '', '', '', 'Espesial 2\r', 734, 30),
(467, '', '', '', '\r', 523, 30),
(468, '', '', '', '\r', 734, 30),
(469, '', '', '', '\r', 518, 30),
(470, '', '', '', '\r', 741, 30),
(471, '', '', '', '\r', 742, 30),
(472, '', '', '', 'Especial\r', 743, 30),
(473, '', '', '', '\r', 743, 30),
(474, '', '', '', '\r', 520, 30),
(475, '', '', '', '\r', 521, 30),
(476, '', '', '', '\r', 504, 30),
(477, '', '', '', 'Uva cristal\r', 690, 30),
(478, '', '', '', 'Uva cristal\r', 496, 30),
(479, '', '', '', 'Uva cristal\r', 497, 30),
(480, '', '', '', 'Especial\r', 726, 30),
(481, '', '', '', '\r', 744, 6),
(482, '', '', '', '\r', 745, 6),
(483, '', '', '', '\r', 498, 6),
(484, '', '', '', '\r', 500, 6),
(485, '', '', '', '\r', 499, 6),
(486, '', '', '', '\r', 670, 6),
(487, '', '', '', '\r', 746, 6),
(488, '', '', '', '\r', 747, 6),
(489, '', '', '', '\r', 665, 6),
(490, '', '', '', '\r', 748, 6),
(491, '', '', '', '\r', 655, 6),
(492, '', '', '', '\r', 749, 6),
(493, '', '', '', '\r', 667, 6),
(494, '', '', '', '\r', 750, 6),
(495, '', '', '', '\r', 751, 6),
(496, '', '', '', '\r', 752, 6),
(497, '', '', '', '\r', 753, 6),
(498, '', '', '', '\r', 754, 6),
(499, '', '', '', '\r', 544, 6),
(500, '', '', '', '\r', 755, 6),
(501, '', 'https://biodinamica.com.br/wp-content/uploads/2018/09/alveolex-seringa-03.png', '0', '\r', 756, 6),
(502, '', '', '', '\r', 757, 6),
(503, '', '', '', '\r', 758, 6),
(504, '', '', '', '\r', 759, 6),
(505, '', '', '', '\r', 760, 6),
(506, '', '', '', '\r', 761, 6),
(507, '', '', '', '\r', 761, 6),
(508, '', '', '', '\r', 762, 6),
(509, '', '', '', '\r', 763, 6),
(510, '', '', '', '\r', 764, 6),
(511, '', '', '', '\r', 765, 6),
(512, '', '', '', '\r', 766, 6),
(513, '', '', '', '\r', 600, 6),
(514, '', 'http://microdont.com.br/wp-content/uploads/2015/11/Pontas_diamantadas.jpg', '0', '\r', 501, 31),
(515, '', '', '', '\r', 767, 32),
(516, '', '', '', '\r', 768, 32),
(517, '', '', '', '\r', 769, 32),
(518, '', '', '', '\r', 770, 32),
(519, '', '', '', '\r', 771, 32),
(520, '', '', '', '\r', 772, 32),
(521, '', '', '', '\r', 773, 32),
(522, '', '', '', '\r', 774, 32),
(523, '', '', '', '\r', 775, 32),
(524, '', '', '', '\r', 776, 32),
(525, '', '', '', '\r', 777, 32),
(526, '', '', '', '\r', 778, 32),
(527, '', '', '', '\r', 779, 32),
(528, '', 'https://encrypted-tbn0.gstatic.com/images?q=tbn%3AANd9GcSbt6ESaX7fpFdMzvEIeW8u1Zow3MsyprKIhQTxlAeb1ACYNcGd', '0', '\r', 668, 33),
(529, '', '', '', '\r', 657, 34),
(530, '', '', '', '\r', 780, 34),
(531, '', '', '', '\r', 781, 34),
(532, '', '', '', '\r', 782, 34),
(533, '', '', '', '\r', 783, 34),
(534, '', 'https://cdn.dentalspeed.com/produtos/550/produto-broca-largo-peeso-32mm-n-2-ca-dentsply-maillefer.png', '0', '\r', 784, 34),
(535, '', '', '', '\r', 785, 34),
(536, '', '', '', '\r', 786, 34),
(537, '', '', '', '\r', 717, 34),
(538, '', '', '', '\r', 787, 34),
(539, '', '', '', '\r', 788, 34),
(540, '', '', '', '\r', 667, 34),
(541, '', '', '', '\r', 789, 34),
(542, '', '', '', '\r', 790, 34),
(543, '', '', '', '\r', 791, 34),
(544, '', '', '', '\r', 792, 34),
(545, '', '', '', '\r', 793, 34),
(546, '', '', '', '\r', 794, 34),
(547, '', '', '', '\r', 795, 34),
(548, '', '', '', '\r', 796, 34),
(549, '', '', '', '\r', 797, 34),
(550, '', '', '', '\r', 798, 34),
(551, '', '', '', '\r', 799, 34),
(552, '', '', '', '\r', 800, 34),
(553, '', '', '', '\r', 801, 34),
(554, '', '', '', '\r', 802, 34),
(555, '', '', '', 'Especial\r', 782, 34),
(556, '', '', '', '\r', 803, 34),
(557, '', '', '', '\r', 804, 34),
(558, '', '', '', '\r', 805, 34),
(559, '', 'https://encrypted-tbn0.gstatic.com/images?q=tbn%3AANd9GcSQEhKmIkmtM5Anr4U5pO5xaDKRF1buCxtjFM-BP3rIXsuYjjUG', '0', '\r', 806, 34),
(560, '', '', '', 'Especial\r', 657, 34),
(561, '', '', '', '\r', 807, 34),
(562, '', '', '', '\r', 808, 34),
(563, '', '', '', 'Especial\r', 809, 34),
(564, '', '', '', '\r', 810, 34),
(565, '', '', '', '\r', 811, 34),
(566, '', '', '', '\r', 747, 34),
(567, '', '', '', '\r', 812, 34),
(568, '', '', '', 'Espesial 2\r', 665, 34),
(569, '', '', '', '\r', 813, 35),
(570, '', '', '', '\r', 814, 36),
(571, '', '', '', '\r', 815, 37),
(572, '', '', '', '\r', 816, 37),
(573, '', 'https://img.medicalexpo.com/pt/images_me/photo-g/71548-5603867.jpg', '0', '\r', 817, 37),
(574, '', '', '', '\r', 791, 37),
(575, '', '', '', '\r', 818, 37),
(576, '', '', '', '\r', 819, 37),
(577, '', '', '', '\r', 820, 37),
(578, '', '', '', '\r', 821, 38),
(579, '', '', '', '\r', 822, 31),
(580, '', '', '', '\r', 823, 31),
(581, '', '', '', 'Especial\r', 824, 31),
(582, '', '', '', '\r', 824, 31),
(583, '', 'https://encrypted-tbn0.gstatic.com/images?q=tbn%3AANd9GcSdGEq4w7i1mlOI7p9vCfu5wG2FNLnSod7ia5e7k-St_aOmjYfy', '0', 'Especial\r', 825, 31),
(584, '', 'https://encrypted-tbn0.gstatic.com/images?q=tbn%3AANd9GcRE2kms-yFjJxNOIYgHeJzI-FmNQtFIDBUml_ecICAebGfNcveT', '0', '\r', 825, 31),
(585, '', '', '', '\r', 768, 31),
(586, '', '', '', '\r', 777, 31),
(587, '', '', '', '\r', 651, 31),
(588, '', '', '', '\r', 770, 31),
(589, '', '', '', '\r', 826, 31),
(590, '', '', '', '\r', 767, 31),
(591, '', '', '', 'Especial\r', 827, 31),
(592, '', '', '', 'Espesial 2\r', 827, 31),
(593, '', '', '', 'Espesial 3\r', 827, 31),
(594, '', '', '', '\r', 828, 31),
(595, '', '', '', '\r', 829, 31),
(596, '', '', '', '\r', 830, 31),
(597, '', '', '', '\r', 816, 31),
(598, '', 'https://maquira.com.br/wp-content/uploads/2018/07/Hemonspon-Size-1-650x450.png', '0', '\r', 662, 11),
(599, '', 'https://maquira.com.br/wp-content/uploads/2018/07/hemonspon-c20-650x450.png', '0', 'Espesial 2\r', 662, 11),
(600, '', 'https://maquira.com.br/wp-content/uploads/2018/07/Hemonspon-Cote-1-650x450.png', '0', 'Especial\r', 662, 11),
(601, '', '', '', 'Especial\r', 538, 19),
(602, '', '', '', '\r', 743, 8),
(603, '', '', '', '\r', 831, 19),
(604, '', '', '', '\r', 832, 19),
(605, '', '', '', '\r', 833, 19),
(606, '', '', '', '\r', 834, 39),
(607, '', '', '', '\r', 815, 39),
(608, '', '', '', 'Especial\r', 835, 39),
(609, '', '', '', '\r', 836, 39),
(610, '', '', '', '\r', 837, 39),
(611, '', '', '', '\r', 838, 39),
(612, '', '', '', '\r', 586, 39),
(613, '', '', '', '\r', 839, 39),
(614, '', '', '', 'Espesial 2\r', 837, 39),
(615, '', '', '', 'Especial\r', 837, 39),
(616, '', '', '', 'Espesial 2\r', 835, 39),
(617, '', '', '', '\r', 835, 39),
(618, '', '', '', '\r', 840, 39),
(619, '', '', '', '\r', 841, 39),
(620, '', '', '', '\r', 842, 39),
(621, '', '', '', '\r', 843, 39),
(622, '', '', '', '\r', 844, 20),
(623, '', '', '', '\r', 845, 20),
(624, '', '', '', '\r', 846, 20),
(625, '', '', '', '\r', 847, 20),
(626, '', '', '', '\r', 848, 20),
(627, '', '', '', '\r', 838, 20),
(628, '', 'http://www.essencedental.com.br/Images/portfolio/Produtos/Plastificadora-com-motor/Plastificadora-Com-Motor-01.jpg', '0', '\r', 817, 20),
(629, '', '', '', '\r', 585, 20),
(630, '', '', '', '\r', 849, 20),
(631, '', '', '', '\r', 850, 20),
(632, '', '', '', '\r', 851, 16),
(633, '', '', '', '\r', 852, 16),
(634, '', '', '', '\r', 853, 16),
(635, '', '', '', '\r', 681, 16),
(636, '', '', '', '\r', 854, 16),
(637, '', '', '', '\r', 841, 16),
(638, '', '', '', '\r', 636, 16),
(639, '', '', '', '\r', 637, 16),
(640, '', '', '', '\r', 638, 16),
(641, '', '', '', '\r', 620, 16),
(642, '', '', '', '\r', 621, 16),
(643, '', '', '', '\r', 622, 16),
(644, '', '', '', '\r', 855, 16),
(645, '', '', '', '\r', 628, 16),
(646, '', '', '', '\r', 623, 16),
(647, '', '', '', '\r', 624, 16),
(648, '', '', '', '\r', 639, 16),
(649, '', '', '', '\r', 630, 16),
(650, '', '', '', '\r', 631, 16),
(651, '', '', '', '\r', 856, 16),
(652, '', '', '', '\r', 634, 16),
(653, '', '', '', '\r', 635, 16),
(654, '', '', '', '\r', 857, 16),
(655, '', '', '', '\r', 858, 16),
(656, '', '', '', '\r', 640, 16),
(657, '', '', '', '\r', 859, 16),
(658, '', '', '', '\r', 633, 16),
(659, '', '', '', '\r', 641, 16),
(660, '', '', '', '\r', 860, 16),
(661, '', '', '', '\r', 861, 16),
(662, '', '', '', '\r', 862, 16),
(663, '', '', '', '\r', 642, 16),
(664, '', '', '', '\r', 643, 16),
(665, '', '', '', 'Especial\r', 863, 16),
(666, '', '', '', '\r', 863, 16),
(667, '', '', '', 'Espacial 4\r', 863, 16),
(668, '', '', '', 'Espesial 3\r', 863, 16),
(669, '', '', '', '\r', 549, 16),
(670, '', '', '', 'Espesial 2\r', 864, 16),
(671, '', '', '', 'Especial\r', 864, 16),
(672, '', '', '', 'Especial 5\r', 863, 16),
(673, '', '', '', '\r', 865, 16),
(674, '', '', '', '\r', 866, 16),
(675, '', '', '', '\r', 867, 16),
(676, '', '', '', '\r', 868, 16),
(677, '', '', '', '\r', 869, 16),
(678, '', '', '', '\r', 646, 16),
(679, '', '', '', '\r', 712, 16),
(680, '', '', '', 'Especial 5\r', 864, 16),
(681, '', '', '', 'Espacial 4\r', 864, 16),
(682, '', '', '', 'Espesial 3\r', 864, 16),
(683, '', '', '', '\r', 864, 16),
(684, '', '', '', '\r', 870, 16),
(685, '', '', '', '\r', 871, 16),
(686, '', '', '', '\r', 644, 16),
(687, '', '', '', '\r', 605, 8),
(688, '', '', '', '\r', 606, 8),
(689, '', '', '', '\r', 607, 8),
(690, '', '', '', '\r', 608, 8),
(691, '', '', '', '\r', 604, 8),
(692, '', '', '', '\r', 612, 8),
(693, '', '', '', 'Roth \r', 522, 8),
(694, '', '', '', '\r', 603, 8),
(695, '', '', '', '\r', 602, 8),
(696, '', '', '', '\r', 872, 8),
(697, '', '', '', 'Roth \r', 517, 8),
(698, '', '', '', '\r', 873, 8),
(699, '', '', '', 'Mbt\r', 517, 8),
(700, '', '', '', '\r', 874, 8),
(701, '', '', '', '\r', 616, 8),
(702, '', '', '', 'Roth \r', 521, 8),
(703, '', '', '', '\r', 520, 8),
(704, '', '', '', '\r', 875, 8),
(705, '', '', '', '\r', 876, 8),
(706, '', '', '', '\r', 524, 8),
(707, '', '', '', '\r', 730, 8),
(708, '', '', '', '\r', 525, 8),
(709, '', '', '', '\r', 609, 8),
(710, '', '', '', '\r', 614, 8),
(711, '', '', '', '\r', 677, 8),
(712, '', '', '', '\r', 613, 8),
(713, '', '', '', 'Mbt\r', 521, 8),
(714, '', '', '', '\r', 734, 8),
(715, '', '', '', '\r', 628, 8),
(716, '', '', '', 'Roth \r', 523, 8),
(717, '', '', '', 'Roth 2\r', 517, 8),
(718, '', '', '', 'Mbt 2\r', 517, 8),
(719, '', '', '', 'Azul\r', 690, 8),
(720, '', '', '', 'Vermelho\r', 690, 8),
(721, '', '', '', 'Rosa pink\r', 690, 8),
(722, '', '', '', 'Preto\r', 690, 8),
(723, '', '', '', 'Verde mar\r', 690, 8),
(724, '', '', '', 'Verde cristal\r', 690, 8),
(725, '', '', '', 'Pink crisatal\r', 690, 8),
(726, '', '', '', 'Cinza\r', 690, 8),
(727, '', '', '', 'Trasmparente\r', 690, 8),
(728, '', '', '', 'Azul crisatal\r', 690, 8),
(729, '', '', '', 'Azul marinho\r', 690, 8),
(730, '', '', '', 'Roxo\r', 690, 8),
(731, '', '', '', '\r', 690, 8),
(732, '', '', '', 'Amarelo\r', 690, 8),
(733, '', '', '', 'Amarelo cristal\r', 690, 8),
(734, '', '', '', 'Lilas\r', 690, 8),
(735, '', '', '', 'Amarelo limäo\r', 690, 8),
(736, '', '', '', 'Prata\r', 690, 8),
(737, '', '', '', 'Rosa cristal\r', 690, 8),
(738, '', '', '', 'Azul bebe\r', 690, 8),
(739, '', '', '', 'Rosa bebe\r', 690, 8),
(740, '', '', '', 'Vermelho cristal\r', 690, 8),
(741, '', '', '', 'Laranja crisatal\r', 690, 8),
(742, '', '', '', 'Pearl\r', 690, 8),
(743, '', '', '', 'Pearl blue\r', 690, 8),
(744, '', '', '', 'Sortido\r', 690, 8),
(745, '', '', '', '\r', 511, 8),
(746, '', '', '', '\r', 689, 8),
(747, '', '', '', 'Sortido cristal\r', 690, 8),
(748, '', '', '', 'Azul\r', 497, 8),
(749, '', '', '', 'Vermelho\r', 497, 8),
(750, '', '', '', 'Rosa pink\r', 497, 8),
(751, '', '', '', 'Preto\r', 497, 8),
(752, '', '', '', 'Verde mar\r', 497, 8),
(753, '', '', '', 'Verde cristal\r', 497, 8),
(754, '', '', '', 'Pink crisatal\r', 497, 8),
(755, '', '', '', 'Cinza\r', 497, 8),
(756, '', '', '', 'Azul crisatal\r', 497, 8),
(757, '', '', '', 'Azul marinho\r', 497, 8),
(758, '', '', '', 'Roxo\r', 497, 8),
(759, '', '', '', 'Branco\r', 497, 8),
(760, '', '', '', 'Amarelo cristal\r', 497, 8),
(761, '', '', '', 'Lilas\r', 497, 8),
(762, '', '', '', 'Amarelo limäo\r', 497, 8),
(763, '', '', '', 'Prata\r', 497, 8),
(764, '', '', '', 'Rosa cristal\r', 497, 8),
(765, '', '', '', 'Azul bebe\r', 497, 8),
(766, '', '', '', 'Rosa bebe\r', 497, 8),
(767, '', '', '', 'Vermelho cristal\r', 497, 8),
(768, '', '', '', 'Laranja crisatal\r', 497, 8),
(769, '', '', '', 'Pearl\r', 497, 8),
(770, '', '', '', 'Pearl blue\r', 497, 8),
(771, '', '', '', 'Trasmparente\r', 497, 8),
(772, '', '', '', '\r', 816, 8),
(773, '', '', '', '\r', 686, 8),
(774, '', '', '', 'Roth \r', 518, 8),
(775, '', '', '', 'Mbt\r', 518, 8),
(776, '', '', '', 'Roth 2\r', 522, 8),
(777, '', '', '', 'Especial\r', 524, 8),
(778, '', '', '', 'Especial\r', 877, 40),
(779, '', '', '', '\r', 878, 40),
(780, '', '', '', '\r', 879, 40),
(781, '', '', '', '\r', 880, 40),
(782, '', '', '', '\r', 881, 40),
(783, '', '', '', '\r', 882, 40),
(784, '', '', '', '\r', 883, 40),
(785, '', '', '', '\r', 884, 40),
(786, '', '', '', 'Espesial 2\r', 885, 40),
(787, '', '', '', '\r', 886, 40),
(788, '', '', '', '\r', 887, 40),
(789, '', '', '', '\r', 888, 40),
(790, '', '', '', '\r', 830, 40),
(791, '', '', '', '\r', 885, 40),
(792, '', '', '', 'Especial\r', 885, 40),
(793, '', '', '', 'Especial\r', 889, 11),
(794, '', '', '', '\r', 773, 11),
(795, '', '', '', '\r', 751, 11),
(796, '', '', '', '\r', 669, 11),
(797, '', '', '', '\r', 890, 11),
(798, '', '', '', '\r', 789, 11),
(799, '', '', '', '\r', 891, 11),
(800, '', '', '', '\r', 651, 11),
(801, '', '', '', '\r', 750, 11),
(802, '', '', '', '\r', 763, 11),
(803, '', '', '', '\r', 892, 11),
(804, '', '', '', '\r', 577, 11),
(805, '', '', '', '\r', 793, 11),
(806, '', '', '', '\r', 893, 11),
(807, '', '', '', '\r', 785, 11),
(808, '', '', '', '\r', 894, 11),
(809, '', '', '', '\r', 686, 11),
(810, '', '', '', '\r', 801, 11),
(811, '', '', '', '\r', 731, 11),
(812, '', '', '', '\r', 708, 11),
(813, '', '', '', '\r', 895, 11),
(814, '', '', '', '\r', 896, 11),
(815, '', '', '', '\r', 897, 11),
(816, '', '', '', '\r', 810, 11),
(817, '', '', '', 'Especial\r', 586, 11),
(818, '', '', '', '\r', 843, 11),
(819, '', '', '', '\r', 568, 11),
(820, '', '', '', '\r', 898, 11),
(821, '', '', '', '\r', 770, 11),
(822, '', 'https://maquira.com.br/wp-content/uploads/2018/07/bolsa-termica-650x450.png', '0', '\r', 899, 11),
(823, '', '', '', '\r', 900, 11),
(824, '', '', '', '\r', 755, 11),
(825, '', '', '', '\r', 766, 11),
(826, '', '', '', '\r', 597, 11),
(827, '', '', '', '\r', 901, 11),
(828, '', '', '', '\r', 500, 11),
(829, '', '', '', '\r', 657, 11),
(830, '', '', '', '\r', 534, 11),
(831, '', '', '', '\r', 661, 11),
(832, '', '', '', 'Especial\r', 661, 11),
(833, '', '', '', '\r', 502, 11),
(834, '', '', '', '\r', 902, 11),
(835, '', '', '', '\r', 749, 11),
(836, '', '', '', '\r', 504, 11),
(837, '', '', '', '\r', 903, 11),
(838, '', '', '', '\r', 769, 11),
(839, '', '', '', 'Espesial 2\r', 777, 11),
(840, '', '', '', 'Especial\r', 777, 11),
(841, '', '', '', 'Especial\r', 752, 26),
(842, '', '', '', '\r', 792, 26),
(843, '', '', '', '\r', 765, 26),
(844, '', '', '', '\r', 791, 26),
(845, '', '', '', '\r', 752, 26),
(846, '', '', '', 'Espesial 3\r', 752, 26),
(847, '', '', '', 'Espesial 2\r', 752, 26),
(848, '', '', '', '\r', 504, 26),
(849, '', '', '', '\r', 766, 26),
(850, '', '', '', '\r', 829, 25),
(851, '', '', '', '\r', 669, 25),
(852, '', 'https://encrypted-tbn0.gstatic.com/images?q=tbn%3AANd9GcTy8CpGT_CYUSQVmTdPfW59-NvGCU7B2vHA2_EOEUWSKl_TTgzU', '0', '\r', 765, 25),
(853, '', '', '', '\r', 753, 25),
(854, '', '', '', '\r', 751, 25),
(855, '', '', '', '\r', 760, 25),
(856, '', '', '', '\r', 748, 25),
(857, '', '', '', '\r', 752, 25),
(858, '', '', '', '\r', 755, 25),
(859, '', '', '', '\r', 773, 25),
(860, '', '', '', 'Especial\r', 752, 25),
(861, '', '', '', '\r', 766, 25),
(862, '', '', '', '\r', 889, 25),
(863, '', '', '', '\r', 502, 25),
(864, '', '', '', '\r', 666, 25),
(865, '', '', '', '\r', 667, 25),
(866, '', '', '', '\r', 792, 25),
(867, '', '', '', '\r', 832, 41),
(868, '', '', '', '\r', 783, 41),
(869, '', '', '', '\r', 904, 41),
(870, '', '', '', '\r', 905, 19),
(871, '', 'https://www.novaendovita.com/wp-content/uploads/2016/06/brocas-carbide.jpg', '0', 'Espesial 2\r', 825, 5),
(872, '', 'https://www.novaendovita.com/wp-content/uploads/2017/04/Broca-carbide-Cir.jpg', '0', 'Espesial 3\r', 825, 5),
(873, '', 'https://www.novaendovita.com/wp-content/uploads/2016/06/brocas-carbide.jpg', '0', '\r', 825, 5),
(874, '', '', '', '\r', 743, 5),
(875, '', 'https://www.dentalsorria.com.br/media/catalog/product/cache/1/image/9df78eab33525d08d6e5fb8d27136e95/a/n/angelus_zzekrya.jpg', '0', 'Especial\r', 825, 5),
(876, '', '', '', '\r', 743, 2),
(877, '', '', '', '\r', 501, 5),
(878, '', '', '', '\r', 661, 23),
(879, '', '', '', '\r', 907, 23),
(880, '', 'http://www.suturas.com.br/wp-content/plugins/pack-oll/resources/timthumb/timthumb.php?src=http://www.suturas.com.br/wp-content/uploads/2016/04/PRODUTO-NYLON.jpeg&w=930&h=550&zc=2', '0', '\r', 908, 42),
(881, '', 'http://www.suturas.com.br/wp-content/plugins/pack-oll/resources/timthumb/timthumb.php?src=http://www.suturas.com.br/wp-content/uploads/2016/04/PRODUTO-SEDA.jpeg&w=930&h=550&zc=2', '1', '\r', 909, 42),
(882, '', '', '', '\r', 788, 19),
(883, '', '', '', '\r', 910, 19),
(884, '', '', '', '\r', 868, 19),
(885, '', '', '', '\r', 745, 19),
(886, '', '', '', '\r', 911, 19),
(887, '', '', '', '\r', 593, 38),
(888, '', '', '', '\r', 912, 38),
(889, '', '', '', '\r', 913, 38),
(890, '', '', '', '\r', 914, 38),
(891, '', '', '', '\r', 915, 38),
(892, '', '', '', '\r', 916, 43),
(893, '', '', '', '\r', 910, 38),
(894, '', '', '', '\r', 917, 38),
(895, '', '', '', '\r', 918, 38),
(896, '', '', '', '\r', 919, 43),
(897, '', '', '', '\r', 920, 38),
(898, '', '', '', '\r', 921, 38),
(899, '', '', '', '\r', 922, 38),
(900, '', 'http://www.suturas.com.br/wp-content/plugins/pack-oll/resources/timthumb/timthumb.php?src=http://www.suturas.com.br/wp-content/uploads/2016/04/PRODUTO-POLIGLACTINA.jpeg&w=930&h=550&zc=2', '0', '\r', 923, 42),
(901, '', '', '', '\r', 924, 44),
(902, '', '', '', '\r', 502, 44),
(903, '', '', '', '\r', 666, 44),
(904, '', '', '', '\r', 766, 44),
(905, '', 'https://encrypted-tbn0.gstatic.com/images?q=tbn%3AANd9GcQ9MqcYE6HEq3DaZbEsH2mXjRWCi-XugvttqEpPQK-a5lvLpbel', '0', '\r', 673, 44),
(906, '', '', '', '\r', 499, 44),
(907, '', '', '', '\r', 498, 44),
(908, '', '', '', '\r', 898, 44),
(909, '', '', '', '\r', 600, 44),
(910, '', '', '', '\r', 925, 44),
(911, '', '', '', '\r', 926, 44),
(912, '', '', '', 'Especial\r', 502, 44),
(913, '', '', '', '\r', 657, 44),
(914, '', '', '', 'Especial\r', 661, 44),
(915, '', '', '', '\r', 661, 44),
(916, '', '', '', '\r', 780, 44),
(917, '', '', '', '\r', 927, 44),
(918, '', '', '', '\r', 928, 44),
(919, '', '', '', '\r', 929, 44),
(920, '', '', '', '\r', 648, 44),
(921, '', '', '', '\r', 930, 11),
(922, '', '', '', '\r', 905, 11),
(923, '', '', '', '\r', 931, 11),
(924, '', '', '', 'Espesial 2\r', 586, 11),
(925, '', '', '', '\r', 671, 11),
(926, '', '', '', '\r', 932, 11),
(927, '', '', '', '\r', 764, 11),
(928, '', '', '', '\r', 807, 11),
(929, '', '', '', '\r', 933, 11),
(930, '', 'https://dentalcoimbra.com.br/11658-large_default/002711-Solucao-Hemostatica-Hemopare-Maquira.jpg', '0', '\r', 934, 11),
(931, '', 'https://www.cedent.com.ar/web/image/product.template/4378/image', '0', '\r', 673, 11),
(932, '', '', '', '\r', 586, 11),
(933, '', '', '', 'Espesial 3\r', 777, 11),
(934, '', '', '', 'Espacial 4\r', 777, 11),
(935, '', '', '', '\r', 798, 11),
(936, '', '', '', '\r', 667, 11),
(937, '', '', '', '\r', 672, 11),
(938, '', '', '', '\r', 744, 11),
(939, '', '', '', 'Especial\r', 812, 11),
(940, '', '', '', '\r', 812, 11),
(941, '', '', '', '\r', 935, 11),
(942, '', '', '', '\r', 936, 11),
(943, '', '', '', '\r', 937, 11),
(944, '', '', '', '\r', 729, 11),
(945, '', '', '', '\r', 796, 11),
(946, '', '', '', '\r', 746, 11),
(947, '', '', '', '\r', 753, 11),
(948, '', '', '', '\r', 938, 11),
(949, '', '', '', '\r', 939, 38),
(950, '', '', '', '\r', 940, 38),
(951, '', '', '', '\r', 941, 38),
(952, '', '', '', '\r', 942, 38),
(953, '', '', '', '\r', 670, 11),
(954, '', '', '', '\r', 943, 23),
(955, '', '', '', '\r', 944, 23),
(956, '', '', '', '\r', 766, 23),
(957, '', '', '', '\r', 750, 23),
(958, '', '', '', '\r', 600, 23),
(959, '', '', '', '\r', 945, 23),
(960, '', '', '', '\r', 744, 23),
(961, '', '', '', '\r', 927, 23),
(962, '', '', '', '\r', 946, 23),
(963, '', '', '', '\r', 947, 23),
(964, '', '', '', '\r', 948, 45),
(965, '', '', '', '\r', 593, 45),
(966, '', '', '', '\r', 949, 46),
(967, '', '', '', '\r', 950, 46),
(968, '', '', '', '\r', 951, 46),
(969, '', '', '', '\r', 781, 46),
(970, '', '', '', '\r', 952, 47),
(971, '', '', '', '\r', 953, 48),
(972, '', '', '', '\r', 767, 49),
(973, '', '', '', '\r', 954, 47),
(974, '', '', '', '\r', 623, 47),
(975, '', '', '', '\r', 953, 47),
(976, '', '', '', '\r', 798, 50),
(977, '', '', '', '\r', 955, 46),
(978, '', '', '', '\r', 868, 47),
(979, '', 'http://www.baumer.com.br/baumer/upload/site_produto/1539700792gen_phos_ha_tcp.png', '0', 'Espacial 4\r', 956, 51),
(980, '', 'http://www.baumer.com.br/baumer/upload/site_produto/1539700775gen_mix.png', '1', 'Espesial 2\r', 956, 51),
(981, '', 'http://www.baumer.com.br/baumer/upload/site_produto/1539700781gen_ox_inorg.png', '1', '\r', 956, 51),
(982, '', 'http://www.baumer.com.br/baumer/upload/site_produto/1539700769gen_derm.png', '0', '\r', 957, 51),
(983, '', 'http://www.baumer.com.br/baumer/upload/site_produto/1539701114orthogen_bloco.png', '0', 'Especial\r', 956, 51),
(984, '', 'http://www.baumer.com.br/baumer/upload/site_produto/1488396374genphos_xp.png', '1', 'Espesial 3\r', 956, 51),
(985, '', '', '', '\r', 958, 52),
(986, '', '', '', '\r', 527, 52),
(987, '', '', '', 'Especial\r', 517, 52),
(988, '', '', '', 'Roth \r', 517, 52),
(989, '', '', '', '\r', 959, 52),
(990, '', '', '', '\r', 960, 52),
(991, '', '', '', 'Roth 2\r', 517, 52),
(992, '', '', '', '\r', 518, 52),
(993, '', '', '', 'Espesial 2\r', 863, 16),
(994, '', '', '', '\r', 961, 16),
(995, '', '', '', '\r', 962, 16),
(996, '', '', '', '\r', 963, 16),
(997, '', '', '', '001\r', 964, 16),
(998, '', '', '', '150\r', 964, 16),
(999, '', '', '', '151\r', 964, 16),
(1000, '', '', '', 'Especial 5\r', 964, 16),
(1001, '', '', '', 'Espacial 4\r', 964, 16),
(1002, '', '', '', 'Espesial 3\r', 964, 16),
(1003, '', '', '', 'Espesial 2\r', 964, 16),
(1004, '', '', '', 'Especial\r', 964, 16),
(1005, '', '', '', '\r', 964, 16),
(1006, '', '', '', '\r', 965, 16),
(1007, '', '', '', '\r', 966, 16),
(1008, '', '', '', '\r', 967, 16),
(1009, '', '', '', 'Especial\r', 529, 2),
(1010, '', '', '', 'Especial\r', 630, 2),
(1011, '', '', '', '\r', 968, 7),
(1012, '', '', '', '\r', 969, 8),
(1013, '', '', '', 'Especial\r', 792, 34),
(1014, '', '', '', '\r', 970, 3),
(1015, '', '', '', '\r', 788, 53),
(1016, '', '', '', '\r', 510, 1),
(1017, '', '', '', '\r', 541, 1),
(1018, '', '', '', '\r', 510, 1),
(1019, '', '', '', '\r', 514, 1),
(1020, '', '', '', 'Especial\r', 510, 1),
(1021, '', '', '', '\r', 740, 30),
(1022, '', '', '', '\r', 906, 5);

-- --------------------------------------------------------

--
-- Estrutura para tabela `itemcarrinho`
--

CREATE TABLE `itemcarrinho` (
  `id_itemcarrinho` int(11) NOT NULL,
  `id_produto` int(11) NOT NULL,
  `quantidade` int(11) NOT NULL,
  `id_carrinho` int(11) NOT NULL
) ENGINE=InnoDB DEFAULT CHARSET=latin1;

-- --------------------------------------------------------

--
-- Estrutura para tabela `marca`
--

CREATE TABLE `marca` (
  `id_marca` int(11) NOT NULL,
  `nome` varchar(100) NOT NULL,
  `imagem` varchar(5000) NOT NULL,
  `catalogo` varchar(1000) NOT NULL,
  `slider` enum('1','0') NOT NULL,
  `single_prod` enum('1','0') NOT NULL
) ENGINE=InnoDB DEFAULT CHARSET=latin1;

--
-- Despejando dados para a tabela `marca`
--

INSERT INTO `marca` (`id_marca`, `nome`, `imagem`, `catalogo`, `slider`, `single_prod`) VALUES
(1, 'Implacil', '', '', '1', '1'),
(2, 'Orthomundi', '', '', '1', '1'),
(3, 'Triunfo', '', '', '1', '1'),
(4, 'Gc', '', '', '1', '1'),
(5, 'Prima dental', '', '', '1', '1'),
(6, 'Biodinamica', '', '', '1', '1'),
(7, 'Unigloves', '', '', '1', '1'),
(8, 'Orthometric', '', '', '1', '1'),
(9, 'Cristofoli', '', '', '1', '1'),
(10, 'Carestream', '', '', '1', '1'),
(11, 'Maquira', '', '', '1', '1'),
(12, ' advantive', '', '', '1', '1'),
(13, 'Xdent', '', '', '1', '1'),
(14, 'Orto guaru', '', '', '1', '1'),
(16, 'Ice', '', '', '1', '1'),
(17, 'Unemol', '', '', '1', '1'),
(18, 'Septodont', '', '', '1', '1'),
(19, 'S.s.plus', '', '', '1', '1'),
(20, 'Essence dental', '', '', '1', '1'),
(21, 'Fine flex', '', '', '1', '1'),
(22, 'Ossos nacional ', '', '', '1', '1'),
(23, 'Yller', '', '', '1', '1'),
(24, 'Gap', '', '', '1', '1'),
(25, 'Ultradent', '', '', '1', '1'),
(26, 'Bm4', '', '', '1', '1'),
(27, 'Medical', '', '', '1', '1'),
(28, 'Ss white', '', '', '1', '1'),
(29, 'Dfl', '', '', '1', '1'),
(30, 'Morelli', '', '', '1', '1'),
(31, 'Microdont', '', '', '1', '1'),
(32, 'Tdv', '', '', '1', '1'),
(33, 'Dla pharma', '', '', '1', '1'),
(34, 'Angelus', '', '', '1', '1'),
(35, 'Farol', '', '', '1', '1'),
(36, 'Clean', '', '', '1', '1'),
(37, 'Bio art', '', '', '1', '1'),
(38, 'Asfer', '', '', '1', '1'),
(39, 'Orto central', '', '', '1', '1'),
(40, 'Dentfelx', '', '', '1', '1'),
(41, 'Funmask', '', '', '1', '1'),
(42, 'Shalon', '', '', '1', '1'),
(43, 'Biosoma', '', '', '1', '1'),
(44, 'Voco', '', '', '1', '1'),
(45, 'Flexsiv', '', '', '1', '1'),
(46, 'Mani', '', '', '1', '1'),
(47, 'Wilcos', '', '', '1', '1'),
(48, 'Roeko', '', '', '1', '1'),
(49, 'Horico', '', '', '1', '1'),
(50, 'Parkell', '', '', '1', '1'),
(51, 'Baumer', 'http://www.albujarmedica.com.pe/assets/frontend/img/logo2.jpg', '', '1', '1'),
(52, 'Aditek', '', '', '1', '1'),
(53, 'Euronda monoart', '', '', '1', '1'),
(54, '0', '', '', '1', '1');

-- --------------------------------------------------------

--
-- Estrutura para tabela `mensagem`
--

CREATE TABLE `mensagem` (
  `id_mensagem` int(11) NOT NULL,
  `email` varchar(200) NOT NULL,
  `mensagem` text NOT NULL,
  `data` date NOT NULL
) ENGINE=InnoDB DEFAULT CHARSET=latin1;

-- --------------------------------------------------------

--
-- Estrutura para tabela `pedido`
--

CREATE TABLE `pedido` (
  `id_pedido` int(11) NOT NULL,
  `nome` varchar(500) NOT NULL,
  `endereco` varchar(2000) DEFAULT NULL,
  `cep` varchar(30) DEFAULT NULL,
  `cidade` varchar(100) DEFAULT NULL,
  `uf` varchar(2) DEFAULT NULL,
  `telefone` varchar(20) NOT NULL,
  `email` varchar(100) DEFAULT NULL,
  `mensagem` text DEFAULT NULL,
  `precototal` float NOT NULL,
  `data` date NOT NULL,
  `status` enum('INCONCLUSO','NAO ENTREGUE','ENTREGUE') NOT NULL,
  `id_carrinho` int(11) NOT NULL
) ENGINE=InnoDB DEFAULT CHARSET=latin1;

-- --------------------------------------------------------

--
-- Estrutura para tabela `produto`
--

CREATE TABLE `produto` (
  `id_produto` int(11) NOT NULL,
  `barcode` varchar(50) NOT NULL,
  `preco` float NOT NULL,
  `estoque` int(11) NOT NULL,
  `especificacao` varchar(500) NOT NULL,
  `tipo` varchar(100) NOT NULL,
  `embalagem` varchar(100) NOT NULL,
  `id_subgrupo` int(11) NOT NULL,
  `id_marca` int(11) NOT NULL
) ENGINE=InnoDB DEFAULT CHARSET=latin1;

--
-- Despejando dados para a tabela `produto`
--

INSERT INTO `produto` (`id_produto`, `barcode`, `preco`, `estoque`, `especificacao`, `tipo`, `embalagem`, `id_subgrupo`, `id_marca`) VALUES
(1, '000000003698', 35, 80, 'Ucla plastica hi com hexagono sim ombro 3.5', '\r', '1 und', 491, 1),
(2, '00000003', 19.9, 1, 'Ligadura temática premium gatinho cor surtida', '\r', '1000 und', 492, 2),
(3, '00000004', 19.9, 1, 'Ligadura temática premium orelhas cor surtida', '\r', '1000 und', 492, 2),
(4, '000000117029', 4.2, 16, 'Triunfo superior 3p cor 60', '\r', '1 und', 493, 3),
(5, '000000117043', 4.2, 14, 'Triunfo superior 264 cor 60', '\r', '1 und', 493, 3),
(6, '000000117074', 4.2, 12, 'Triunfo inferior a26 cor 62', '\r', '1 und', 493, 3),
(7, '000000117081', 4.2, 6, 'Triunfo superior 30m cor 62', '\r', '1 und', 493, 3),
(8, '000000117159', 4.2, 13, 'Triunfo superior 32l cor 66', '\r', '1 und', 493, 3),
(9, '000000255400', 24, 4, 'Isolante', '\r', '500 ml', 494, 3),
(10, '000000292719', 8.5, 20, 'Bionix tg3 cor 62', '\r', '1 und', 495, 3),
(11, '000000292733', 8.5, 16, 'Bionix r4b cor 66', '\r', '1 und', 495, 3),
(12, '000000292757', 8.5, 11, 'Bionix il7 cor 66', '\r', '1 und', 495, 3),
(13, '000000292771', 8.5, 13, 'Bionix ik 6 cor 69', '\r', '1 und', 495, 3),
(14, '000000292795', 8.5, 8, 'Bionix superior tm5 cor 69', '\r', '1 und', 495, 3),
(15, '000000292825', 8.5, 8, 'Bionix inferior tm5 cor 69', '\r', '1 und', 495, 3),
(16, '000000292832', 8.5, 15, 'Bionix tl4 cor 60', '\r', '1 und', 495, 3),
(17, '000000292849', 8.5, 16, 'Bionix r25 cor 69', '\r', '1 und', 495, 3),
(18, '000000292856', 8.5, 16, 'Bionix ik 12 cor 60', '\r', '1 und', 495, 3),
(19, '00000051', 9.9, 0, 'Ligadura modular amarelo', 'Amarelo\r', '500 und', 496, 2),
(20, '00000052', 9.9, 5, 'Ligadura modular azul bebe', 'Azul bebe\r', '500 und', 496, 2),
(21, '00000053', 9.9, 3, 'Ligadura modular azul celeste', 'Azul celeste\r', '500 und', 496, 2),
(22, '00000055', 9.9, 6, 'Ligadura modular azul claro', 'Azul claro\r', '500 und', 496, 2),
(23, '00000056', 9.9, 5, 'Ligadura modular azul cristal', 'Azul crisatal\r', '500 und', 496, 2),
(24, '00000057', 9.9, 3, 'Ligadura modular azul jeans', 'Azul jeans\r', '500 und', 496, 2),
(25, '00000058', 9.9, 5, 'Ligadura modular azul metalizado', 'Azul metalizado\r', '500 und', 496, 2),
(26, '00000059', 9.9, 5, 'Ligadura modular azul royal', 'Azul royal\r', '500 und', 496, 2),
(27, '00000060', 9.9, 4, 'Ligadura modular branco', 'Branco\r', '500 und', 496, 2),
(28, '00000061', 9.9, 4, 'Ligadura modular cereja', 'Cereja\r', '500 und', 496, 2),
(29, '00000064', 9.9, 3, 'Ligadura modular laranja', 'Laranja\r', '500 und', 496, 2),
(30, '00000065', 9.9, 4, 'Ligadura modular laranja escuro', 'Laranja escuro\r', '500 und', 496, 2),
(31, '00000066', 9.9, 3, 'Ligadura modular lilas', 'Lilas\r', '500 und', 496, 2),
(32, '00000068', 9.9, 5, 'Ligadura modular perola', 'Perola\r', '500 und', 496, 2),
(33, '00000071', 9.9, 3, 'Ligadura modular pink', 'Pink\r', '500 und', 496, 2),
(34, '00000072', 9.9, 5, 'Ligadura modular pink escuro', 'Pink escuro\r', '500 und', 496, 2),
(35, '00000073', 9.9, 4, 'Ligadura modular prata', 'Prata\r', '500 und', 496, 2),
(36, '00000074', 9.9, 5, 'Ligadura modular preto', 'Preto\r', '500 und', 496, 2),
(37, '00000075', 9.9, 2, 'Ligadura modular rosa bebe', 'Rosa bebe\r', '500 und', 496, 2),
(38, '00000079', 9.9, 4, 'Ligadura modular rosa perola', 'Rosa perola\r', '500 und', 496, 2),
(39, '00000081', 9.9, 15, 'Ligadura modular sortido', 'Sortido\r', '500 und', 496, 2),
(40, '00000085', 9.9, 10, 'Ligadura modular sortido estetica', 'Sortido estetica\r', '500 und', 496, 2),
(41, '00000086', 9.9, 9, 'Ligadura modular sortido metalisado', 'Sortido metalisado\r', '500 und', 496, 2),
(42, '00000107', 9.9, 5, 'Ligadura modular transparente', 'Trasmparente\r', '500 und', 496, 2),
(43, '00000108', 9.9, 4, 'Ligadura modular turquesa', 'Turquesa\r', '500 und', 496, 2),
(44, '00000109', 9.9, 1, 'Ligadura modular uva', 'Uva\r', '500 und', 496, 2),
(45, '00000110', 9.9, 4, 'Ligadura modular uva cristal', 'Uva cristal\r', '500 und', 496, 2),
(46, '00000111', 9.9, 3, 'Ligadura modular verde', 'Verde\r', '500 und', 496, 2),
(47, '00000113', 9.9, 1, 'Ligadura modular verde neon', 'Verde neon\r', '500 und', 496, 2),
(48, '00000114', 9.9, 5, 'Ligadura modular vermelho', 'Vermelho\r', '500 und', 496, 2),
(49, '00000115', 9.9, 2, 'Ligadura modular vermelho intenso', 'Vermelho intenso\r', '500 und', 496, 2),
(50, '00000116', 19.9, 1, 'Ligadura temática flor cor surtida', '\r', '1000 und', 492, 2),
(51, '00000121', 7.99, 2, 'Elástico corrente curto azul bebe', 'Azul bebe\r', '1.5 m', 497, 2),
(52, '00000122', 7.99, 2, 'Elástico corrente curto azul celeste', 'Azul celeste\r', '1.5 m', 497, 2),
(53, '00000123', 7.99, 1, 'Elástico corrente curto azul jeans', 'Azul jeans\r', '1.5 m', 497, 2),
(54, '00000125', 7.99, 2, 'Elástico corrente curto azul metalizado', 'Azul metalizado\r', '1.5 m', 497, 2),
(55, '00000126', 7.99, 2, 'Elástico corrente curto azul royal', 'Azul royal\r', '1.5 m', 497, 2),
(56, '00000127', 7.99, 2, 'Elástico corrente curto branco', 'Branco\r', '1.5 m', 497, 2),
(57, '00000128', 7.99, 1, 'Elástico corrente curto cereja', 'Cereja\r', '1.5 m', 497, 2),
(58, '00000130', 7.99, 1, 'Elástico corrente curto laranja', 'Laranja\r', '1.5 m', 497, 2),
(59, '00000131', 7.99, 1, 'Elástico corrente curto laranja escuro', 'Laranja escuro\r', '1.5 m', 497, 2),
(60, '00000132', 7.99, 2, 'Elástico corrente curto pink', 'Pink\r', '1.5 m', 497, 2),
(61, '00000133', 7.99, 2, 'Elástico corrente curto pink escuro', 'Pink escuro\r', '1.5 m', 497, 2),
(62, '00000134', 7.99, 1, 'Elástico corrente curto prata', 'Prata\r', '1.5 m', 497, 2),
(63, '00000135', 7.99, 2, 'Elástico corrente curto preto', 'Preto\r', '1.5 m', 497, 2),
(64, '00000136', 7.99, 2, 'Elástico corrente curto rosa bebe', 'Rosa bebe\r', '1.5 m', 497, 2),
(65, '00000137', 7.99, 4, 'Elástico corrente curto rosa perola', 'Rosa perola\r', '1.5 m', 497, 2),
(66, '00000138', 7.99, 3, 'Elástico corrente curto transparente', 'Trasmparente\r', '1.5 m', 497, 2),
(67, '00000139', 7.99, 2, 'Elástico corrente curto turqesa', 'Turquesa\r', '1.5 m', 497, 2),
(68, '00000140', 7.99, 1, 'Elástico corrente curto uva', 'Uva\r', '1.5 m', 497, 2),
(69, '00000141', 7.99, 1, 'Elástico corrente curto uva cristal', 'Uva cristal\r', '1.5 m', 497, 2),
(70, '00000142', 7.99, 1, 'Elástico corrente curto verde', 'Verde\r', '1.5 m', 497, 2),
(71, '00000143', 7.99, 1, 'Elástico corrente curto verde neon', 'Verde neon\r', '1.5 m', 497, 2),
(72, '00000144', 7.99, 4, 'Elástico corrente curto vermelho', 'Vermelho\r', '1.5 m', 497, 2),
(73, '00000145', 7.99, 1, 'Elástico corrente curto vermelho intenso', 'Vermelho intenso\r', '1.5 m', 497, 2),
(74, '00000146', 7.99, 1, 'Elástico corrente longo azul bebe', 'Azul bebe\r', '1.5 m', 497, 2),
(75, '00000147', 7.99, 1, 'Elástico corrente longo azul celeste', 'Azul celeste\r', '1.5 m', 497, 2),
(76, '00000148', 7.99, 1, 'Elástico corrente longo azul jeans', 'Azul jeans\r', '1.5 m', 497, 2),
(77, '00000150', 7.99, 1, 'Elástico corrente longo azul metalizado', 'Azul metalizado\r', '1.5 m', 497, 2),
(78, '00000151', 7.99, 1, 'Elástico corrente longo azul royal', 'Azul royal\r', '1.5 m', 497, 2),
(79, '00000152', 7.99, 1, 'Elástico corrente longo branco', 'Branco\r', '1.5 m', 497, 2),
(80, '00000153', 7.99, 1, 'Elástico corrente longo cereja', 'Cereja\r', '1.5 m', 497, 2),
(81, '00000155', 7.99, 2, 'Elástico corrente longo laranja', 'Laranja\r', '1.5 m', 497, 2),
(82, '00000156', 7.99, 1, 'Elástico corrente longo laranja escuro', 'Laranja escuro\r', '1.5 m', 497, 2),
(83, '00000157', 7.99, 1, 'Elástico corrente longo lilias', 'Lilas\r', '1.5 m', 497, 2),
(84, '00000158', 7.99, 1, 'Elástico corrente longo prata', 'Prata\r', '1.5 m', 497, 2),
(85, '00000159', 7.99, 0, 'Elástico corrente longo pink', 'Pink\r', '1.5 m', 497, 2),
(86, '00000160', 7.99, 1, 'Elástico corrente longo pink escuro', 'Pink escuro\r', '1.5 m', 497, 2),
(87, '00000161', 7.99, 0, 'Elástico corrente longo preto', 'Preto\r', '1.5 m', 497, 2),
(88, '00000163', 7.99, 1, 'Elástico corrente longo rosa bebe', 'Rosa bebe\r', '1.5 m', 497, 2),
(89, '00000164', 7.99, 1, 'Elástico corrente longo rosa perola', 'Rosa perola\r', '1.5 m', 497, 2),
(90, '00000165', 7.99, 3, 'Elástico corrente longo trasmparente', 'Trasmparente\r', '1.5 m', 497, 2),
(91, '00000167', 7.99, 1, 'Elástico corrente longo turquesa', 'Turquesa\r', '1.5 m', 497, 2),
(92, '00000168', 7.99, 1, 'Elástico corrente longo uva', 'Uva\r', '1.5 m', 497, 2),
(93, '00000169', 7.99, 1, 'Elástico corrente longo uva cristal', 'Uva cristal\r', '1.5 m', 497, 2),
(94, '00000170', 7.99, 1, 'Elástico corrente longo verde', 'Verde\r', '1.5 m', 497, 2),
(95, '00000171', 7.99, 1, 'Elástico corrente longo verde neon', 'Verde neon\r', '1.5 m', 497, 2),
(96, '00000172', 7.99, 0, 'Elástico corrente longo vermelho', 'Vermelho\r', '1.5 m', 497, 2),
(97, '00000173', 7.99, 1, 'Elástico corrente longo vermelho intenso', 'Vermelho intenso\r', '1.5 m', 497, 2),
(98, '00000174', 7.99, 0, 'Elástico corrente medio amarelo', 'Amarelo\r', '1.5 m', 497, 2),
(99, '00000175', 7.99, 2, 'Elástico corrente medio azul bebe', 'Azul bebe\r', '1.5 m', 497, 2),
(100, '00000176', 7.99, 2, 'Elástico corrente medio azul celeste', 'Azul celeste\r', '1.5 m', 497, 2),
(101, '00000177', 7.99, 1, 'Elástico corrente medio azul jeans', 'Azul jeans\r', '1.5 m', 497, 2),
(102, '00000179', 7.99, 2, 'Elástico corrente medio azul metalizado', 'Azul metalizado\r', '1.5 m', 497, 2),
(103, '00000180', 7.99, 2, 'Elástico corrente medio azul royal', 'Azul royal\r', '1.5 m', 497, 2),
(104, '00000181', 7.99, 2, 'Elástico corrente medio branco', 'Branco\r', '1.5 m', 497, 2),
(105, '00000182', 7.99, 0, 'Elástico corrente medio cereja', 'Cereja\r', '1.5 m', 497, 2),
(106, '00000183', 7.99, 2, 'Elástico corrente medio turqesa', 'Turquesa\r', '1.5 m', 497, 2),
(107, '00000184', 7.99, 1, 'Elástico corrente medio laranja', 'Laranja\r', '1.5 m', 497, 2),
(108, '00000185', 7.99, 1, 'Elástico corrente medio laranja escuro', 'Laranja escuro\r', '1.5 m', 497, 2),
(109, '00000186', 7.99, 1, 'Elástico corrente medio lilas', 'Lilas\r', '1.5 m', 497, 2),
(110, '00000187', 7.99, 2, 'Elástico corrente medio pink', 'Pink\r', '1.5 m', 497, 2),
(111, '00000188', 7.99, 2, 'Elástico corrente medio pink escuro', 'Pink escuro\r', '1.5 m', 497, 2),
(112, '00000189', 7.99, 1, 'Elástico corrente medio prata', 'Prata\r', '1.5 m', 497, 2),
(113, '00000190', 7.99, 2, 'Elástico corrente medio rosa perola', 'Rosa perola\r', '1.5 m', 497, 2),
(114, '00000191', 7.99, 1, 'Elástico corrente medio rosas bebe', 'Rosa bebe\r', '1.5 m', 497, 2),
(115, '00000192', 7.99, 3, 'Elástico corrente medio trasmparente', 'Trasmparente\r', '1.5 m', 497, 2),
(116, '00000194', 7.99, 1, 'Elástico corrente medio uva', 'Uva\r', '1.5 m', 497, 2),
(117, '00000196', 7.99, 1, 'Elástico corrente medio verde', 'Verde\r', '1.5 m', 497, 2),
(118, '00000197', 7.99, 1, 'Elástico corrente medio verde neon', 'Verde neon\r', '1.5 m', 497, 2),
(119, '00000198', 7.99, 2, 'Elástico corrente medio vermelho', 'Vermelho\r', '1.5 m', 497, 2),
(120, '00000199', 7.99, 1, 'Elástico corrente medio vermelho intenso', 'Vermelho intenso\r', '1.5 m', 497, 2),
(121, '00000636', 7.99, 2, 'Elástico corrente medio preto', 'Preto\r', '1.5 m', 497, 2),
(122, '00000639', 7.99, 1, 'Elástico corrente medio uva cristal', 'Uva cristal\r', '1.5 m', 497, 2),
(123, '00002232', 177, 5, 'Ionomero auto cimentaçao fuji plus', '\r', '7g de p? + 3,4ml', 498, 4),
(124, '00002233', 125, 16, 'Ionomero foto forrador lc fuji lining', 'Espesial 2\r', '5g de p? + 3,4ml', 499, 4),
(125, '00002563', 110, 35, 'Ionomero foto restaurador lc gold label tipo 2 a2', '\r', '5g de p? + 2,6ml', 500, 4),
(126, '00002564', 110, 33, 'Ionomero foto restaurador lc gold label tipo 2 a3', '\r', '5g de p? + 2,6ml', 500, 4),
(127, '00002565', 110, 21, 'Ionomero foto restaurador lc gold label tipo 2 a3.5', '\r', '5g de p? + 2,6ml', 500, 4),
(128, '00002577', 95, 23, 'Ionomero auto restaurador gold label tipo 9 a2', 'Espesial 2\r', '5g de p? + 2,4ml', 500, 4),
(129, '00002579', 95, 26, 'Ionomero auto restauraçao gold label tipo 9 a3.5', 'Espesial 2\r', '5g de p? + 2,4ml', 500, 4),
(130, '00002580', 139, 20, 'Ionomero auto cimentaçao gold label tipo 1', 'Especial\r', '15g de p? + 8ml', 498, 4),
(131, '00025783', 95, 30, 'Ionomero auto restaurador gold label tipo 9 a3', 'Espesial 2\r', '5g de p? + 2,4ml', 500, 4),
(132, '001', 10.3, 0, 'Ponta diamantada fg 1012', '\r', '1 und', 501, 5),
(133, '012812800000', 115, 5, 'Ionomero liquido lc fuji lining', '\r', '6,8ml', 499, 4),
(134, '0198819880', 60, 15, 'Resina gradia direct cor a1', '\r', '4 g', 502, 4),
(135, '034051300000', 62, 3, 'Resina auto alike cor 65', '\r', '45 g', 503, 4),
(136, '034051400000', 62, 0, 'Resina auto alike cor 67', '\r', '45 g', 503, 4),
(137, '06030107', 9.9, 3, 'Ligadura modular azul perolizado', 'Azul perolizado\r', '500 und', 496, 2),
(138, '06056360', 45, 0, 'Adesivo para braquetes foto biofix + brinde 3 seringas acido fosforico 37%', '\r', '1seringa 4g+1acido', 504, 6),
(139, '1000000117028', 4.2, 47, 'Triunfo superior 263 cor 60', '\r', '1 und', 493, 3),
(140, '1000000117042', 4.2, 23, 'Triunfo inferior 2p cor 60', '\r', '1 und', 493, 3),
(141, '1000000117066', 4.2, 18, 'Triunfo superior 3n cor 62', '\r', '1 und', 493, 3),
(142, '1000000117073', 4.2, 16, 'Triunfo superior a26 cor 62', '\r', '1 und', 493, 3),
(143, '1000000117080', 4.2, 14, 'Triunfo superior 38 cor 62', '\r', '1 und', 493, 3),
(144, '1000000117134', 4.2, 13, 'Triunfo superior 3d cor 66', '\r', '1 und', 493, 3),
(145, '1000000117141', 4.2, 17, 'Triunfo superior 3p cor 66', '\r', '1 und', 493, 3),
(146, '1000000117219', 4.2, 12, 'Triunfo superior 264 cor 69', '\r', '1 und', 493, 3),
(147, '1000000117226', 4.2, 18, 'Triunfo inferior 32m cor 69', '\r', '1 und', 493, 3),
(148, '1000000255751', 14, 3, 'Cera articulação', '\r', '225g', 505, 3),
(149, '1000000255805', 42, 7, 'Liquido auto sem crosslink', '\r', '500 ml', 506, 3),
(150, '1000000255812', 53, 4, 'Liquido auto com crosslink', '\r', '500 ml', 506, 3),
(151, '1000000266429', 27, 0, 'Resina termo pó incolor', '\r', '225 g', 507, 3),
(152, '1000000266993', 85, 5, 'Resina termo pó rosa medio', '\r', '1 kg', 507, 3),
(153, '1000000267099', 45, 4, 'Resina termo pó rosa claro', '\r', '450 g', 507, 3),
(154, '1000000292671', 8.5, 13, 'Bionix te2 cor 62', '\r', '1 und', 495, 3),
(155, '1000000292688', 8.5, 15, 'Bionix th4 cor 60', '\r', '1 und', 495, 3),
(156, '1000000292695', 8.5, 15, 'Bionix tf4 cor 62', '\r', '1 und', 495, 3),
(157, '1000000292701', 8.5, 14, 'Bionix te4 cor 62', '\r', '1 und', 495, 3),
(158, '1000000292718', 8.5, 15, 'Bionix tg3 cor 60', '\r', '1 und', 495, 3),
(159, '1000000292725', 8.5, 8, 'Bionix t12 cor 62', '\r', '1 und', 495, 3),
(160, '1000000292749', 8.5, 11, 'Bionix il5 cor 62', '\r', '1 und', 495, 3),
(161, '1000000292763', 8.5, 13, 'Bionix i10 cor  66', '\r', '1 und', 495, 3),
(162, '1000000292787', 8.5, 12, 'Bionix superior tm4 cor 66', '\r', '1 und', 508, 3),
(163, '1000000292817', 8.5, 25, 'Bionix inferior tm4 cor 66', '\r', '1 und', 495, 3),
(164, '1000000292831', 8.5, 9, 'Bionix inferior tm6 cor 69', '\r', '1 und', 495, 3),
(165, '1000000292855', 8.5, 15, 'Bionix ik 10 cor 69', '\r', '1 und', 495, 3),
(166, '1000000293296', 27, 2, 'Resina termo pó black', '\r', '225 g', 507, 3),
(167, '1000024708', 99, 6, 'Sonda', '\r', '1 und', 509, 1),
(168, '1000024823', 76, 6, 'Fresa conica 3.5 x 9 longa', '\r', '1', 510, 1),
(169, '10000812', 19.9, 10, 'Elástico intra oral 3/16 leve', '\r', '10pc de 100 und cada', 511, 2),
(170, '10047', 27, 20, 'Luva laranja media premium', '\r', '100 und', 512, 7),
(171, '1033', 29, 20, 'Luva verde extra pequena premium', '\r', '100 und', 512, 7),
(172, '1034', 29, 9, 'Luva verde pequena premium', '\r', '100 und', 512, 7),
(173, '1035', 29, 21, 'Luva verde media premium', '\r', '100 und', 512, 7),
(174, '103939', 85, 2, 'Liquido auto com crosslink', '\r', '1L', 506, 3),
(175, '1044', 77, 7, 'Liquido auto sem crosslink', '\r', '1L', 506, 3),
(176, '1045', 27, 32, 'Luva laranja extra pequena premium', '\r', '100 und', 512, 7),
(177, '1046', 27, 8, 'Luva laranja pequena premium', '\r', '100 und', 512, 7),
(178, '1049', 8.5, 0, 'Liquido auto sem crosslink', '\r', '50 ml', 506, 3),
(179, '1060', 25, 2, 'Liquido termo com crosslink', '\r', '250 ml', 513, 3),
(180, '1061', 10, 0, 'Liquido termo com crosslink', '\r', '50ml', 513, 3),
(181, '1063', 77, 1, 'Liquido termo sem crosslink', '\r', '1L', 513, 3),
(182, '1066', 22, 3, 'Liquido termo sem crosslink', '\r', '250ml', 513, 3),
(183, '1067', 8, 3, 'Liquido termo sem crosslink', '\r', '50ml', 513, 3),
(184, '1068', 37, 6, 'Liquido termo sem crosslink', '\r', '500ml', 513, 3),
(185, '10733', 12, 8, 'Borracha o´ring', '\r', '1 und', 514, 1),
(186, '10802124', 13, 4, 'Reposição ceramico roth iceram peça 24/25 .022\"', '\r', '1 und', 515, 8),
(187, '1100201100000', 10.2, 9, 'Reposição metalico roth orthogalaxy peca 11 .022\"', '\r', '10 und', 516, 2),
(188, '1100201200007', 10.2, 10, 'Reposição matalico roth orthogalaxy peça 12 .022\"', '\r', '10 und', 516, 2),
(189, '1100202100009', 10.2, 9, 'Reposição metalico roth orthogalaxy peca 21 .022\"', '\r', '10 und', 516, 2),
(190, '1100202200006', 10.2, 9, 'Reposição metalico roth orthogalaxy peca 22 .022\"', '\r', '10 und', 516, 2),
(191, '1100203100008', 10.2, 16, 'Reposição metalico roth orthogalaxy peca 31/32/41/42 .022\"', '\r', '10 und', 516, 2),
(192, '1100206300009', 12.5, 9, 'Reposição metalico roth orthogalaxy peca 13 .022\"', '\r', '10 und', 516, 2),
(193, '1100206400006', 12.5, 10, 'Reposição metalico roth orthogalaxy peca 15/14 .022\"', '\r', '10 und', 516, 2),
(194, '1100207300008', 12.5, 7, 'Reposição metalico roth orthogalaxy peca 23 .022\"', '\r', '10 und', 516, 2),
(195, '1100207400005', 12.5, 10, 'Reposição metalico roth orthogalaxy peca 25/24 .022\"', '\r', '10 und', 516, 2),
(196, '1100208300007', 12.5, 36, 'Reposição metalico roth orthogalaxy peca 33 .022\"', '\r', '10 und', 516, 2),
(197, '1100208400004', 12.5, 13, 'Reposição metalico roth orthogalaxy peca 34 .022\"', '\r', '10 und', 516, 2),
(198, '1100208500001', 12.5, 12, 'Reposição matalico roth orthogalaxy peça 35 .022\"', '\r', '10 und', 516, 2),
(199, '1100209300006', 12.5, 12, 'Reposição metalico roth orthogalaxy peca 43 .022\"', '\r', '10 und', 516, 2),
(200, '1100209400003', 12.5, 6, 'Reposição matalico roth orthogalaxy peça 44  .022\"', '\r', '10 und', 516, 2),
(201, '1100209500000', 12.5, 5, 'Reposição metalico roth orthogalaxy peca 45 .022\"', '\r', '10 und', 516, 2),
(202, '1100212100006', 22.9, 18, 'Braquetes metalico roth orthogalaxy .022\"', 'Roth \r', '1 caso', 517, 2),
(203, '1100212300000', 199, 10, 'Braquetes metalico roth orthogalaxy .022\"', 'Roth \r', '10 casos', 517, 2),
(204, '1100212500004', 949, 3, 'Braquetes metalico roth orthogalaxy .022\"', 'Roth \r', '50 casos', 517, 2),
(205, '1100212600001', 1749, 4, 'Braquetes metalico roth orthogalaxy+brinde 1 caso de elegnpro .022\"', 'Roth \r', '100 casos', 517, 2),
(206, '1101212100003', 22.9, 5, 'Braquetes metalico mbt orthogalaxy .022\"', 'Roth \r', '1 caso', 517, 2),
(207, '1101212300007', 199, 1, 'Braquetes metalico mbt orthogalaxy .022\"', 'Roth \r', '10 und', 517, 2),
(208, '1101212900009', 1749, 0, 'Braquetes metalico mbt orthogalaxy+brinde 1caso eleganpro .022\"', '\r', '100 casso', 517, 2),
(209, '1110212100005', 129, 11, 'Braquetes autoligado metalico  roth interativo smart .022\"', 'Roth \r', '1 caso', 518, 2),
(210, '1111212100002', 145, 5, 'Braquetes autoligado metalico mbt interativa smart .022\"', 'Mbt\r', '1 caso', 518, 2),
(211, '1123113100005', 390, 3, 'Braquetes metalico lingualtech .018\"', '\r', '1 caso', 519, 2),
(212, '1140201200003', 35.7, 0, 'Reposição safiro roth ultra clear peça 12 .022\"', '\r', '1 und', 520, 2),
(213, '1140202100005', 35.7, 0, 'Reposição safiro roth ultra clear peça 21 .022\"', '\r', '1 und', 520, 2),
(214, '1140203100004', 35.7, 0, 'Reposição safiro roth ultra clear peça 32/31/41/42 .022\"', '\r', '1 und', 520, 2),
(215, '1140212100002', 559, 10, 'Braquetes safiro roth ultra clear .022\"', 'Roth \r', '1 caso', 521, 2),
(216, '1152212100005', 224, 2, 'Bráquetes autoligado metalico passivo low torque thomas .022\"', '\r', '1 caso', 518, 2),
(217, '1153212100002', 224, 4, 'Bráquetes autoligado metalico passivo standard thomas .022\"', '\r', '1 caso', 518, 2),
(218, '1160201100004', 27.7, 5, 'Reposição ceramico roth elegan pro peça 11 .022\"', '\r', '5 und', 515, 2),
(219, '1160201200001', 27.7, 2, 'Reposição ceramico roth elegan pro peça 12', '\r', '5 und', 515, 2),
(220, '1160202100003', 27.7, 2, 'Reposição ceramico roth elegan pro peça 21 .022\"', '\r', '5 und', 515, 2),
(221, '1160202200000', 27.7, 2, 'Reposição ceramico roth elegan pro peça 22 .022\"', '\r', '5 und', 515, 2),
(222, '1160203100002', 27.7, 2, 'Reposição ceramico roth elegan pro peça 31/32/41/42 .022\"', '\r', '5 und', 515, 2),
(223, '1160206300003', 27.7, 2, 'Reposição ceramico roth elegan pro peça 13 .022\"', '\r', '5 und', 515, 2),
(224, '1160206400000', 27.5, 2, 'Reposição ceramico roth elegan pro peça 15/14 .022\"', '\r', '5 und', 515, 2),
(225, '1160207300002', 27.7, 2, 'Reposição ceramico roth elegan pro peça 23 .022\"', '\r', '5 und', 515, 2),
(226, '1160207400009', 27.7, 2, 'Reposição ceramico roth elegan pro peça 24/25 .022\"', '\r', '5 und', 515, 2),
(227, '1160208300001', 27.7, 2, 'Reposição ceramico roth elegan pro peça 33 .022\"', '\r', '5 und', 515, 2),
(228, '1160208400008', 27.7, 2, 'Reposição ceramico roth elegan pro peça 34 .022\"', '\r', '5 und', 515, 2),
(229, '1160208500005', 27.7, 2, 'Reposição ceramico roth elegan pro peça 35 .022\"', '\r', '5 und', 515, 2),
(230, '1160209300000', 27.7, 2, 'Reposição ceramico roth elegan pro peça 43 .022\"', '\r', '5 und', 515, 2),
(231, '1160209400007', 27.7, 2, 'Reposição ceramico roth elegan pro peça 44 .022\"', '\r', '5 und', 515, 2),
(232, '1160209500004', 27.7, 2, 'Reposição ceramico roth elegan pro peça 45 .022\"', '\r', '5 und', 515, 2),
(233, '1160212100000', 94, 6, 'Braquetes ceramico roth eleganpro .022\"', 'Roth \r', '1 caso', 522, 2),
(234, '1161212100007', 94, 5, 'Braquetes ceramico mbt eleganpro .022\"', 'Mbt\r', '1 caso', 522, 2),
(235, '117', 19.9, 10, 'Elástico intra oral 1/8 leve', '\r', '10pc de 100 und cada', 511, 2),
(236, '1170212100009', 1192, 1, 'Braquetes autoligado cerâmico roth passivo nobel .022\"', 'Roth \r', '1 caso', 523, 2),
(237, '117058', 4.2, 20, 'Triunfo inferior 3m cor 62', '\r', '1 und', 493, 3),
(238, '117059', 4.2, 12, 'Triunfo superior a23 cor 62', '\r', '1 und', 493, 3),
(239, '117067', 4.2, 12, 'Triunfo inferior 3n cor 62', '\r', '1 und', 493, 3),
(240, '117135', 4.2, 13, 'Triunfo inferior 3d cor 66', '\r', '1 und', 493, 3),
(241, '117142', 4.2, 14, 'Triunfo inferior 3p cor 66', '\r', '1 und', 493, 3),
(242, '117149', 4.2, 13, 'Triunfo superior 264 cor 66', '\r', '1 und', 493, 3),
(243, '117201', 4.2, 14, 'Triunfo inferior 3m cor 69', '\r', '1 und', 493, 3),
(244, '117202', 4.2, 15, 'Triunfo superior a23 cor 69', '\r', '1 und', 493, 3),
(245, '117203', 4.2, 14, 'Triunfo superior 2d cor 69', '\r', '1 und', 493, 3),
(246, '117206', 4.2, 13, 'Triunfo inferior 3d cor 69', '\r', '1 und', 493, 3),
(247, '117210', 4.2, 11, 'Triunfo inferior 3n cor 69', '\r', '1 und', 493, 3),
(248, '117227', 4.2, 13, 'Triunfo superior 30l cor 69', '\r', '1 und', 493, 3),
(249, '120', 19.9, 8, 'Elástico intra oral 1/8 media', '\r', '10pc de 100 und cada', 511, 2),
(250, '1210211000006', 16.9, 0, 'Tubo roth cola simples peça 16 / 17', '\r', '10 und', 524, 2),
(251, '1210212000005', 16.9, 0, 'Tubo roth cola simples peça 26 / 27', '\r', '10 und', 524, 2),
(252, '1210213000004', 16.9, 19, 'Tubo roth cola simples peça 36 / 37', '\r', '10 und', 524, 2),
(253, '1210214000003', 16.9, 15, 'Tubo roth cola simples peça 46 / 47', '\r', '10 und', 524, 2),
(254, '1210221600005', 21.6, 14, 'Tubo roth cola duplo peça 16', '\r', '10 und', 525, 2),
(255, '1210222600004', 21.6, 13, 'Tubo roth cola duplo peça 26', '\r', '10 und', 525, 2),
(256, '1210223600003', 21.6, 7, 'Tubo roth cola duplo peça 36', '\r', '10 und', 525, 2),
(257, '1210224600002', 21.6, 8, 'Tubo roth cola duplo peça 46', '\r', '10 und', 525, 2),
(258, '1231', 4875, 0, 'Autoclave vitale class cd 12 litros', '\r', '1 und', 526, 9),
(259, '1300000100007', 27.9, 5, 'Stop e guia de mordida o bite turbo', '\r', 'kit', 527, 2),
(260, '1300000700009', 10.5, 9, 'Stop para arcos redondos e retangulares', '\r', '10 und', 528, 2),
(261, '1300000900003', 9.8, 12, 'Gancho ponta bola universal', '\r', '10 und', 529, 2),
(262, '1300001200003', 11.9, 9, 'Fita para contençao lingual 1,2mm', '\r', '2 und', 530, 2),
(263, '1300002000008', 11.9, 11, 'Fita para contençao lingual 2mm', '\r', '2 und', 530, 2),
(264, '1300010500002', 6.2, 4, 'Botão lingual para solda', '\r', '10 und', 531, 2),
(265, '1300020500009', 8.9, 13, 'Botão lingual para colagem', '\r', '10 und', 532, 2),
(266, '1300030100008', 14.5, 8, 'Gancho curto 7mm espuerdo', '\r', '5 und', 533, 2),
(267, '1300030200005', 14.5, 8, 'Gancho curto 7mm direito', '\r', '5 und', 533, 2),
(268, '1300030300002', 14.5, 6, 'Gancho longo 10mm esquerdo', '\r', '5 und', 533, 2),
(269, '1300030400009', 14.5, 6, 'Gancho longo 10mm direito', '\r', '5 und', 533, 2),
(270, '1300040200002', 5.9, 8, 'Botão ceramico lingual para colagem', 'Especial\r', '1 und', 532, 2),
(271, '135001', 100, 6, 'Cimento cirúrgico periodontal coe-pak', '\r', '90g base+90g cat', 534, 4),
(272, '13512', 29, 40, 'Transfer mini conico moldeira aberta', '\r', '1 und', 535, 1),
(273, '14083', 40, 20, 'Ucla titanio hi 4.0', '\r', '1 und', 536, 1),
(274, '14250', 40, 15, 'Ucla titanio hi ar 4.0', '\r', '1 und', 536, 1),
(275, '14793', 40, 5, 'Ucla titanio he 4.0', '\r', '1 und', 536, 1),
(276, '14809', 40, 20, 'Ucla titanio hi 3.5', '\r', '1 und', 536, 1),
(277, '14816', 40, 5, 'Ucla titanio hi ar 3.5', '\r', '1 und', 536, 1),
(278, '14854', 29, 7, 'Transfer hi moldeira aberta 3.5', '\r', '1 und', 535, 1),
(279, '150015', 65, 6, 'Suporte para 13 embalagem de esteriliaçâ', '\r', '1 und', 537, 9),
(280, '1514', 49, 6, 'Rolo para esterilização', '\r', '10cmx100m', 538, 9),
(281, '1515', 3805, 0, 'Software cs carestream imaging suite', '\r', '1 und', 539, 10),
(282, '151515', 69, 15, 'Rolo para esterilização', '\r', '15cm x 100m', 538, 9),
(283, '1516', 95, 11, 'Rolo para esterilização', '\r', '20cm x 100m', 538, 9),
(284, '1517', 110, 11, 'Rolo para esterilização', '\r', '25cm x 100m', 538, 9),
(285, '1518', 165, 6, 'Rolo para esterilização', '\r', '30cm x 100m', 538, 9),
(286, '15899', 29, 17, 'Transfer hi moldeira aberta 4.0', '\r', '1 und', 535, 1),
(287, '165187', 6295, 0, 'Autoclave vitale class cd 21 litros', '\r', '1 und', 526, 9),
(288, '1656', 365, 1, 'Filme dve 20x25', 'Especial\r', '125 und', 540, 10),
(289, '17428', 20, 12, 'Transfer para munhao cm 3.5x4', '\r', '1 und', 535, 1),
(290, '17435', 20, 15, 'Transfer para munhao cm 3.5x6', '\r', '1 und', 535, 1),
(291, '17442', 20, 19, 'Transfer para munhao cm 4.5x4', '\r', '1 und', 535, 1),
(292, '17459', 20, 6, 'Transfer para munhao cm 4.5x6', '\r', '1 und', 535, 1),
(293, '17466', 21, 8, 'Cofia plastica cimentada munhão anti-rot cm 3.5 x 4', '\r', '1 und', 541, 1),
(294, '17473', 21, 10, 'Cofia plastica cimentada munhão anti-rot cm 4.5 x 4', '\r', '1 und', 541, 1),
(295, '17480', 21, 8, 'Cofia plastica cimentada munhão anti-rotcm 4.5 x 6', '\r', '1 und', 541, 1),
(296, '17503', 21, 5, 'Cofia plastica cimentada munhão anti-rot cm 3.5 x 6', '\r', '1 und', 541, 1),
(297, '17657', 65, 20, 'Ucla he base cromo ar cc 4.0', '\r', '1 und', 542, 1),
(298, '17664', 63, 4, 'Ucla he base cromo cc 4.0', '\r', '1 und', 542, 1),
(299, '17688', 63, 80, 'Ucla hi base cromo ar cc 3.5', '\r', '1 und', 542, 1),
(300, '17695', 63, 80, 'Ucla hi base cromo cc 3.5', '\r', '1 und', 542, 1),
(301, '17701', 63, 0, 'Ucla hi base cromo ar cc 4.0', '\r', '1 und', 542, 1),
(302, '17718', 63, 23, 'Ucla hi base cromo cc 4.0', '\r', '1 und', 542, 1),
(303, '17749', 34, 52, 'Cofia plastica mini conica l11', '\r', '1 und', 543, 1),
(304, '1789856154011', 9.9, 5, 'Bicarbonato sabor morango airon', '\r', '100g', 544, 11),
(305, '17898958254480', 33, 19, 'Lamina de bisturi de 15c', '\r', '100 und', 545, 12),
(306, '18302', 36, 20, 'Cofia titanio mini conico', '\r', '1', 543, 1),
(307, '18548', 24, 20, 'Tampa de cicatrização mini conico', '\r', '1 und', 546, 1),
(308, '18722', 109, 1, 'Barra clip conjunto', '\r', '1 und', 547, 1),
(309, '18920', 38, 0, 'Capsula do oring titanio', '\r', '1 und', 514, 1),
(310, '19088', 65, 3, 'O´ring clacinavel para posicionamento', '\r', '1 und', 514, 1),
(311, '19095', 12, 10, 'Borracha microcapsula', '\r', '1 und', 514, 1),
(312, '19217', 45, 4, 'Barra clip 35°', '\r', '1 und', 547, 1),
(313, '19224', 45, 5, 'Barra clip 70°', '\r', '1 und', 547, 1),
(314, '19231', 45, 5, 'Barra clip reta', '\r', '1 und', 547, 1),
(315, '19316', 25, 8, 'Micro capsula de titanio', '\r', '1 und', 514, 1),
(316, '19668', 12, 8, 'Anel espacadro oring', '\r', '1 und', 514, 1),
(317, '1989198900', 60, 14, 'Resina gradia direct cor a2', '\r', '4 g', 502, 4),
(318, '1990199000', 60, 12, 'Resina gradia direct cor a3', '\r', '4 g', 502, 4),
(319, '1991199100', 60, 13, 'Resina gradia direct cor a3.5', '\r', '4 g', 502, 4),
(320, '1992', 60, 3, 'Resina gradia direct cor ao3', '\r', '4 g', 502, 4),
(321, '1996', 60, 5, 'Resina gradia direct cor nt', '\r', '4 g', 502, 4),
(322, '2000000117027', 4.2, 23, 'Triunfo inferior 3n cor 60', '\r', '1 und', 493, 3),
(323, '2000000117034', 4.2, 16, 'Triunfo inferior a26 cor 60', '\r', '1 und', 493, 3),
(324, '2000000117041', 4.2, 14, 'Triunfo superior 2p cor 60', '\r', '1 und', 493, 3),
(325, '2000000117072', 4.2, 14, 'Triunfo inferior a25 cor 62', '\r', '1 und', 493, 3),
(326, '2000000117089', 4.2, 12, 'Triunfo superior 34l cor 62', '\r', '1 und', 493, 3),
(327, '2000000117133', 4.2, 15, 'Triunfo inferior 2d cor 66', '\r', '1 und', 493, 3),
(328, '2000000117140', 4.2, 17, 'Triunfo superior 263 cor 66', '\r', '1 und', 493, 3),
(329, '2000000117157', 4.2, 9, 'Triunfo superior 30l cor 66', '\r', '1 und', 493, 3),
(330, '2000000117218', 4.2, 14, 'Triunfo inferior 2p cor 69', '\r', '1 und', 493, 3),
(331, '2000000117225', 4.2, 19, 'Triunfo superior 32m cor 69', '\r', '1 und', 493, 3),
(332, '2000000117232', 4.2, 18, 'Triunfo inferior 34l cor 69', '\r', '1 und', 493, 3),
(333, '2000000255804', 27, 8, 'Liquido auto sem crosslink', '\r', '250 ml', 506, 3),
(334, '2000000269764', 21, 4, 'Resina acrílica bivalente cor 69', '\r', '80 g', 503, 3),
(335, '2000000286761', 85, 2, 'Resina termo pó cristal', '\r', '1 kg', 507, 3),
(336, '2000000292670', 8.5, 15, 'Bionix te2 cor 60', '\r', '1 und', 495, 3),
(337, '2000000292687', 8.5, 12, 'Bionix t13 cor 69', '\r', '1 und', 495, 3),
(338, '2000000292694', 8.5, 13, 'Bionix tf4 cor 60', '\r', '1 und', 495, 3),
(339, '2000000292700', 8.5, 16, 'Bionix te4 cor 60', '\r', '1 und', 495, 3),
(340, '2000000292717', 8.5, 16, 'Bionix t36 cor 69', '\r', '1 und', 495, 3),
(341, '2000000292724', 8.5, 15, 'Bionix t12 cor 60', '\r', '1 und', 495, 3),
(342, '2000000292731', 8.5, 18, 'Bionix r4b cor 62', '\r', '1 und', 495, 3),
(343, '2000000292748', 8.5, 16, 'Bionix il5 cor 60', '\r', '1 und', 495, 3),
(344, '2000000292755', 8.5, 18, 'Bionix il7 cor 62', '\r', '1 und', 495, 3),
(345, '2000000292779', 8.5, 1, 'Bionix superior tm3 cor 62', '\r', '1 und', 495, 3),
(346, '2000000292793', 8.5, 10, 'Bionix superior tm5 cor 66', '\r', '1 und', 495, 3),
(347, '2000000292809', 8.5, 3, 'Bionix inferior tm3 cor 62', '\r', '1 und', 495, 3),
(348, '2000000292823', 8.5, 21, 'Bionix inferior tm5 cor 66', '\r', '1 und', 495, 3),
(349, '2000000292847', 8.5, 16, 'Bionix r25 cor 66', '\r', '1 und', 495, 3),
(350, '2000000292861', 8.5, 15, 'Bionix ik 12 cor 69', '\r', '1 und', 495, 3),
(351, '2000000293295', 45, 2, 'Resina termo black', '\r', '450 g', 507, 3),
(352, '2001329000007', 85, 0, 'Resina termo pó rosa especial', '\r', '1 kg', 507, 3),
(353, '2001330000003', 45, 1, 'Resina termo pó rosa especial', '\r', '450 g', 507, 3),
(354, '20039', 23, 10, 'Capsula plastica', '\r', '1 und', 514, 1),
(355, '20040003', 5800, 0, 'Aparelho de rx - x70 de parede com braço pantografico', '\r', '1 und', 548, 13),
(356, '20077', 124, 2, 'Mini conico angulado hi 4.0 17°', '\r', '1 und', 543, 1),
(357, '20084', 124, 2, 'Mini conico angulado hi 3.5 17°', '\r', '1 und', 543, 1),
(358, '201', 19.9, 5, 'Elástico intra oral 3/16 media', '\r', '10pc de 100 und cada', 511, 2),
(359, '202', 19.9, 9, 'Elástico intra oral 5/16 leve', '\r', '10pc de 100 und cada', 511, 2),
(360, '2025010327136', 40, 4, 'Suporte alicate sem tampa cor cristal', '\r', '1 und', 549, 14),
(361, '2025110327135', 60, 10, 'Porta arcos cor cristal 18 dezenas', '\r', '1 und', 550, 14),
(362, '2025120327132', 65, 10, 'Porta arcos cor azul 18 dezenas', '\r', '1 und', 550, 14),
(363, '2025130327139', 65, 3, 'Porta arcos cor rosa 18 dezenas', '\r', '1 und', 550, 14),
(364, '2025410327132', 60, 7, 'Porta bengalinha cor cristal (16 cores)', '\r', '1 und', 551, 14),
(365, '2025720327136', 70, 5, 'Suporte alicate com tampa cor azul', '\r', '1 und (10 Alicates)', 552, 14),
(366, '2025730327133', 70, 4, 'Suporte alicate com tampa cor rosa', '\r', '1 und (10 Alicates)', 552, 14),
(367, '2025740327130', 70, 4, 'Suporte alicate com tampa cor verde', '\r', '1 und (10 Alicates)', 552, 14),
(368, '2025760327134', 70, 5, 'Suporte alicate com tampa cor laranja', '\r', '1 und (10 Alicates)', 552, 14),
(369, '2026210327131', 55, 9, 'Porta corrente cor cristal (12 correntes)', '\r', '1 und', 553, 14),
(370, '2026710327136', 90, 1, 'Suporte alicate deitado com tampa cor cristal', '\r', '1 und', 554, 14),
(371, '2026910327134', 100, 5, 'Maleta para alicates (capasidade 15)', '\r', '1 und', 555, 14),
(372, '2027110327139', 45, 9, 'Porta algodão rolete cor cristal', '\r', '1 und', 556, 14),
(373, '2027120327136', 50, 10, 'Porta algodão rolete cor azul', '\r', '1 und', 556, 14),
(374, '2027130327133', 50, 10, 'Porta algodão rolete cor rosa', '\r', '', 556, 14),
(375, '2027140327130', 50, 9, 'Porta algodão rolete cor verde', '\r', '', 556, 14),
(376, '2027150327137', 50, 5, 'Porta algodão rolete cor amarelo', '\r', '1 und', 557, 14),
(377, '2027160327134', 50, 5, 'Porta algodão rolete cor laranja', '\r', '1 und', 556, 14),
(378, '2027310327137', 45, 5, 'Porta resina simples cor cristal (28 seringas)', '\r', '1 und (28 Seringas)', 558, 14),
(379, '2027320327134', 45, 4, 'Porta resina simples cor azul (28 seringas)', '\r', '', 558, 14),
(380, '2027330327131', 45, 4, 'Porta resina simples cor rosa (28 seringas)', '\r', '1 und (28 Seringas)', 558, 14),
(381, '2027340327138', 45, 5, 'Porta resina simples verde (28 seringas)', '\r', '1 und (28 Seringas)', 558, 14),
(382, '2027350327135', 40, 2, 'Porta resina simples cor amarelo (28 seringas)', '\r', '1 und (28 Seringas)', 558, 14),
(383, '2027360327132', 45, 3, 'Porta resina simplescor laranja (28 seringas)', '\r', '1 und (28 Seringas)', 558, 14),
(384, '2027710327133', 95, 4, 'Porta ligadura modular cor cristal (28 cores)', '\r', '1 und (28 Cores)', 559, 14),
(385, '2027810327132', 70, 4, 'Porta ligadura modular cor cristal (16 cores)', '\r', '1 und', 559, 14),
(386, '2028310327134', 21, 7, 'Espelho toucador com cabo cor cristal', '\r', '1 und', 560, 14),
(387, '2028320327131', 21, 6, 'Espelho toucador com cabo azul', '\r', '1 und', 560, 14),
(388, '2028330327138', 21, 5, 'Espelho toucador com cabo cor rosa', '\r', '1 und', 560, 14),
(389, '2028340327135', 21, 10, 'Espelho toucador com cabo cor verde', '\r', '1 und', 560, 14),
(390, '2028350327132', 21, 7, 'Espelho toucador com cabo cor amarelo', '\r', '1 und', 560, 14),
(391, '2028360327139', 17, 8, 'Espelho toucador com cabo cor laranja', '\r', '1 und', 560, 14),
(392, '2028810327139', 55, 2, 'Suporte para babador cor cristal', '\r', '1 und', 561, 14),
(393, '2028910327138', 52, 3, 'Suporte para caixa de luvas cor cristal', '\r', '1 und', 562, 14),
(394, '203', 19.9, 7, 'Elástico intra oral 5/16 pesada', '\r', '10pc de 100 und cada', 511, 2),
(395, '204071', 28, 45, 'Analogo he 3.5', '\r', '1 und', 563, 1),
(396, '2043', 60, 6, 'Resina gradia direct cor b2', '\r', '4 g', 502, 4),
(397, '204330', 71, 1, 'Munhão angulado he 3.5 15°', '\r', '1 und', 564, 1),
(398, '204354', 71, 1, 'Munhão angulado he 3.5 25°', '\r', '1 und', 564, 1),
(399, '204378', 42, 1, 'Munhão reto he ar 3.5', '\r', '1 und', 564, 1),
(400, '204392', 124, 2, 'Mini conico angulado he 3.5 17°', '\r', '1 und', 543, 1),
(401, '204415', 124, 2, 'Mini conico angulado he 3.5 30°', '\r', '1 und', 543, 1),
(402, '204439', 71, 10, 'Mini conico he 3.5 x 1', '\r', '1 und', 543, 1),
(403, '204453', 71, 20, 'Mini conico he 3.5 x 2', '\r', '1 und', 543, 1),
(404, '204477', 71, 10, 'Mini conico he 3.5 x 3', '\r', '1 und', 543, 1),
(405, '204514', 48, 2, 'O`ring he 3.5 x 1', 'Especial\r', '1 und', 514, 1),
(406, '204538', 48, 2, 'O`ring he 3.5 x 2', 'Especial\r', '1 und', 514, 1),
(407, '204552', 48, 2, 'O`ring he 3.5 x 3', 'Especial\r', '1 und', 514, 1),
(408, '204576', 48, 2, 'O`ring he 3.5 x 4', 'Especial\r', '1 und', 514, 1),
(409, '204590', 48, 2, 'O`ring he 3.5 x 5', 'Especial\r', '1 und', 514, 1),
(410, '2046', 60, 4, 'Resina gradia direct cor ao2', '\r', '4 g', 502, 4),
(411, '204699', 29, 48, 'Transfer he moldeira aberta 3.5', '\r', '1 und', 510, 1),
(412, '2049', 60, 7, 'Resina gradia direct cor ct', '\r', '4 g', 502, 4),
(413, '204941', 63, 20, 'Ucla he base cromo ar cc 3.5', '\r', '1 und', 542, 1),
(414, '204965', 63, 6, 'Ucla he base cromo cc3.5', '\r', '1 und', 542, 1),
(415, '204989', 35, 9, 'Ucla plastica he sim hexagono com ombro 3.5', '\r', '1 und', 491, 1),
(416, '205009', 35, 4, 'Ucla plastica he com hexagano com ombro 3.5', '\r', '1 und', 491, 1),
(417, '20503', 124, 2, 'Mini conico angulado he 4.0 17°', '\r', '1 und', 543, 1),
(418, '2051', 60, 7, 'Resina gradia direct cor wt', '\r', '4 g', 502, 4),
(419, '20563987', 690, 0, 'Kit jogo de chaves para  protetico (boloinha)', '\r', 'Kit', 510, 1),
(420, '20598536', 1600, 0, 'Kit protetico completo', '\r', 'Kit', 510, 1),
(421, '20598743', 950, 0, 'Kit upgrade hi - cm Ø 3.5mm / Ø 4.0mm', '\r', 'Kit', 510, 1),
(422, '20652793', 3800, 0, 'Kit cirurgico master cilindrico e conico he/hi/cm', '\r', 'kit', 510, 1),
(423, '20718', 124, 2, 'Mini conico angulado hi 3.5 30°', '\r', '1 und', 543, 1),
(424, '208482', 30, 10, 'Cicatrizador hi 3.5 x 2', '\r', '1 und', 565, 1),
(425, '208499', 30, 6, 'Cicatrizador hi 3.5 x 3', '\r', '1 und', 565, 1),
(426, '208505', 30, 9, 'Cicatrizador hi 3.5 x 4', '\r', '1 und', 565, 1),
(427, '208512', 28, 5, 'Cicatrizador hi 3.5 x 5', '\r', '1 und', 565, 1),
(428, '208529', 28, 8, 'Cicatrizador hi 3.5 x 6', '\r', '1 und', 565, 1),
(429, '208536', 28, 7, 'Cicatrizador hi 3.5 x 7', '\r', '1 und', 565, 1),
(430, '208550', 30, 11, 'Cicatrizador hi 4.0 x 2', '\r', '1 und', 565, 1),
(431, '208567', 30, 6, 'Cicatrizador hi 4.0 x 3', '\r', '1 und', 565, 1),
(432, '208574', 30, 9, 'Cicatrizador hi 4.0 x 4', '\r', '1 und', 565, 1),
(433, '208581', 30, 8, 'Cicatrizador hi 4.0 x 5', '\r', '1 und', 565, 1),
(434, '208598', 28, 6, 'Cicatrizador hi 4.0 x 6', '\r', '1 und', 541, 1),
(435, '208604', 28, 8, 'Cicatrizador hi 4.0 x 7', '\r', '1 und', 565, 1),
(436, '208765', 28, 7, 'Cicatrizador he 4.0 x 2', '\r', '1 und', 566, 1),
(437, '208772', 28, 1, 'Cicatrizador he 4.0 x 3', '\r', '1 und', 566, 1),
(438, '208789', 28, 4, 'Cicatrizador he 4.0 x 4', '\r', '1 und', 566, 1),
(439, '208796', 28, 10, 'Cicatrizador he 4.0 x 5', '\r', '1 und', 566, 1),
(440, '208802', 28, 10, 'Cicatrizador he 4.0 x 6', '\r', '1 und', 566, 1),
(441, '208819', 28, 10, 'Cicatrizador he 4.0 x 7', '\r', '1 und', 566, 1),
(442, '208918', 32, 4, 'Cicatrizador cm 3.5 x 2.5', '\r', '1 und', 567, 1),
(443, '208925', 32, 9, 'Cicatrizador cm 3.5 x 3.5', '\r', '1 und', 510, 1),
(444, '208932', 32, 8, 'Cicatrizador cm 3.5 x 4.5', '\r', '1 und', 567, 1),
(445, '208949', 32, 0, 'Cicatrizador cm 3.5 x 5.5', '\r', '1 und', 567, 1),
(446, '208987', 32, 6, 'Cicatrizador cm 4.5 x 2.5', '\r', '1 und', 567, 1),
(447, '208994', 32, 10, 'Cicatrizador cm 4.5 x 3.5', '\r', '1 und', 567, 1),
(448, '209007', 32, 4, 'Cicatrizador cm 4.5 x 4.5', '\r', '1 und', 567, 1),
(449, '209014', 32, 8, 'Cicatrizador cm 4.5 x 5.5', '\r', '1 und', 567, 1),
(450, '2114160', 10.5, 0, 'Marcador de instrumento verde', '\r', '50und', 568, 16),
(451, '2114170', 10.5, 0, 'Marcador de instrumento azul bebe', '\r', '50 und', 569, 16),
(452, '2114180', 10.5, 0, 'Marcador de instrumento rosa bebe', '\r', '50 und', 568, 16),
(453, '2114190', 10.5, 0, 'Marcador de instrumento roxo', '\r', '50 und', 568, 16),
(454, '2114260', 9.6, 3, 'Pote dappen silicone grande rosa', '\r', '1 und', 570, 16),
(455, '2114270', 9.6, 3, 'Pote dappen silicone grande azul', '\r', '1 und', 570, 16),
(456, '2114370', 6.6, 0, 'Pote dappen de silicone cinza', '\r', '1 und', 570, 16),
(457, '2114380', 6.6, 0, 'Pote dappen de silicone rosa', '\r', '1 und', 570, 16),
(458, '2114390', 6.6, 0, 'Pote dappen de silicone azul', '\r', '1 und', 570, 16),
(459, '21449', 124, 2, 'Mini conico angulado hi 4.0 30°', '\r', '1 und', 543, 1),
(460, '217392', 34, 9, 'Cofia plastica parafusada munhão rot cm 3.5 x 4', '\r', '1 und', 541, 1),
(461, '217408', 34, 8, 'Cofia plastica parafusada munhão rot/cm 3.5 x 6', '\r', '1 und', 541, 1),
(462, '217415', 34, 16, 'Cofia plastica parafusada munhão anti-rot cm 3.5 x 4', '\r', '1 und', 541, 1),
(463, '217422', 34, 4, 'Cofia plastica parafusada munhão anti-rot cm 3.5 x 6', '\r', '1 und', 541, 1),
(464, '217507', 28, 14, 'Analogo munhao cone morse 3.5x4', '\r', '1 und', 563, 1),
(465, '217521', 28, 15, 'Analogo munhao cone morse 3.5x6', '\r', '1 und', 571, 1),
(466, '217545', 28, 20, 'Analogo munhao cone morse 4.5x4', '\r', '1 und', 571, 1),
(467, '217569', 28, 14, 'Analogo munhao cone morse 4.5x6', '\r', '1 und', 571, 1),
(468, '217637', 42, 4, 'Munhão reto ar com cinta hi 4.0x1.0', '\r', '1 und', 564, 1),
(469, '217651', 42, 8, 'Munhão reto ar com cinta hi 4.0x2.0', '\r', '1 und', 564, 1),
(470, '217675', 42, 9, 'Munhão reto ar com cinta hi 4.0 x 3.0', '\r', '1 und', 564, 1),
(471, '217699', 42, 9, 'Munhão reto ar com cinta hi 4.0 x 4.0', '\r', '1 und', 564, 1),
(472, '217712', 42, 10, 'Munhão reto ar com cinta hi 4.0 x 5.0', '\r', '1 und', 564, 1),
(473, '217910', 57, 6, 'Munhão cone morse c/p 3.5 x 4 x 0.8', '\r', '1 und', 572, 1),
(474, '217934', 56, 10, 'Munhão cone morse c/p 3.5 x 4 x 1.5', '\r', '1 und', 572, 1),
(475, '217958', 56, 6, 'Munhão cone morse c/p 3.5 x 4 x 2.5', '\r', '1 und', 572, 1),
(476, '217972', 56, 10, 'Munhão cone morse c/p 3.5x4x3.5', '\r', '1 und', 572, 1),
(477, '217996', 56, 0, 'Munhão cone morse c/p 3.5 x 4 x 4.5', '\r', '1 und', 572, 1),
(478, '218030', 56, 8, 'Munhão cone morse c/p 3.5 x 6 x 0.8', '\r', '1 und', 572, 1),
(479, '218054', 56, 8, 'Munhão cone morse c/p 3.5 x 6 x 1.5', '\r', '1 und', 572, 1),
(480, '218078', 56, 10, 'Munhão cone morse c/p 3.5 x 6 x 2.5', '\r', '1 und', 572, 1),
(481, '218092', 56, 8, 'Munhão cone morse c/p 3.5 x 6 x 3.5', '\r', '1 und', 572, 1),
(482, '218115', 56, 9, 'Munhão cone morse c/p 3.5 x 6 x 4.5', '\r', '1 und', 572, 1),
(483, '218177', 56, 10, 'Munhão cone morse c/p 4.5 x 4 x 0.8', '\r', '1 und', 572, 1),
(484, '218191', 56, 7, 'Munhão cone morse c/p 4.5 x 4 x 1.5', '\r', '1 und', 572, 1),
(485, '218214', 56, 7, 'Munhão cone morse c/p 4.5 x 4 x 2.5', '\r', '1 und', 572, 1),
(486, '218238', 56, 10, 'Munhão cone morse c/p 4.5 x 4 x 3.5', '\r', '1 und', 572, 1),
(487, '218252', 56, 10, 'Munhão cone morse c/p 4.5 x 4 x 4.5', '\r', '1 und', 572, 1),
(488, '218290', 56, 6, 'Munhão cone morse c/p 4.5 x 6 x 0.8', '\r', '1 und', 572, 1),
(489, '218313', 56, 5, 'Munhão cone morse c/p 4.5 x 6 x 1.5', '\r', '1 und', 572, 1),
(490, '218337', 56, 9, 'Munhão cone morse c/p 4.5 x 6 x 2.5', '\r', '1 und', 572, 1),
(491, '218351', 56, 2, 'Munhão cone morse c/p 4.5 x 6 x 3.5', '\r', '1 und', 572, 1),
(492, '218375', 56, 7, 'Munhão cone morse c/p 4.5 x 6 x 4.5', '\r', '1 und', 572, 1),
(493, '218399', 59, 1, 'Munhão cone morse c/p 4.5 x 6 x 5.5', '\r', '1 und', 564, 1),
(494, '21951', 124, 2, 'Mini conico angulado he 4.0 30°', '\r', '1 und', 543, 1),
(495, '22050006', 290, 1, 'Com protetor azul', '\r', '1 und', 573, 17),
(496, '22077', 123, 0, 'Implante conico he 4.0 x 9', '\r', '1 und', 574, 1),
(497, '22097', 123, 17, 'Implante conico hi 3.5 x 7', '\r', '1 und', 574, 1),
(498, '22099', 123, 14, 'Implante conico hi 3.5 x 9', '\r', '1 UND', 574, 1),
(499, '221016', 123, 18, 'Implante conico hi 3.5 x 11', '\r', '1 und', 574, 1),
(500, '22103', 123, 11, 'Implante conico hi 3.5 x 13', '\r', '1 und', 574, 1),
(501, '221092', 42, 1, 'Munhão reto ar com cinta he 4.0 x 1.0', '\r', '1 und', 564, 1),
(502, '221108', 42, 1, 'Munhão reto ar com cinta he 4.0x2.0', '\r', '1 und', 564, 1),
(503, '221115', 42, 1, 'Munhão reto ar com cinta he 4.0 x 3.0', '\r', '1 und', 564, 1),
(504, '221122', 42, 1, 'Munhão reto ar com cinta he 4.0 x 4.0', '\r', '1 und', 564, 1),
(505, '221139', 42, 1, 'Munhão reto ar com cinta he 4.0 x 5.0', '\r', '1 und', 564, 1),
(506, '22119', 123, 0, 'Implante conico hi 4.0 x 7', '\r', '1 und', 574, 1),
(507, '22121', 123, 17, 'Implante conico hi 4.0 x 9', '\r', '1 und', 574, 1),
(508, '22123', 123, 18, 'Implante conico hi 4.0 x 11', '\r', '1 und', 574, 1),
(509, '221252', 123, 10, 'Implante conico hi 4.0 x 13', '\r', '1 und', 574, 1),
(510, '22131', 123, 0, 'Implante conico hi 5.0 x 7', '\r', '1 und', 574, 1),
(511, '22133', 123, 0, 'Implante conico hi 5.0 x 9', '\r', '1 und', 574, 1),
(512, '22134', 123, 0, 'Implante conico hi 5.0 x 10', '\r', '1 und', 574, 1),
(513, '22135', 123, 0, 'Implante conico hi 5.0 x 11', '\r', '1 und', 510, 1),
(514, '22137', 123, 2, 'Implante conico hi 5.0 x 13', '\r', '1 und', 574, 1),
(515, '22274', 146, 8, 'Implante due cone ar 3.5 x 7', '\r', '1 und', 575, 1),
(516, '22276', 146, 6, 'Implante due cone ar 3.5 x 9', '\r', '1 und', 575, 1),
(517, '22278', 146, 8, 'Implante due cone ar 3.5 x 11', '\r', '1 und', 575, 1),
(518, '222860', 146, 6, 'Implante due cone ar 4.0 x 7', '\r', '1 und', 575, 1),
(519, '22288', 146, 7, 'Implante due cone ar 4.0 x 9', '\r', '1 und', 575, 1),
(520, '22290', 146, 5, 'Implante due cone ar 4.0 x 11', '\r', '1 und', 575, 1),
(521, '22298', 146, 1, 'Implante due cone ar 4.5 x 7', '\r', '1 und', 575, 1),
(522, '22300', 146, 5, 'Implante due cone ar 4.5 x 9', '\r', '1 und', 575, 1),
(523, '22302', 146, 6, 'Implante due cone ar 4.5 x 11', '\r', '1 und', 575, 1),
(524, '22304', 146, 5, 'Implante due cone ar 4.5 x 13', '\r', '1 und', 575, 1),
(525, '224284', 34, 19, 'Cofia plastica parafusada munhão anti-rot cm 4.5 x 4', '\r', '1 und', 541, 1),
(526, '224314', 34, 9, 'Cofia plastica parafusada munhão anti-rotcm 4.5 x 6', '\r', '1 und', 541, 1),
(527, '224345', 34, 10, 'Cofia plastica parafusada munhão rot cm 4.5 x 4', '\r', '1 und', 541, 1),
(528, '224369', 34, 10, 'Cofia plastica parafusada munhão rot cm 4.5 x 6', '\r', '1 und', 541, 1),
(529, '2274', 60, 6, 'Resina gradia direct cor b1', '\r', '4 g', 502, 4),
(530, '22894', 159, 1, 'Munhão angulado cm ar 3.5 x 4 x 0.8 15°', '\r', '1 und', 572, 1),
(531, '22896', 159, 1, 'Munhão angulado cm ar 3.5 x 4 x 1.5 15°', '\r', '1 und', 572, 1),
(532, '22898', 159, 1, 'Munhão angulado cm ar 3.5 x 4 x 2.5 15°', '\r', '1 und', 572, 1),
(533, '22900', 159, 1, 'Munhão angulado cm ar 3.5 x 4 x 3.5 15°', '\r', '1 und', 572, 1),
(534, '22902', 159, 1, 'Munhão angulado cm ar 3.5 x 4 x 0.8 25°', '\r', '1 und', 572, 1),
(535, '22904', 159, 1, 'Munhão angulado cm ar 3.5 x 4 x 1.5 25°', '\r', '1 und', 572, 1),
(536, '22906', 159, 1, 'Munhão angulado cm ar 3.5 x 4 x 2.5 25°', '\r', '1 und', 572, 1),
(537, '22908', 159, 1, 'Munhão angulado cm ar  3.5 x 4 x 3.5 25°', '\r', '1 und', 572, 1),
(538, '22910', 159, 1, 'Munhão angulado cm ar 3.5 x 6 x 0.8 15°', '\r', '1 und', 572, 1),
(539, '22912', 159, 1, 'Munhão angulado cm ar 3.5 x 6 x 1.5 15°', '\r', '1 und', 572, 1),
(540, '22914', 159, 0, 'Munhão angulado cm ar 3.5 x 6 x 2.5 15°', '\r', '1 und', 572, 1),
(541, '22916', 159, 1, 'Munhão angulado cm ar 3.5 x 6 x 3.5 15°', '\r', '1 und', 510, 1),
(542, '22918', 159, 1, 'Munhão angulado cm ar 3.5 x 6 x 0.8 25°', '\r', '1 und', 572, 1),
(543, '22920', 159, 1, 'Munhão angulado cm ar 3.5 x 6 x 1.5 25°', '\r', '1 und', 572, 1),
(544, '22922', 159, 0, 'Munhão angulado cm ar 3.5 x 6 x 2.5 25°', '\r', '1 und', 572, 1),
(545, '22924', 159, 0, 'Munhão angulado cm ar 3.5 x 6 x 3.5 25°', '\r', '1 und', 572, 1),
(546, '22926', 159, 1, 'Munhão angulado cm ar 4.5 x 4 x 0.8 15°', '\r', '1 und', 572, 1),
(547, '22928', 159, 1, 'Munhão angulado cm ar 4.5 x 4 x 2.5 15°', '\r', '1 und', 572, 1),
(548, '22930', 159, 1, 'Munhão angulado cm ar 4.5 x 4 x 2.5 15°', '\r', '1 und', 572, 1),
(549, '22932', 159, 1, 'Munhão angulado cm ar 4.5 x 4 x 3.5 15°', '\r', '1 und', 572, 1),
(550, '22934', 159, 1, 'Munhão angulado cm ar 4.5 x 6 x 0.8 15°', '\r', '1 und', 572, 1),
(551, '22936', 159, 1, 'Munhão angulado cm ar 4.5 x 6 x 1.5 15°', '\r', '1 und', 572, 1),
(552, '22938', 159, 0, 'Munhão angulado cm ar 4.5 x 6 x 2.5 15°', '\r', '1 und', 572, 1),
(553, '22940', 159, 1, 'Munhão angulado cm ar 4.5 x 6 x 3.5 15°', '\r', '1 und', 572, 1),
(554, '22942', 159, 1, 'Munhão angulado cm ar 4.5 x 4 x 0.8 25°', '\r', '1 und', 572, 1),
(555, '22944', 159, 1, 'Munhão angulado cm ar 4.5 x 4 x 1.5 25°', '\r', '1 und', 572, 1),
(556, '22946', 159, 1, 'Munhão angulado cm ar 4.5 x 4 x 2.5 25°', '\r', '1 und', 572, 1),
(557, '22948', 159, 1, 'Munhão angulado cm ar 4.5 x 4 x 3.5 25°', '\r', '1 und', 572, 1),
(558, '22950', 159, 1, 'Munhão angulado cm ar 4.5 x 6 x 0.8 25°', '\r', '1 und', 572, 1),
(559, '22952', 159, 1, 'Munhão angulado cm ar 4.5 x 6 x 1.5 25°', '\r', '1 und', 572, 1),
(560, '22954', 159, 1, 'Munhão angulado cm ar 4.5 x 6 x 2.5 25°', '\r', '1 und', 572, 1),
(561, '22956', 159, 1, 'Munhão angulado cm ar 4.5 x 6 x 3.5 25°', '\r', '1 und', 572, 1),
(562, '229951', 18, 18, 'Parafuso quadrado hi he 3.5', '\r', '1 und', 576, 1),
(563, '22996', 35, 10, 'Ucla plastica he s/ hexagano c/ombro 4.0', '\r', '1 und', 491, 1),
(564, '229982', 18, 18, 'Parafuso quadrado hi he 4.0', '\r', '1 und', 576, 1),
(565, '23009', 35, 2, 'Ucla plastica he com hexagano com ombro 4.0', '\r', '1 und', 491, 1),
(566, '231442', 40, 10, 'Ucla titanio he 3.5', '\r', '1 und', 536, 1),
(567, '231527', 40, 3, 'Ucla titanio he ar 3.5', '\r', '1 und', 536, 1),
(568, '231534', 28, 8, 'Cicatrizador he 3.5 x 2', '\r', '1 und', 566, 1),
(569, '231541', 28, 9, 'Cicatrizador he 3.5 x 3', '\r', '1 und', 566, 1),
(570, '231558', 28, 8, 'Cicatrizador he 3.5 x 4', '\r', '1 und', 566, 1),
(571, '231565', 28, 10, 'Cicatrizador he 3.5 x 5', '\r', '1 und', 566, 1),
(572, '231572', 28, 10, 'Cicatrizador he 3.5 x 6', '\r', '1 und', 566, 1),
(573, '231589', 28, 10, 'Cicatrizador he 3.5 x 7', '\r', '1 und', 566, 1);
INSERT INTO `produto` (`id_produto`, `barcode`, `preco`, `estoque`, `especificacao`, `tipo`, `embalagem`, `id_subgrupo`, `id_marca`) VALUES
(574, '24069', 146, 0, 'Implante due cone ar 5.0 x 7', '\r', '1', 575, 1),
(575, '24071', 146, 0, 'Implante due cone ar 5.0 x 9', '\r', '1 und', 575, 1),
(576, '24073', 146, 0, 'Implante due cone ar 5.0 x 11', '\r', '1 und', 575, 1),
(577, '2410000100002', 8.9, 2, 'Afastador labial autoclavável cor transparente tamanho grande', '\r', '1 und', 577, 2),
(578, '2410001100001', 8.9, 0, 'Afastador labial autoclavável cor transparente tamanho pequeno', '\r', '1 und', 577, 2),
(579, '2410004100008', 8.9, 2, 'Afastador anterior branco', '\r', '1 und', 578, 2),
(580, '2410005200004', 9.9, 1, 'Afastador autoclavável para foto em u tamanho grande', '\r', '1 und', 579, 2),
(581, '2410005300001', 9.9, 1, 'Afastador autoclavável para foto em u tamanho pequeno', '\r', '1 und', 579, 2),
(582, '2410010200006', 9.9, 4, 'Afastador labial autoclavável cor branco tamanho grande', '\r', '1 und', 577, 2),
(583, '2410011200005', 8.9, 6, 'Afastador labial autoclavável cor branco tamanho pequeno', '\r', '1 und', 577, 2),
(584, '2410012200004', 8.9, 6, 'Afastador com retrator lingual  cor branco tamanho grande', '\r', '1 und', 580, 2),
(585, '2410013200003', 8.9, 1, 'Afastador com retrator lingual cor branco tamanho  medio', '\r', '1 und', 580, 2),
(586, '2410020200003', 15.9, 2, 'Afastador labial autoclavável cor branco tamanho grande', '\r', '2 und', 577, 2),
(587, '2410025100001', 18.9, 0, 'Afastador autoclavável para foto em v', '\r', '2 und', 579, 2),
(588, '2410030100003', 19.8, 2, 'Afastador labial autoclavável cor transparente tamanho grande', '\r', '3 und', 577, 2),
(589, '2410030200000', 18.9, 1, 'Afastador labial autoclavável cor branco tamanho grande', '\r', '3 und', 577, 2),
(590, '2410031200009', 18.9, 6, 'Afastador labial autoclavável cor branco tamanho pequeno', '\r', '3 und', 577, 2),
(591, '24167', 130, 1, 'Munhão angulado cone morse 4.5 x 6 x 1.5 15°', '\r', '1 und', 572, 1),
(592, '251', 75.2, 9, 'Cimento dual master a3 + brinde try in', '\r', '5 g', 581, 6),
(593, '2524252400', 148, 0, 'Ionomero liquido lc gold label tipo 2', '\r', '6,8ml', 500, 4),
(594, '253', 75.2, 10, 'Cimento dual master a1 + brinde try in', '\r', '5 g', 581, 6),
(595, '2554', 71, 10, 'Mini conico hi 3.5 x 1', '\r', '1 und', 543, 1),
(596, '2561', 71, 20, 'Mini conico hi 3.5 x 2', '\r', '1 und', 543, 1),
(597, '2578', 71, 10, 'Mini conico hi 3.5 x 3', '\r', '1 und', 543, 1),
(598, '2585', 71, 10, 'Mini conico hi 4.0 x 1', '\r', '1 und', 543, 1),
(599, '2592', 71, 20, 'Mini conico hi 4.0 x 2', '\r', '1 und', 543, 1),
(600, '2608', 71, 10, 'Mini conico hi 4.0 x 3', '\r', '1 und', 543, 1),
(601, '2622262200', 110, 2, 'Ionomero liquido gold label tipo 9', 'Especial\r', '6,8ml', 500, 4),
(602, '266970', 14, 5, 'Cera orto', '\r', '225g', 505, 3),
(603, '267045', 45, 3, 'Resina acrilica auto pó rosa com veia', '\r', '450 g', 582, 3),
(604, '269763', 21, 2, 'Resina acrílica bivalente cor 67', '\r', '80 g', 583, 3),
(605, '26987', 21, 10, 'Cofia plastica parafusada munhão rot cm 4.5 x 4', '\r', '1 und', 541, 1),
(606, '26994', 21, 9, 'Cofia plastica cimentada munhão rot cm 3.5 x 4', '\r', '1 und', 541, 1),
(607, '27007', 21, 10, 'Cofia plastica cimentada munhão rot cm 3.5 x 6', '\r', '1 und', 541, 1),
(608, '270137', 15, 5, 'Resina acrílica bivalente cor 60', '\r', '25 g', 583, 3),
(609, '27014', 21, 10, 'Cofia plastica parafusada munhão rot cm 4.5 x 6', '\r', '1 und', 541, 1),
(610, '2745', 71, 10, 'Mini conico he 4.0 x 1', '\r', '1 und', 543, 1),
(611, '2752', 71, 20, 'Mini conico he 4.0 x 2', '\r', '1 und', 543, 1),
(612, '2769', 71, 10, 'Mini conico he 4.0 x 3', '\r', '1 und', 543, 1),
(613, '2806', 45, 10, 'Munhão reto hi ar 3.5', '\r', '1 und', 564, 1),
(614, '2851', 42, 11, 'Munhão reto hi ar 4.0', '\r', '1 UND', 564, 1),
(615, '286763', 27, 3, 'Resina termo pó cristal', '\r', '225 g', 507, 3),
(616, '2882', 71, 0, 'Munhão angulado hi 3.5 15°', '\r', '1 und', 564, 1),
(617, '2899', 71, 4, 'Munhão angulado hi 3.5 25°', '\r', '1 und', 564, 1),
(618, '2912', 71, 0, 'Munhão angulado hi 4.0 15°', '\r', '1 und', 564, 1),
(619, '291620', 10, 0, 'Liquido auto com crosslink', '\r', '50 ml', 506, 3),
(620, '292689', 8.5, 11, 'Bionix th4 cor 62', '\r', '1 und', 495, 3),
(621, '292801', 8.5, 11, 'Bionix superior tm6 cor 69', '\r', '1 und', 495, 3),
(622, '293', 150, 1, 'Acionamento electirco para tornera higipratic (220v)', '\r', '1 und', 584, 9),
(623, '2936', 71, 2, 'Munhão angulado hi 4.0 25°', '\r', '1 und', 564, 1),
(624, '300', 20, 13, 'Resina master fill cor a1 + beinde  clareador claridex 16%', '\r', '1 seringa com 4g', 502, 6),
(625, '3000000117019', 4.2, 16, 'Triunfo superior a23 cor 60', '\r', '1 und', 493, 3),
(626, '3000000117026', 4.2, 16, 'Triunfo superior 3n cor 60', '\r', '1 und', 493, 3),
(627, '3000000117033', 4.2, 13, 'Triunfo superior a26 cor 60', '\r', '1 und', 493, 3),
(628, '3000000117071', 4.2, 9, 'Triunfo superior a25 cor 62', '\r', '1 und', 493, 3),
(629, '3000000117088', 4.2, 2, 'Triunfo inferior 32l cor 62', '\r', '1 und', 493, 3),
(630, '3000000117132', 4.2, 14, 'Triunfo superior 2d cor 66', '\r', '1 und', 493, 3),
(631, '3000000117156', 4.2, 46, 'Triunfo inferior 32m cor 66', '\r', '1 und', 493, 3),
(632, '3000000117217', 4.2, 16, 'Triunfo superior 2p cor 69', '\r', '1 und', 493, 3),
(633, '3000000117224', 4.2, 7, 'Triunfo inferior 30m cor 69', '\r', '1 und', 493, 3),
(634, '3000000117231', 4.2, 7, 'Triunfo superior 34l cor 69', '\r', '1 und', 493, 3),
(635, '3000000266076', 85, 2, 'Resina acrilica auto pó incolor', '\r', '1 kg', 582, 3),
(636, '3000000266342', 27, 4, 'Resina termo pó rosa medio', '\r', '225 g', 507, 3),
(637, '3000000266427', 27, 1, 'Resina acrilica auto pó rosa sem veia', '\r', '225 g', 582, 3),
(638, '3000000266489', 85, 2, 'Resina acrilica auto pó rosa com veia', '\r', '1 kg', 582, 3),
(639, '3000000266588', 45, 3, 'Resina acrilica auto pó rosa sem veia', '\r', '450 g', 582, 3),
(640, '3000000270141', 15, 4, 'Resina acrílica bivalente cor 69', '\r', '25 g', 503, 3),
(641, '3000000286951', 85, 6, 'Resina acrilica auto pó rosa sem veia', '\r', '1 kg', 582, 3),
(642, '3000000292693', 8.5, 6, 'Bionix th4 cor 69', '\r', '1 und', 495, 3),
(643, '3000000292709', 8.5, 16, 'Bionix te3 cor 66', '\r', '1 und', 495, 3),
(644, '3000000292723', 8.5, 20, 'Bionix tg3 cor 69', '\r', '1 und', 495, 3),
(645, '3000000292730', 8.5, 15, 'Bionix r4b cor 60', '\r', '1 und', 495, 3),
(646, '3000000292754', 8.5, 15, 'Bionix il7 cor 60', '\r', '1 und', 495, 3),
(647, '3000000292761', 8.5, 10, 'Bionix i 10 cor 62', '\r', '1 und', 495, 3),
(648, '3000000292778', 8.5, 15, 'Bionix superior tm3 cor 60', '\r', '1 und', 495, 3),
(649, '3000000292785', 8.5, 14, 'Bionix superior tm4 cor 62', '\r', '1 und', 495, 3),
(650, '3000000292808', 8.5, 15, 'Bionix inferior tm3 cor 60', '\r', '1 und', 495, 3),
(651, '3000000292815', 8.5, 8, 'Bionix inferior tm4 cor 62', '\r', '1 und', 495, 3),
(652, '3000000292839', 8.5, 15, 'Bionix t14 cor 62', '\r', '1 und', 495, 3),
(653, '3000000292853', 8.5, 14, 'Bionix ik 10 cor 66', '\r', '1 und', 495, 3),
(654, '3000000293294', 85, 2, 'Resina termo pó black', '\r', '1 kg', 507, 3),
(655, '3018', 42, 0, 'Munhão reto he ar 4.0', '\r', '1 und', 564, 1),
(656, '30301', 630, 1, 'Seladora', '\r', '1 und', 585, 9),
(657, '3049', 71, 1, 'Munhão angulado he 4.0 15°', '\r', '1 und', 564, 1),
(658, '304999', 15, 28, 'Fixador', '\r', '475 ml', 586, 10),
(659, '3056', 71, 1, 'Munhão angulado he 4.0 25°', '\r', '1 und', 564, 1),
(660, '3148', 48, 1, 'O`ring hi 3.5 x 1', '\r', '1 und', 514, 1),
(661, '3155', 76, 2, 'O`ring hi 3.5 x 2', 'Especial\r', '1 und', 514, 1),
(662, '3162', 76, 0, 'O`ring hi 3.5 x 3', 'Especial\r', '1 und', 514, 1),
(663, '3170100441', 600, 1, 'Cuba de ultrassom 2,1l 220v', '\r', '1 und', 587, 9),
(664, '3179', 48, 0, 'O`ring hi 3.5 x 4', 'Especial\r', '1 und', 514, 1),
(665, '3186', 48, 0, 'O`ring hi 3.5 x 5', 'Especial\r', '1 und', 514, 1),
(666, '3193', 76, 0, 'O`ring hi 4.0 x 1', '\r', '1 und', 514, 1),
(667, '3209', 76, 0, 'O`ring hi 4.0 x 2', 'Especial\r', '1 und', 514, 1),
(668, '3216', 76, 0, 'O`ring hi 4.0 x 3', 'Especial\r', '1 und', 514, 1),
(669, '3223', 48, 0, 'O`ring hi 4.0 x 4', 'Especial\r', '1 und', 514, 1),
(670, '3230', 48, 2, 'O`ring hi 4.0 x 5', 'Especial\r', '1 und', 514, 1),
(671, '326', 20, 20, 'Resina master fill cor b1 + beinde  clareador claridex 16%', '\r', '1 Seringa com 4g', 502, 6),
(672, '327', 20, 24, 'Resina master fill cor b2 + beinde  clareador claridex 16%', '\r', '1 Seringa com 4g', 502, 6),
(673, '328', 20, 18, 'Resina master fill cor c1 + beinde  clareador claridex 16%', '\r', '1 seringa com 4g', 502, 6),
(674, '329', 20, 12, 'Resina master fill cor c2 + beinde  clareador claridex 16%', '\r', '1 seringa com 4g', 502, 6),
(675, '330', 20, 16, 'Resina master fill cor c3 + beinde  clareador claridex 16%', '\r', '1 Seringa com 4g', 502, 6),
(676, '3346', 48, 2, 'O`ring he 4.0 x 1', 'Especial\r', '1 und', 514, 1),
(677, '335201', 290, 17, 'Resina pattern resin ls', '\r', 'Kit 100g de p?+105ml', 588, 4),
(678, '3353', 48, 1, 'O`ring he 4.0 x 2', 'Especial\r', '1 und', 514, 1),
(679, '3360', 48, 0, 'O`ring he 4.0 x 3', '\r', '1 und', 514, 1),
(680, '3377', 48, 2, 'O`ring he 4.0 x 4', 'Especial\r', '1 und', 510, 1),
(681, '3384', 48, 2, 'O`ring he 4.0 x 5', '\r', '1 und', 514, 1),
(682, '338783', 20, 7, 'Cera rolete', '\r', '225g', 589, 3),
(683, '3400970002740', 55, 8, 'Agulha gengival extra curta septoject xl 30g', '\r', '100 und', 590, 18),
(684, '3400970002764', 55, 6, 'Agulha gengival longa septoject xl 27g', '\r', '100 und', 590, 18),
(685, '3400970002771', 55, 9, 'Agulha gengival extra longa septoject xl 27g', '\r', '100 und', 590, 18),
(686, '340501', 400, 9, 'Resina auto alike kit', '\r', 'kit 6 P?+ li 118ml', 503, 4),
(687, '3405120000', 62, 4, 'Resina auto alike cor 62', '\r', '45 g', 503, 4),
(688, '340591', 150, 8, 'Resina auto alike líquido', '\r', '118 ml', 582, 4),
(689, '35', 25, 23, 'Kit cirurgico esteril para implante 30g', '\r', 'Kit', 591, 19),
(690, '3514', 300, 4, 'Negatoscópio slim led panorâmico', '\r', '1 und', 592, 20),
(691, '3515009', 32, 15, 'Gesso tipo 4 golden brown', '\r', '1,5 kg', 593, 4),
(692, '355', 20, 14, 'Resina master fill cor a4 + beinde  clareador claridex 16%', '\r', '1 Seringa com 4g', 502, 6),
(693, '36', 59, 11, 'Envelope para estetilizaçao', '\r', '15cm x 25cm 200 und', 594, 9),
(694, '37', 100, 3, 'Indicador quimico sil-250', '\r', '250 und', 595, 9),
(695, '3711', 35, 52, 'Ucla plastica hi com hexagono sim ombro 4.0', '\r', '1 und', 491, 1),
(696, '3728', 35, 35, 'Ucla plastica hi sim hexagono sim ombro 4.0', '\r', '1 und', 491, 1),
(697, '3760140700105', 55, 19, 'Agulha gengival curta septoject xl 30g', '\r', '100 und', 590, 18),
(698, '3760140702543', 250, 4, 'Anestésico tópico pharmaéthyl spray', '\r', '', 596, 18),
(699, '3760140702550', 48, 23, 'Alginato plastalgin + medidor de água e pó', '\r', '454g', 597, 18),
(700, '38', 4.5, 84, 'Oculos de proteçao incolor', '\r', '1 und', 598, 19),
(701, '3841', 40, 10, 'Ucla titanio he ar 4.0', '\r', '1 und', 536, 1),
(702, '39', 100, 5, 'Microcanulas needle fine flex 23gx50mm', '\r', '5 und', 599, 21),
(703, '3919', 28, 60, 'Analogo mini conico', '\r', '1 und', 563, 1),
(704, '3995', 28, 38, 'Analogo he 4.0', '\r', '1 und', 563, 1),
(705, '40', 100, 0, 'Microcanulas needle fine flex 22gx50mm', '\r', '5 und', 599, 21),
(706, '4000000117018', 4.2, 8, 'Triunfo inferior 3m cor 60', '\r', '1 und', 493, 3),
(707, '4000000117032', 4.2, 14, 'Triunfo inferior a25 cor 60', '\r', '1 und', 493, 3),
(708, '4000000117049', 4.2, 9, 'Triunfo superior 32m cor 60', '\r', '1 und', 493, 3),
(709, '4000000117056', 4.2, 6, 'Triunfo inferior 34l cor 60', '\r', '1 und', 493, 3),
(710, '4000000117063', 4.2, 12, 'Triunfo inferior 3d cor 62', '\r', '1 und', 493, 3),
(711, '4000000117070', 4.2, 8, 'Triunfo inferior 3p cor 62', '\r', '1 und', 493, 3),
(712, '4000000117087', 4.2, 10, 'Triunfo superior 32l cor 62', '\r', '1 und', 493, 3),
(713, '4000000117131', 4.2, 17, 'Triunfo superior a23 cor 66', '\r', '1 und', 493, 3),
(714, '4000000117148', 4.2, 15, 'Triunfo inferior 2p cor 66', '\r', '1 und', 493, 3),
(715, '4000000117155', 4.2, 21, 'Triunfo superior 32m cor 66', '\r', '1 und', 493, 3),
(716, '4000000117162', 4.2, 7, 'Triunfo inferior 34l cor 66', '\r', '1 und', 493, 3),
(717, '4000000117209', 4.2, 14, 'Triunfo superior 3n cor 69', '\r', '1 und', 493, 3),
(718, '4000000117216', 4.2, 19, 'Triunfo inferior a26 cor 69', '\r', '1 und', 493, 3),
(719, '4000000117223', 4.2, 7, 'Triunfo superior 30m cor 69', '\r', '1 und', 493, 3),
(720, '4000000117230', 4.2, 7, 'Triunfo inferior 32l cor 69', '\r', '1 und', 493, 3),
(721, '4000000265900', 85, 3, 'Resina termo pó incolor', '\r', '1 kg', 507, 3),
(722, '4000000266341', 45, 5, 'Resina termo pó rosa medio', '\r', '450g', 507, 3),
(723, '4000000266488', 27, 3, 'Resina acrilica auto pó rosa com veia', '\r', '225 g', 582, 3),
(724, '4000000269762', 21, 0, 'Resina acrílica bivalente cor 66', '\r', '80 g', 503, 3),
(725, '4000000270140', 15, 5, 'Resina acrílica bivalente cor 67', '\r', '25 g', 600, 3),
(726, '4000000286806', 27, 2, 'Resina termo pó rosa escuro', '\r', '225 g', 507, 3),
(727, '4000000292685', 8.5, 16, 'Bionix t13 cor 66', '\r', '1 und', 495, 3),
(728, '4000000292715', 8.5, 12, 'Bionix t36 cor 66', '\r', '1 und', 495, 3),
(729, '4000000292739', 8.5, 11, 'Bionix t17cor 66', '\r', '1 und', 495, 3),
(730, '4000000292753', 8.5, 13, 'Bionix il5 cor 69', '\r', '1 und', 495, 3),
(731, '4000000292760', 8.5, 24, 'Bionix i 10 cor 60', '\r', '1 und', 495, 3),
(732, '4000000292777', 8.5, 9, 'Bionix superior tm2 cor 69', '\r', '1 und', 495, 3),
(733, '4000000292784', 8.5, 11, 'Bionix superior tm4 cor 60', '\r', '1 und', 495, 3),
(734, '4000000292791', 8.5, 8, 'Bionix superior tm5 cor 62', '\r', '1 und', 495, 3),
(735, '4000000292807', 8.5, 10, 'Bionix inferior tm2 cor 69', '\r', '1 und', 495, 3),
(736, '4000000292814', 8.5, 13, 'Bionix inferior tm4 cor 60', '\r', '1 und', 495, 3),
(737, '4000000292821', 8.5, 15, 'Bionix inferior tm5 cor 62', '\r', '1 und', 495, 3),
(738, '4000000292838', 8.5, 14, 'Bionix t14 cor 60', '\r', '1 und', 495, 3),
(739, '4000000292845', 8.5, 12, 'Bionix r25 cor 62', '\r', '1 und', 495, 3),
(740, '4084', 28, 26, 'Analogo hi 3.5', '\r', '1 und', 563, 1),
(741, '4091', 28, 23, 'Analogo hi 4.0', '\r', '1 und', 563, 1),
(742, '41', 100, 3, 'Microcanulas needle fine flex 23gx38mm', '\r', '5 und', 599, 21),
(743, '41004100', 199, 0, 'Maniquin com todo os dentes', '\r', '1 und', 601, 22),
(744, '4103002000002', 6.9, 9, 'Arco aço inferior 0.20', '\r', '10 und', 602, 2),
(745, '4103011800006', 7.9, 5, 'Arco aço inferior 0.18 x 0.25', '\r', '10 und', 603, 2),
(746, '4103011900003', 7.9, 10, 'Arco aço inferior 0.19 x 0.25', '\r', '10 und', 603, 2),
(747, '4103101600004', 6.9, 15, 'Arco aço superior 0.16', '\r', '10 und', 602, 2),
(748, '4105001200001', 22.5, 0, 'Mola niti fechada 13mm pesada', '\r', '4 und', 604, 2),
(749, '41053205', 5000, 0, 'Aparelhos de raios-x 70kv digital (de pa', '\r', '1 und', 548, 13),
(750, '42', 100, 2, 'Microcanulas needle fine flex 21gx50mm', '\r', '5 und', 599, 21),
(751, '4201001000006', 9.9, 6, 'Arco niti superelástico inferio 0.10', '\r', '10 und', 605, 2),
(752, '4201001200000', 9.9, 10, 'Arco niti superelástico inferio 0.12', '\r', '10 und', 605, 2),
(753, '4201001400004', 9.9, 6, 'Arco niti superelástico inferior 0.14', '\r', '10 und', 605, 2),
(754, '4201001600008', 9.9, 7, 'Arco niti superelástico inferior 0.16', '\r', '10 und', 605, 2),
(755, '4201001800002', 9.9, 14, 'Arco niti superelástico inferior 0.18', '\r', '10 und', 605, 2),
(756, '4201002000005', 9.9, 4, 'Arco niti superelástico inferior 0.20', '\r', '10 und', 605, 2),
(757, '4201011600005', 17.2, 17, 'Arco niti superelástico inferior 0.16 x 0.22', '\r', '10 und', 606, 2),
(758, '4201011700002', 17.2, 13, 'Arco niti superelástico inferior 0.17 x 0.25', '\r', '10 und', 606, 2),
(759, '4201011800009', 17.2, 9, 'Arco niti superelástico inferior 0.18 x 0.25', '\r', '10 und', 606, 2),
(760, '4201011900006', 17.2, 10, 'Arco niti superelástico inferior 0.19 x 0.25', '\r', '10 und', 606, 2),
(761, '4201021600002', 17.2, 10, 'Arco niti superelástico inferior 0.16 x 0.16', '\r', '10 und', 606, 2),
(762, '4201101200009', 9.9, 16, 'Arco niti superelástico superior 0.12', '\r', '10 und', 605, 2),
(763, '4201101400003', 9.9, 14, 'Arco niti superelástico superior 0.14', '\r', '10 und', 605, 2),
(764, '4201101600007', 9.9, 13, 'Arco niti superelástico superior 0.16', '\r', '10 und', 605, 2),
(765, '4201101800001', 9.9, 14, 'Arco niti superelástico superior 0.18', '\r', '10 und', 605, 2),
(766, '4201102000004', 9.9, 5, 'Arco niti superelástico superior 0.20', '\r', '10 und', 605, 2),
(767, '4201111600004', 17.2, 11, 'Arco niti superelástico superior 0.16 x 0.22', '\r', '10 und', 606, 2),
(768, '4201111700001', 17.2, 10, 'Arco niti superelástico superior 0.17 x 0.25', '\r', '10 und', 606, 2),
(769, '4201111800008', 17.2, 7, 'Arco niti superelástico superior 0.18 x 0.25', '\r', '10 und', 606, 2),
(770, '4201111900005', 17.2, 23, 'Arco niti superelástico superior 0.19 x 0.25', '\r', '10 und', 606, 2),
(771, '4201121600001', 17.2, 10, 'Arco niti superelástico superior 0.16 x 0.16', '\r', '10 und', 606, 2),
(772, '4202001200007', 9.9, 19, 'Arco niti termo inferior 0.12', '\r', '10 und', 607, 2),
(773, '4202001400001', 9.9, 18, 'Arco niti termo inferior 0.14', '\r', '10 und', 607, 2),
(774, '4202001600005', 9.9, 22, 'Arco niti termo inferior 0.16', '\r', '10 und', 607, 2),
(775, '4202001800009', 9.9, 18, 'Arco niti termo inferior 0.18', '\r', '10 und', 607, 2),
(776, '4202002000002', 9.9, 15, 'Arco niti termo inferior 0.20', '\r', '10 und', 607, 2),
(777, '4202011600002', 17.2, 10, 'Arco niti termo inferior 0.16 x 0.22', '\r', '10 und', 608, 2),
(778, '4202011700009', 17.2, 21, 'Arco niti termo inferior 0.17 x 0.25', '\r', '10 und', 608, 2),
(779, '4202011800006', 17.2, 8, 'Arco niti termo inferior 0.18 x 0.25', '\r', '10 und', 608, 2),
(780, '4202011900003', 17.2, 19, 'Arco niti termo inferior 0.19 x 0.25', '\r', '10 und', 608, 2),
(781, '4202021600009', 17.2, 10, 'Arco niti termo inferior 0.16 x 0.16', '\r', '10 und', 608, 2),
(782, '4202101200006', 9.9, 21, 'Arco niti termo superior 0.12', '\r', '10 und', 607, 2),
(783, '4202101400000', 9.9, 24, 'Arco niti termo superior 0.14', '\r', '10 und', 607, 2),
(784, '4202101600004', 9.9, 22, 'Arco niti termo superior 0.16', '\r', '10 und', 607, 2),
(785, '4202101800008', 9.9, 18, 'Arco niti termo superior 0.18', '\r', '10 und', 607, 2),
(786, '4202102000001', 9.9, 15, 'Arco niti termo superior 0.20', '\r', '10 und', 607, 2),
(787, '4202111600001', 17.2, 21, 'Arco niti termo superior 0.16 x 0.22', '\r', '10 und', 608, 2),
(788, '4202111700008', 17.2, 21, 'Arco niti termo superior 0.17 x 0.25', '\r', '10 und', 608, 2),
(789, '4202111800005', 17.2, 7, 'Arco niti termo superior 0.18 x 0.25', '\r', '10 und', 608, 2),
(790, '4202111900002', 17.2, 23, 'Arco niti termo superior 0.19 x 0.25', '\r', '10 und', 608, 2),
(791, '4202121600008', 17.2, 8, 'Arco niti termo superior 0.16 x 0.16', '\r', '10 und', 608, 2),
(792, '4203001200004', 19.6, 2, 'Arco curva reversa inferior 0.12', '\r', '10 und', 609, 2),
(793, '4203001400008', 19.6, 2, 'Arco curva reversa inferior 0.14', '\r', '10 und', 609, 2),
(794, '4203001600002', 19.6, 2, 'Arco curva reversa inferior 0.16', '\r', '10 und', 609, 2),
(795, '4203001800006', 19.6, 2, 'Arco curva reversa inferior 0.18', '\r', '10 und', 609, 2),
(796, '4203101200003', 19.6, 6, 'Arco curva reversa superior 0.12', '\r', '10 und', 609, 2),
(797, '4203101400007', 19.6, 2, 'Arco curva reversa superior 0.14', '\r', '10 und', 609, 2),
(798, '4203101600001', 19.6, 2, 'Arco curva reversa superior 0.16', '\r', '10 und', 609, 2),
(799, '4203101800005', 19.6, 2, 'Arco curva reversa superior 0.18', '\r', '10 und', 609, 2),
(800, '4204001200001', 4.9, 6, 'Arco estético niti inferior 0.12', '\r', '1 und', 610, 2),
(801, '4204001400005', 4.9, 4, 'Arco estético niti inferior 0.14', '\r', '1 und', 610, 2),
(802, '4204001600009', 4.9, 6, 'Arco estético niti inferior 0.16', '\r', '1 und', 610, 2),
(803, '4204001800003', 4.9, 6, 'Arco estético niti inferior 0.18', '\r', '1 und', 610, 2),
(804, '4204011600006', 4.9, 6, 'Arco estético niti inferior 0.16 x 0.22', '\r', '1 und', 611, 2),
(805, '4204011700003', 4.9, 6, 'Arco estético niti inferior 0.17 x 0.25', '\r', '1 und', 611, 2),
(806, '4204011800000', 4.9, 4, 'Arco estético niti inferior 0.18 x 0.25', '\r', '1 und', 611, 2),
(807, '4204011900007', 4.9, 4, 'Arco estético niti inferior 0.19 x 0.25', '\r', '1 und', 611, 2),
(808, '4204021600003', 4.9, 8, 'Arco estético niti inferior 0.16 x 0.16', '\r', '1 und', 611, 2),
(809, '4204101200000', 4.9, 5, 'Arco estético niti superior 0.12', '\r', '1 und', 610, 2),
(810, '4204101400004', 4.9, 8, 'Arco estético niti superior 0.14', '\r', '1 und', 610, 2),
(811, '4204101600008', 4.9, 5, 'Arco estético niti superior 0.16', '\r', '1 und', 610, 2),
(812, '4204101800002', 4.9, 6, 'Arco estético niti superior 0.18', '\r', '1 und', 610, 2),
(813, '4204111600005', 4.9, 6, 'Arco estético niti superior 0.16 x 0.22', '\r', '1 und', 611, 2),
(814, '4204111700002', 4.9, 7, 'Arco estético niti superior 0.17 x 0.25', '\r', '1 und', 611, 2),
(815, '4204111800009', 4.9, 8, 'Arco estético niti superior 0.18 x 0.25', '\r', '1 und', 611, 2),
(816, '4204111900006', 4.9, 8, 'Arco estético niti superior 0.19 x 0.25', '\r', '1 und', 611, 2),
(817, '4204121600002', 4.9, 7, 'Arco estético niti superior 0.16 x 0.16', '\r', '1 und', 611, 2),
(818, '4205000100002', 23.6, 7, 'Mola niti aberta', '\r', '3 und 18 cm', 612, 2),
(819, '4205001100001', 21.2, 24, 'Mola niti fechada 9mm media', '\r', '4 und', 604, 2),
(820, '4207001200002', 6.9, 9, 'Arco aço inferior 0.12', '\r', '10 und', 602, 2),
(821, '4207001400006', 6.9, 7, 'Arco aço inferior 0.14', '\r', '10 und', 602, 2),
(822, '4207001600000', 6.9, 16, 'Arco aço inferior 0.16', '\r', '10 und', 602, 2),
(823, '4207001800004', 6.9, 7, 'Arco aço inferior 0.18', '\r', '10 und', 602, 2),
(824, '4207011600007', 7.9, 11, 'Arco aço inferior 0.16 x 0.22', '\r', '10 und', 603, 2),
(825, '4207011700004', 7.9, 16, 'Arco aço inferior 0.17 x 0.25', '\r', '10 und', 603, 2),
(826, '4207021600004', 7.9, 5, 'Arco aço inferior 0.16 x 0.16', '\r', '10 und', 603, 2),
(827, '4207101200001', 6.9, 10, 'Arco aço superior 0.12', '\r', '10 und', 602, 2),
(828, '4207101400005', 6.9, 8, 'Arco aço superior 0.14', '\r', '10 und', 602, 2),
(829, '4207101600009', 7.9, 2, 'Arco aço superior 0.16 x 0.16', '\r', '10 und', 603, 2),
(830, '4207101800003', 6.9, 17, 'Arco aço superior 0.18', '\r', '10 und', 602, 2),
(831, '4207102000006', 6.9, 10, 'Arco aço superior 0.20', '\r', '10 und', 602, 2),
(832, '4207111600006', 7.9, 14, 'Arco aço superior 0.16 x 0.22', '\r', '10 und', 603, 2),
(833, '4207111700003', 7.9, 16, 'Arco aço superior 0.17 x 0.25', '\r', '10 und', 603, 2),
(834, '4207111800000', 7.9, 4, 'Arco aço superior 0.18 x 0.25', '\r', '10 und', 603, 2),
(835, '4207111900007', 7.9, 13, 'Arco aço superior 0.19 x 0.25', '\r', '10 und', 603, 2),
(836, '4208001400003', 8.4, 4, 'Arco copper niti inferior 0.14', '\r', '2 und', 613, 2),
(837, '4208001600007', 8.4, 5, 'Arco copper niti inferior 0.16', '\r', '2 und', 613, 2),
(838, '4208001800001', 8.4, 5, 'Arco copper niti inferior 0.18', '\r', '2 und', 613, 2),
(839, '4208011300003', 11.8, 5, 'Arco copper niti inferior 0.18 x 0.25', '\r', '2 und', 614, 2),
(840, '4208011400000', 11.8, 5, 'Arco copper niti inferior 0.14 x 0.25', '\r', '2 und', 614, 2),
(841, '4208011600004', 11.8, 5, 'Arco copper niti inferior 0.16 x 0.22', '\r', '2 und', 614, 2),
(842, '4208012000001', 11.8, 5, 'Arco copper niti inferior 0.17 x 0.25', '\r', '2 und', 614, 2),
(843, '4208101400002', 8.4, 4, 'Arco copper niti superior 0.14', '\r', '2 und', 613, 2),
(844, '4208101600006', 8.4, 5, 'Arco copper niti superior 0.16', '\r', '2 und', 613, 2),
(845, '4208101800000', 8.4, 5, 'Arco copper niti superior 0.18', '\r', '2 und', 613, 2),
(846, '4208111300002', 11.8, 5, 'Arco copper niti superior 0.18 x 0.25', '\r', '5 und', 614, 2),
(847, '4208111400009', 11.8, 5, 'Arco copper niti superior 0.14 x 0.25', '\r', '2 und', 614, 2),
(848, '4208111600003', 11.8, 5, 'Arco copper niti superior 0.16 x 0.22', '\r', '2 und', 614, 2),
(849, '4208112000000', 11.8, 5, 'Arco copper niti superior 0.17 x 0.25', '\r', '5 und', 614, 2),
(850, '4282', 29, 20, 'Transfer mini conico', '\r', '1 und', 535, 1),
(851, '43', 100, 4, 'Microcanulas needle fine flex 18gx50mm', '\r', '5 und', 599, 21),
(852, '4300000100004', 399, 2, 'Alicate corte amarrilho for her', '\r', '1 und', 615, 2),
(853, '4300000200001', 399, 2, 'Alicate corte amarrilho', '\r', '1 und', 616, 2),
(854, '4300001100003', 399, 6, 'Alicate corte distal confort', '\r', '1 und', 617, 2),
(855, '4300002200009', 399, 2, 'Alicate corte fio grosso', '\r', '1 und', 618, 2),
(856, '4300004100000', 369, 2, 'Alicate alihnadores formador de cilindro 1', '\r', '1 und', 619, 2),
(857, '4300004200007', 369, 2, 'Alicate alihnadores formador de slot 2', '\r', '1 und', 619, 2),
(858, '4300004300004', 369, 2, 'Alicate alihnadores formador de retração 3', '\r', '1 und', 619, 2),
(859, '4300004400001', 369, 2, 'Alicate alihnadores formador de pontos de ativação 4', '\r', '1 und', 619, 2),
(860, '4300005000002', 1276, 4, 'Alicate alihnadores kit', '\r', 'kit 4 und', 619, 2),
(861, '4300010900007', 145, 2, 'Alicate 109 de la rosa com mola', '\r', '1 und', 620, 2),
(862, '4300011000003', 145, 3, 'Alicate 110 how reto', '\r', '1 und', 621, 2),
(863, '4300011100000', 145, 5, 'Alicate 111 how curvo', '\r', '1 und', 622, 2),
(864, '4300013900004', 145, 2, 'Alicate 139 angle', '\r', '1 und', 623, 2),
(865, '4300015800005', 145, 4, 'Alicate 158 formar amarrilho', '\r', '1 und', 624, 2),
(866, '4300016800004', 145, 1, 'Alicate 168 dobrar em v', '\r', '1 und', 625, 2),
(867, '4300017000007', 215, 3, 'Alicate dobrador de arco de niti na distal', '\r', '1 und', 626, 2),
(868, '4300020000001', 145, 3, 'Alicate 200 tridente', '\r', '1 und', 627, 2),
(869, '4300021000000', 145, 3, 'Alicate 120 weingart', '\r', '1 und', 628, 2),
(870, '4300032500001', 145, 1, 'Alicate 325 universal', '\r', '1 und', 629, 2),
(871, '4300034600006', 145, 2, 'Alicate 346 c removedor de braquete curvo', '\r', '1 und', 630, 2),
(872, '4300034700003', 145, 4, 'Alicate 347 removedor de banda', '\r', '1 und', 631, 2),
(873, '4300035000003', 145, 4, 'Alicate 350 tweed omega loop estriado', '\r', '1 und', 632, 2),
(874, '4300040000005', 219, 2, 'Alicate 400 w torque individual com chave', '\r', '1 und', 633, 2),
(875, '4300041000004', 145, 1, 'Alicate 410 atkinson para barra palatina', '\r', '1 und', 634, 2),
(876, '4300044200005', 145, 5, 'Alicate 442 c tweed retangular curto', '\r', '1 und', 635, 2),
(877, '4300100100003', 145, 3, 'Alicate 001 nance', '\r', '1 und', 636, 2),
(878, '4300105300002', 145, 2, 'Alicate 053 meia cana', '\r', '1 und', 637, 2),
(879, '4300107400007', 145, 2, 'Alicate 074 young', '\r', '1 und', 638, 2),
(880, '4300134600005', 145, 4, 'Alicate 346 r removedor de braquete reto', '\r', '1 und', 639, 2),
(881, '4300205800006', 145, 2, 'Alicate gancho bola', '\r', '1 und', 640, 2),
(882, '4300501100008', 79.9, 3, 'Porta agulha mathieu com furo para ligadura 14 cm', '\r', '1 und', 641, 2),
(883, '4300501200005', 79.9, 2, 'Porta agulha mathieu 14 cm', '\r', '1 und', 641, 2),
(884, '4300501300002', 79.9, 3, 'Porta agulha mathieu 11 cm', '\r', '1 und', 641, 2),
(885, '4300501400009', 79.9, 4, 'Porta agulha mathieu com furo para ligadura 11 cm', '\r', '1 und', 641, 2),
(886, '4300502100007', 42.9, 5, 'Pinça para braquetes', '\r', '1 und', 642, 2),
(887, '4300502600002', 42.9, 4, 'Pinça para tubos', '\r', '1 und', 643, 2),
(888, '4300503100006', 40, 0, 'Calcador de bandas (i300)', '\r', '1 und', 644, 2),
(889, '4300503200003', 29.9, 1, 'Estrela de boone aço 3,5-5,0 mm', '\r', '1 und', 645, 2),
(890, '4300508200008', 169, 8, 'Pistola para fio de amarrilho', '\r', '1 und', 646, 2),
(891, '439401', 300, 12, 'Ionômero de vidro para cimentação gc fuji ortho lc', '\r', '15g de p? + 6,8ml', 647, 4),
(892, '44', 100, 5, 'Microcanulas needle fine flex 18gx70mm', '\r', '5 und', 599, 21),
(893, '4400002300003', 74.9, 4, 'Adesivo para braquetes #2 light cure', '\r', '5g resnia+3ml adesiv', 648, 2),
(894, '4400002400000', 193, 4, 'Adesivo para braquetes #2 light cure', '\r', '15g resina+7ml Adesi', 648, 2),
(895, '4400003100008', 89.9, 4, 'Ionomero para bandas #3glass ionomer pequeno', '\r', '18g de po+16,5ml', 649, 2),
(896, '4400003400009', 150, 2, 'Ionomero para bandas #3glass ionomer grande', '\r', '35g de po+35ml liq', 649, 2),
(897, '4400004300001', 69, 4, 'Adesivo para bandas foto #4 light cure', '\r', '1 seringa 5 g', 647, 2),
(898, '4400004400008', 189, 5, 'Adesivo para bandas foto #4 light cure', '\r', '15g resina+7ml adesi', 647, 2),
(899, '4404', 29, 11, 'Transfer hi 3.5', '\r', '1 und', 535, 1),
(900, '4411', 29, 14, 'Transfer hi 4.0', '\r', '1 und', 535, 1),
(901, '443518', 199, 1, 'Mini incubadora', 'Espesial 2\r', '1 und', 526, 9),
(902, '46', 120, 2, 'Silicone de adição scan monophase', '\r', '50 ml', 650, 23),
(903, '473005', 400, 1, 'Tira de lixa  epitex', '\r', 'kit', 651, 4),
(904, '4732', 24, 20, 'Tampa de cicatrização cone estetico', '\r', '1 und', 546, 1),
(905, '4923', 35, 45, 'Ucla plastica hi sim hexagono sim ombro 3.5', '\r', '1 und', 491, 1),
(906, '4978', 29, 32, 'Transfer he moldeira aberta 4.0', '\r', '1 und', 535, 1),
(907, '500', 6.6, 5, 'Pote dappen de silicone roxo', '\r', '1 und', 570, 16),
(908, '5000000117031', 4.2, 18, 'Triunfo superior a25 cor 60', '\r', '1 und', 493, 3),
(909, '5000000117048', 4.2, 9, 'Triunfo inferior 30m cor 60', '\r', '1 und', 493, 3),
(910, '5000000117055', 4.2, 10, 'Triunfo superior 34l cor 60', '\r', '1 und', 493, 3),
(911, '5000000117062', 4.2, 13, 'Triunfo superior 3d cor 62', '\r', '1 und', 493, 3),
(912, '5000000117079', 4.2, 14, 'Triunfo inferior 266 cor 62', '\r', '1 und', 493, 3),
(913, '5000000117130', 4.2, 20, 'Triunfo inferior 3m cor 66', '\r', '1 und', 493, 3),
(914, '5000000117147', 4.2, 12, 'Triunfo superior 2p cor 66', '\r', '1 und', 493, 3),
(915, '5000000117154', 4.2, 7, 'Triunfo inferior 30m cor 66', '\r', '1 und', 493, 3),
(916, '5000000117161', 4.2, 2, 'Triunfo superior 34l cor 66', '\r', '1 und', 493, 3),
(917, '5000000117215', 4.2, 22, 'Triunfo superior a26 cor 69', '\r', '1 und', 493, 3),
(918, '5000000117222', 4.2, 12, 'Triunfo superior 38 cor 69', '\r', '1 und', 493, 3),
(919, '5000000266425', 27, 7, 'Resina acrilica auto pó incolor', '\r', '225 g', 582, 3),
(920, '5000000266982', 32, 1, 'Liquido auto com crosslink', '\r', '250 ml', 506, 3),
(921, '5000000269761', 21, 4, 'Resina acrílica bivalente cor 62', '\r', '80 g', 583, 3),
(922, '5000000286805', 45, 2, 'Resina termo pó rosa escuro', '\r', '450 g', 507, 3),
(923, '5000000292691', 8.5, 10, 'Bionix th4 cor 66', '\r', '1 und', 495, 3),
(924, '5000000292707', 8.5, 12, 'Bionix te3 cor 62', '\r', '1 und', 495, 3),
(925, '5000000292721', 8.5, 15, 'Bionix tg3 cor 66', '\r', '1 und', 495, 3),
(926, '5000000292769', 8.5, 12, 'Bionix ik 6 cor 66', '\r', '1 und', 495, 3),
(927, '5000000292783', 8.5, 8, 'Bionix superior tm3 cor 69', '\r', '1 und', 495, 3),
(928, '5000000292790', 8.5, 15, 'Bionix superior tm5 cor 60', '\r', '1 und', 495, 3),
(929, '5000000292813', 8.5, 9, 'Bionix inferior tm3 cor 69', '\r', '1 und', 495, 3),
(930, '5000000292820', 8.5, 15, 'Bionix inferior tm5 cor 60', '\r', '1 und', 495, 3),
(931, '5000000292837', 8.5, 17, 'Bionix tl4 cor 69', '\r', '1 und', 495, 3),
(932, '5000000292844', 8.5, 16, 'Bionix r25 cor 60', '\r', '1 und', 495, 3),
(933, '5000000292851', 8.5, 14, 'Bionix ik 10 cor 62', '\r', '1 und', 495, 3),
(934, '501', 9.6, 3, 'Pote dappen silicone grande roxo', '\r', '1 und', 570, 16),
(935, '504', 21, 0, 'Guta percha acessoria xf não estéril', '\r', '100 und', 652, 24),
(936, '505', 21, 0, 'Guta percha acessoria ff não estéril', '\r', '100 und', 652, 24),
(937, '508', 21, 1, 'Guta percha acessoria mf não estéril', '\r', '100 und', 652, 24),
(938, '509', 21, 7, 'Guta percha calibrada 15 não estéril', '\r', '120 und', 652, 24),
(939, '510', 21, 4, 'Guta percha calibrada 20 não estéril', '\r', '120 und', 652, 24),
(940, '511', 21, 0, 'Guta percha calibrada 25 não estéril', '\r', '120 und', 652, 24),
(941, '521', 21, 0, 'Guta percha calibrada 15-40 não estéril', '\r', '120 und', 652, 24),
(942, '522', 21, 2, 'Guta percha calibrada 45-80 não estéril', '\r', '120 und', 652, 24),
(943, '523', 21, 6, 'Ponta de papel 15 não estéril', '\r', '200 und', 653, 24),
(944, '524', 21, 7, 'Ponta de papel 20 não estéril', '\r', '200 und', 653, 24),
(945, '525', 21, 4, 'Ponta de papel 25 não estéril', '\r', '200 und', 653, 24),
(946, '535', 21, 2, 'Ponta de papel 15-40 não estéril', '\r', '200 und', 653, 24),
(947, '536', 21, 11, 'Ponta de papel 45-80 não estéril', '\r', '200 und', 652, 24),
(948, '55255', 18.9, 0, 'Afastador labial autoclavável cor transparente tamanho pequeno', '\r', '3 und', 577, 2),
(949, '553', 4.2, 14, 'Triunfo inferior 3p cor 69', '\r', '1 und', 493, 3),
(950, '56339', 8200, 0, 'Sensor digital rvg 5200', '\r', '1 und', 539, 10),
(951, '6000000117023', 4.2, 8, 'Triunfo inferior 3d cor 60', '\r', '1 und', 493, 3),
(952, '6000000117030', 4.2, 10, 'Triunfo inferior 3p cor 60', '\r', '1 und', 493, 3),
(953, '6000000117047', 4.2, 10, 'Triunfo superior 30m cor 60', '\r', '1 und', 493, 3),
(954, '6000000117054', 4.2, 10, 'Triunfo inferior 32l cor 60', '\r', '1 und', 493, 3),
(955, '6000000117061', 4.2, 12, 'Triunfo inferior 2d cor 62', '\r', '1 und', 493, 3),
(956, '6000000117078', 4.2, 19, 'Triunfo superior 266 cor 62', '\r', '1 und', 493, 3),
(957, '6000000117139', 4.2, 18, 'Triunfo inferior 3n cor 66', '\r', '1 und', 493, 3),
(958, '6000000117146', 4.2, 17, 'Triunfo inferior a26 cor 66', '\r', '1 und', 493, 3),
(959, '6000000117153', 4.2, 13, 'Triunfo superior 30m cor 66', '\r', '1 und', 493, 3),
(960, '6000000117160', 4.2, 13, 'Triunfo inferior 32l cor 66', '\r', '1 und', 493, 3),
(961, '6000000117214', 4.2, 14, 'Triunfo inferior a25 cor 69', '\r', '1 und', 493, 3),
(962, '6000000117221', 4.2, 12, 'Triunfo inferior 266 cor 69', '\r', '1 und', 493, 3),
(963, '6000000255305', 40, 9, 'Isolante', '\r', '1L', 494, 3),
(964, '6000000255404', 13, 6, 'Isolante', '\r', '250 ml', 494, 3),
(965, '6000000267087', 45, 4, 'Resina acrilica auto pó auto incolor', '\r', '450 g', 582, 3),
(966, '6000000267100', 24, 3, 'Resina termo pó rosa claro', '\r', '225 g', 507, 3),
(967, '6000000269760', 21, 4, 'Resina acrílica bivalente cor 60', '\r', '80 g', 583, 3),
(968, '6000000286804', 85, 1, 'Resina termo pó rosa escuro', '\r', '1 kg', 507, 3),
(969, '6000000292683', 8.5, 18, 'Bionix t13 cor 62', '\r', '1 und', 508, 3),
(970, '6000000292706', 8.5, 16, 'Bionix te3 cor 60', '\r', '1 und', 495, 3),
(971, '6000000292713', 8.5, 15, 'Bionix t36 cor 62', '\r', '1 und', 495, 3),
(972, '6000000292737', 8.5, 20, 'Bionix t17 cor 62', '\r', '1 und', 495, 3),
(973, '6000000292751', 8.5, 14, 'Bionix il5 cor 66', '\r', '1 und', 495, 3),
(974, '6000000292775', 8.5, 9, 'Bionix superior tm2 cor 66', '\r', '1 und', 495, 3),
(975, '6000000292799', 8.5, 4, 'Bionix superior tm6 cor 66', '\r', '1 und', 495, 3),
(976, '6000000292805', 8.5, 10, 'Bionix inferior tm2 cor 66', '\r', '1 und', 495, 3),
(977, '6000000292829', 8.5, 4, 'Bionix inferior tm6 cor 66', '\r', '1 und', 495, 3),
(978, '6000000292843', 8.5, 12, 'Bionix t14 cor 69', '\r', '1 und', 495, 3),
(979, '6000000292850', 8.5, 16, 'Bionix ik 10 cor 60', '\r', '1 und', 495, 3),
(980, '60350007', 85, 1, 'Adesivo primer yzap', '\r', '5 ml', 654, 23),
(981, '60350017', 21, 0, 'Resina protetora de braquetes  yprotect', '\r', '2 g', 655, 23),
(982, '60893645', 15, 41, 'Revelador', '\r', '475ml', 586, 10),
(983, '63025', 80, 12, 'Clareador opalescence endo 35% kit', '\r', '2 Seringas 1,2 ml', 656, 25),
(984, '65025914', 60, 3, 'Pino fibra de vidro power post n° 2 sem broca', '\r', '5 und', 657, 26),
(985, '6663252', 160, 29, 'Filme e-speed', '\r', '150 und', 540, 10),
(986, '6943566100033', 17.5, 13, 'Pastilhas parra limpeza aparelho+clean', '\r', '30 und', 658, 2),
(987, '7000000117022', 4.2, 17, 'Triunfo superior 3d cor 60', '\r', '1 und', 493, 3),
(988, '7000000117046', 4.2, 14, 'Triunfo superior 38 cor 60', '\r', '1 und', 493, 3),
(989, '7000000117053', 4.2, 13, 'Triunfo superior 32l cor 60', '\r', '1 und', 493, 3),
(990, '7000000117060', 4.2, 10, 'Triunfo superior 2d cor 62', '\r', '1 und', 493, 3),
(991, '7000000117084', 4.2, 18, 'Triunfo inferior 32m cor 62', '\r', '1 und', 493, 3),
(992, '7000000117138', 4.2, 15, 'Triunfo superior 3n cor 66', '\r', '1 und', 493, 3),
(993, '7000000117145', 4.2, 15, 'Triunfo superior a26 cor 66', '\r', '1 und', 493, 3),
(994, '7000000117152', 4.2, 8, 'Triunfo superior 38 cor 66', '\r', '1 und', 493, 3),
(995, '7000000117213', 4.2, 17, 'Triunfo superior a25 cor 69', '\r', '1 und', 493, 3),
(996, '7000000117220', 4.2, 23, 'Triunfo superior 266 cor 69', '\r', '1 und', 493, 3),
(997, '7000000255403', 4, 0, 'Isolante', '\r', '100 ml', 494, 3),
(998, '7000000266072', 85, 3, 'Resina termo pó rosa claro', '\r', '1 kg', 507, 3),
(999, '7000000287282', 27, 3, 'Resina acrilica auto pó cristal', '\r', '225 g', 582, 3),
(1000, '7000000292675', 8.5, 16, 'Bionix te2 cor 69', '\r', '1 und', 495, 3),
(1001, '7000000292682', 8.5, 15, 'Bionix t13 cor 60', '\r', '1 und', 495, 3),
(1002, '7000000292699', 8.5, 21, 'Bionix tf4 cor 69', '\r', '1 und', 495, 3),
(1003, '7000000292705', 8.5, 15, 'Bionix te4 cor 69', '\r', '1 und', 495, 3),
(1004, '7000000292712', 8.5, 15, 'Bionix t36 cor 60', '\r', '1 und', 495, 3),
(1005, '7000000292729', 8.5, 14, 'Bionix t12 cor 69', '\r', '1 und', 495, 3),
(1006, '7000000292736', 8.5, 16, 'Bionix t17 cor 60', '\r', '1 und', 495, 3),
(1007, '7000000292767', 8.5, 13, 'Bionix ik 6 cor 62', '\r', '1 und', 495, 3),
(1008, '7000000292781', 8.5, 11, 'Bionix superior tm3 cor 66', '\r', '1 und', 495, 3),
(1009, '7000000292811', 8.5, 10, 'Bionix inferior tm3 cor 66', '\r', '1 und', 495, 3),
(1010, '7000000292835', 8.5, 13, 'Bionix tl4 cor 66', '\r', '1 und', 495, 3),
(1011, '7000000292859', 8.5, 13, 'Bionix ik 12 cor 66', '\r', '1 und', 495, 3),
(1012, '7096000100003', 13.5, 12, 'Caixa concha para aparelho sortida classico', '\r', '10 und', 659, 2),
(1013, '7096000200000', 13.5, 7, 'Caixa concha para aparelho cor azul', '\r', '10 und', 659, 2),
(1014, '7096000400004', 13.5, 4, 'Caixa concha para aparelho cor branca', '\r', '10 und', 659, 2),
(1015, '7096000500001', 13.5, 17, 'Caixa concha para aparelho sortida orthomundi', '\r', '10 und', 659, 2),
(1016, '7096000600008', 13.5, 3, 'Caixa concha para aparelho cor grafite', '\r', '10 und', 659, 2),
(1017, '7096000700005', 13.5, 5, 'Caixa concha para aparelho cor lilas', '\r', '10 und', 659, 2),
(1018, '7096000800002', 13.5, 5, 'Caixa concha para aparelho cor rosa', '\r', '10 und', 659, 2),
(1019, '7096000900009', 13.5, 4, 'Caixa concha para aparelho cor roxo', '\r', '10 und', 659, 2),
(1020, '7096001000005', 13.5, 4, 'Caixa concha para aparelho cor laranja', '\r', '10 und', 659, 2),
(1021, '7096001100002', 13.5, 5, 'Caixa concha para aparelho cor vermelha', '\r', '10 und', 659, 2),
(1022, '7096001200009', 13.5, 4, 'Caixa concha para aparelho cor verde claro', '\r', '10 und', 659, 2),
(1023, '7096001300006', 13.5, 2, 'Caixa concha para aparelho cor turquesa', '\r', '10 und', 659, 2),
(1024, '742832785266', 24.5, 37, 'Luva azul nitrilo extra pequena', '\r', '100 und', 660, 7),
(1025, '742832785273', 24.5, 19, 'Luva azul nitrilo pequena', '\r', '100 und', 660, 7),
(1026, '742832785280', 24.5, 37, 'Luva azul nitrilo média', '\r', '100 und', 660, 7),
(1027, '742832785297', 24.5, 6, 'Luva azul nitrilo grande', '\r', '100 und', 660, 7),
(1028, '742832785303', 24.5, 32, 'Luva preta nitrilo extra pequena', '\r', '100 und', 660, 7),
(1029, '742832785310', 24.5, 18, 'Luva preta nitrilo pequena', '\r', '100 und', 660, 7),
(1030, '742832785327', 24.5, 35, 'Luva preta nitrilo média', '\r', '100 und', 660, 7),
(1031, '742832785334', 24.5, 28, 'Luva preta nitrilo grande', '\r', '100 und', 660, 7),
(1032, '77367736', 15, 6, 'Resina master flow cor c3', '\r', '1 seringa com 2g', 661, 6),
(1033, '7737', 15, 16, 'Resina master flow cor a1', '\r', '1 seringa com 2g', 661, 6),
(1034, '7738', 15, 3, 'Resina master flow cor a3', '\r', '1 seringa com 2g', 661, 6),
(1035, '77397739', 15, 8, 'Resina master flow cor b3', '\r', '1 seringa com 2g', 661, 6),
(1036, '7825494585399', 75, 1, 'Esponja hemopon tape', 'Espesial 3\r', '1 und', 662, 11),
(1037, '7849558010702', 21, 25, 'Compressa de gaze não estéreis 13 fios', '\r', '500 und', 663, 27),
(1038, '7892525031057', 13, 13, 'Cimento de zinco líquido', '\r', '10 ml', 664, 28),
(1039, '7892525031101', 13, 11, 'Cimento de zinco po', '\r', '28g', 664, 28),
(1040, '7892525031750', 60, 6, 'Ionômero de vidro para cimentação vidrion c', '\r', 'kit 15g p? + 10ml', 498, 28),
(1041, '7892525031859', 55, 6, 'Ionômero de vidro para cimentação vidrion r', '\r', 'kit 15g p? + 10ml', 500, 28),
(1042, '7892525033105', 10, 12, 'Cimento endodôntico intrafill líquido', '\r', '10 ml', 665, 28),
(1043, '7892525033150', 22, 3, 'Cimento endodôntico intrafill pó', '\r', '12 g', 665, 28),
(1044, '7892525035055', 9.5, 5, 'Verniz de flúor fluorniz', '\r', '10ml', 544, 28),
(1045, '7892525035253', 25, 0, 'Vernis fluoretado fluorniz -', '\r', '10 ml', 666, 28),
(1046, '7892525037004', 7, 41, 'Acido fosforico 37%', '\r', '3 Seringas', 667, 28),
(1047, '7892525041049', 55, 120, 'Anestesico novocol fenilefina 2%', '\r', '50 und', 668, 28),
(1048, '7892525051062', 45, 5, 'Pasta de hidróxido de cálcio calen', '\r', '2 tubo pasta Calen', 669, 28),
(1049, '7892525051086', 45, 0, 'Pasta de hidróxido de cálcio calen pmcc', '\r', '2 tubo Pasta Calen', 669, 28),
(1050, '7892525051307', 7.5, 5, 'Óxido de zinco', '\r', '50 g', 670, 28),
(1051, '7892525051536', 9, 2, 'Flúor em gel neutro flutop sabor menta', '\r', '200 ml', 671, 28),
(1052, '7892525054100', 25, 4, 'Insolante para resina cel-lac', '\r', '500 ml', 494, 28),
(1053, '7892525055053', 13, 6, 'Pedra pomes extra fina', '\r', '100 g', 672, 28),
(1054, '7892525055152', 15, 10, 'Pasta profilatica pert-x', '\r', '23 g', 673, 28),
(1055, '7894590501893', 22, 12, 'Condicionador Ácido poliacrílico vitro 11,5%', '\r', '10 ml', 674, 29),
(1056, '7894590502050', 139, 20, 'Anestesico articaina 4% com vaso  tubo videro', '\r', '50 und', 668, 29),
(1057, '7894590502258', 69, 12, 'Ionômero de vidro para cimentação vitro cem', '\r', '10g po + 18ml liq', 498, 29),
(1058, '7894590503910', 7.5, 186, 'Anestesico topico benzotop sabor tutti frutti', '\r', '50 g', 596, 29),
(1059, '7894590579168', 129, 18, 'Anestesico mepiadre 2% com vaso tubo de vidro', '\r', '50 und', 668, 29),
(1060, '7894590592204', 65, 12, 'Ionômero de vidro restaurador vitro fil r cor a3', '\r', '10g po+ 8ml liq', 675, 29),
(1061, '7895742000028', 11.7, 14, 'Arco niti superelástico m 0.12', '\r', '10 und', 605, 30),
(1062, '7895742000035', 11.7, 15, 'Arco niti superelástico g 0.12', '\r', '10 und', 605, 30),
(1063, '7895742000042', 11.7, 16, 'Arco niti superelástico m 0.14', '\r', '10 und', 605, 30),
(1064, '7895742000059', 11.7, 10, 'Arco niti superelástico g 0.14', '\r', '10 und', 605, 30),
(1065, '7895742000066', 20.2, 8, 'Arco niti superelástico m 0.16 x 0.16', '\r', '10 und', 606, 30),
(1066, '7895742000073', 20.2, 8, 'Arco niti superelástico g 0.16 x 0.16', '\r', '10 und', 606, 30),
(1067, '7895742000080', 20.2, 15, 'Arco niti superelástico m 0.16 x 0.22', '\r', '', 606, 30),
(1068, '7895742000097', 20.2, 11, 'Arco niti superelástico g 0.16 x 0.22', '\r', '10 und', 606, 30),
(1069, '7895742000103', 11.7, 13, 'Arco niti superelástico m 0.16', '\r', '10 und', 605, 30),
(1070, '7895742000110', 11.7, 12, 'Arco niti superelástico g 0.16', '\r', '10 und', 605, 30),
(1071, '7895742000127', 20.2, 10, 'Arco niti superelástico m 0.17 x 0.25', '\r', '', 606, 30),
(1072, '7895742000134', 20.2, 16, 'Arco niti superelástico g 0.17 x 0.25', '\r', '10 und', 606, 30),
(1073, '7895742000141', 20.2, 15, 'Arco niti superelástico m 0.18 x 0.25', '\r', '', 606, 30),
(1074, '7895742000158', 20.2, 11, 'Arco niti superelástico g 0.18 x 0.25', '\r', '10 und', 606, 30),
(1075, '7895742000165', 11.7, 14, 'Arco niti superelástico m 0.18', '\r', '10 und', 605, 30),
(1076, '7895742000172', 11.7, 12, 'Arco niti superelástico g 0.18', '\r', '10 und', 605, 30),
(1077, '7895742000189', 20.2, 24, 'Arco niti superelástico m 0.19 x 0.25', '\r', '', 606, 30),
(1078, '7895742000196', 20.2, 10, 'Arco niti superelástico g 0.19 x 0.25', '\r', '10 und', 606, 30),
(1079, '7895742000202', 11.7, 24, 'Arco niti superelástico m 0.20', '\r', '10 und', 605, 30),
(1080, '7895742000219', 11.7, 21, 'Arco niti superelástico g 0.20', '\r', '10 und', 605, 30),
(1081, '7895742000226', 20.2, 0, 'Arco niti superelástico m 0.21 x 0.25', '\r', '10 und', 606, 30),
(1082, '7895742000233', 20.2, 2, 'Arco niti superelástico g 0.21 x 0.25', '\r', '10 und', 606, 30),
(1083, '7895742000240', 8.1, 13, 'Arco aço inferior 0.14', '\r', '10 und', 602, 30),
(1084, '7895742000257', 8.1, 17, 'Arco aço superior 0.14', '\r', '10 und', 602, 30),
(1085, '7895742000264', 9.4, 10, 'Arco aço inferior 0.16 x 0.16', '\r', '10 und', 603, 30),
(1086, '7895742000271', 9.4, 9, 'Arco aço superior 0.16 x 0.16', '\r', '10 und', 603, 30),
(1087, '7895742000288', 9.4, 9, 'Arco aço inferior 0.16 x 0.22', '\r', '10 und', 603, 30),
(1088, '7895742000295', 9.4, 12, 'Arco aço superior 0.16 x 0.22', '\r', '10 und', 603, 30),
(1089, '7895742000301', 8.1, 13, 'Arco aço inferior 0.16', '\r', '10 und', 602, 30),
(1090, '7895742000318', 8.1, 18, 'Arco aço superior 0.16', '\r', '10 und', 602, 30),
(1091, '7895742000325', 9.4, 18, 'Arco aço inferior 0.17 x 0.25', '\r', '10 und', 603, 30),
(1092, '7895742000332', 9.4, 14, 'Arco aço superior 0.17 x 0.25', '\r', '10 und', 603, 30),
(1093, '7895742000349', 9.4, 6, 'Arco aço inferior 0.18 x 0.25', '\r', '10 und', 603, 30),
(1094, '7895742000356', 9.4, 11, 'Arco aço superior 0.18 x 0.25', '\r', '10 und', 603, 30),
(1095, '7895742000363', 8.1, 5, 'Arco aço inferior 0.18', '\r', '10 und', 602, 30),
(1096, '7895742000370', 8.1, 7, 'Arco aço superior 0.18', '\r', '10 und', 602, 30),
(1097, '7895742000387', 9.4, 18, 'Arco aço inferior 0.19 x 0.25', '\r', '10 und', 603, 30),
(1098, '7895742000394', 9.4, 14, 'Arco aço superior 0.19 x 0.25', '\r', '10 und', 603, 30),
(1099, '7895742000400', 9.4, 21, 'Arco aço inferior 0.21 x 0.25', '\r', '10 und', 603, 30),
(1100, '7895742000417', 9.4, 10, 'Arco aço superior 0.21 x 0.25', '\r', '10 und', 603, 30),
(1101, '7895742000431', 13, 0, 'Arco extraoral standard 1,15mm .045\"', '\r', '1 und', 676, 30),
(1102, '7895742000462', 13, 3, 'Arco extroral medio duro 0,15 mm', '\r', '1 und', 676, 30),
(1103, '7895742000509', 13, 0, 'Arco extraoral medio brando 1,15mm .045\"', '\r', '1 und', 676, 30),
(1104, '7895742000646', 26.1, 5, 'Arco curva reversa m 0.12', '\r', '10 und', 609, 30),
(1105, '7895742000653', 26.1, 4, 'Arco curva reversa g 0.12', '\r', '10 und', 609, 30),
(1106, '7895742000660', 26.1, 6, 'Arco curva reversa m 0.14', '\r', '10 und', 609, 30),
(1107, '7895742000677', 26.1, 6, 'Arco curva reversa g 0.14', '\r', '10 und', 609, 30),
(1108, '7895742000684', 27.4, 5, 'Arco curva reversa m 0.16 x 0.16', '\r', '10 und', 677, 30),
(1109, '7895742000691', 27.4, 5, 'Arco curva reversa g 0.16 x 0.16', '\r', '10 und', 677, 30),
(1110, '7895742000707', 27.4, 3, 'Arco curva reversa m 0.16 x 0.22', '\r', '10 und', 677, 30),
(1111, '7895742000714', 27.4, 15, 'Arco curva reversa g 0.16 x 0.22', '\r', '10 und', 677, 30),
(1112, '7895742000721', 26.1, 4, 'Arco curva reversa m 0.16', '\r', '10 und', 609, 30),
(1113, '7895742000738', 26.1, 6, 'Arco curva reversa g 0.16', '\r', '10 und', 609, 30),
(1114, '7895742000745', 27.4, 4, 'Arco curva reversa m 0.17 x 0.25', '\r', '10 und', 677, 30),
(1115, '7895742000752', 27.4, 4, 'Arco curva reversa g 0.17 x 0.25', '\r', '10 und', 677, 30),
(1116, '7895742000769', 26.1, 6, 'Arco curva reversa m 0.18', '\r', '10 und', 609, 30),
(1117, '7895742000776', 26.1, 7, 'Arco curva reversa g 0.18', '\r', '10 und', 609, 30),
(1118, '7895742000783', 27.4, 7, 'Arco curva reversa m 0.19 x 0.25', '\r', '', 677, 30),
(1119, '7895742000790', 27.4, 7, 'Arco curva reversa g 0.19 x 0.25', '\r', '10 und', 677, 30),
(1120, '7895742000967', 8, 12, 'Pasta para solda prata', 'Especial\r', '20 ml', 678, 30),
(1121, '7895742000974', 43.5, 10, 'Solda prata rolo', '\r', '5 m', 678, 30),
(1122, '7895742002220', 6.5, 1, 'Tracionador de seguraça força media', '\r', '1 und', 679, 30),
(1123, '7895742002657', 26.5, 4, 'Dobrador para arcos haste de expansor', '\r', '1 und', 680, 30),
(1124, '7895742002664', 13, 9, 'Colocador de elastique lados diferentes', 'Especial\r', '1 und', 681, 30),
(1125, '7895742002688', 13, 9, 'Colocador de elastique lados iguais', '\r', '1 und', 681, 30),
(1126, '7895742002732', 31.5, 6, 'Posicionador de bráquetes roth', '\r', '1 und', 645, 30),
(1127, '7895742002763', 102.5, 1, 'Torre ortodôntica para arco retangular', '\r', '1 und', 682, 30),
(1128, '7895742002770', 92, 2, 'Tensiômetro vermelho (de 100 a 1600gf)', '\r', '1 und', 683, 30),
(1129, '7895742002787', 6, 9, 'Mola aço aberta', '\r', '1 m', 684, 30),
(1130, '7895742002794', 7, 11, 'Mola aço fechada', '\r', '1 m', 685, 30),
(1131, '7895742002909', 15, 0, 'Embalagem para elastrico paciente', '\r', '50 und', 686, 30),
(1132, '7895742003081', 9, 5, 'Banda universal inferior n°29', '\r', '10 und', 687, 30),
(1133, '7895742003098', 9, 5, 'Banda universal inferior n°29.5', '\r', '10 und', 687, 30),
(1134, '7895742003104', 9, 5, 'Banda universal inferior n°30', '\r', '10 und', 687, 30),
(1135, '7895742003111', 9, 5, 'Banda universal inferior n°30.5', '\r', '10 und', 687, 30),
(1136, '7895742003128', 9, 1, 'Banda universal inferior n°31', '\r', '10 und', 687, 30),
(1137, '7895742003135', 9, 5, 'Banda universal inferior n°31.5', '\r', '10 und', 687, 30),
(1138, '7895742003142', 9, 4, 'Banda universal inferior n°32', '\r', '10 und', 687, 30),
(1139, '7895742003159', 9, 10, 'Banda universal inferior n°32.5', '\r', '10 und', 687, 30),
(1140, '7895742003166', 9, 4, 'Banda universal inferior n°33', '\r', '10 und', 687, 30),
(1141, '7895742003173', 9, 2, 'Banda universal inferior n°33.5', '\r', '10 und', 687, 30),
(1142, '7895742003180', 9, 2, 'Banda universal inferior n°34', '\r', '10 und', 687, 30),
(1143, '7895742003197', 9, 1, 'Banda universal inferior n°34.5', '\r', '10 und', 687, 30),
(1144, '7895742003203', 9, 9, 'Banda universal inferior n°35', '\r', '10 und', 687, 30),
(1145, '7895742003210', 9, 2, 'Banda universal inferior n°35.5', '\r', '10 und', 687, 30),
(1146, '7895742003227', 9, 9, 'Banda universal inferior n°36', '\r', '10 und', 687, 30);
INSERT INTO `produto` (`id_produto`, `barcode`, `preco`, `estoque`, `especificacao`, `tipo`, `embalagem`, `id_subgrupo`, `id_marca`) VALUES
(1147, '7895742003234', 9, 8, 'Banda universal inferior n°36.5', '\r', '10 und', 687, 30),
(1148, '7895742003241', 9, 9, 'Banda universal inferior n°37', '\r', '10 und', 687, 30),
(1149, '7895742003258', 9, 1, 'Banda universal inferior n°37.5', '\r', '10 und', 687, 30),
(1150, '7895742003265', 9, 7, 'Banda universal inferior n°38', '\r', '10 und', 687, 30),
(1151, '7895742003272', 9, 10, 'Banda universal inferior n°38.5', '\r', '10 und', 687, 30),
(1152, '7895742003289', 9, 10, 'Banda universal inferior n°39', '\r', '10 und', 687, 30),
(1153, '7895742003296', 9, 10, 'Banda universal inferior n°39.5', '\r', '10 und', 687, 30),
(1154, '7895742003302', 9, 1, 'Banda universal inferior n°40', '\r', '10 und', 687, 30),
(1155, '7895742003319', 9, 5, 'Banda universal inferior n°40.5', '\r', '10 und', 687, 30),
(1156, '7895742003326', 9, 1, 'Banda universal inferior n°41', '\r', '10 und', 687, 30),
(1157, '7895742003333', 9, 2, 'Banda universal inferior n°41.5', '\r', '10 und', 687, 30),
(1158, '7895742003340', 9, 1, 'Banda universal inferior n°42', '\r', '10 und', 687, 30),
(1159, '7895742004507', 9, 1, 'Banda universal superior n°29', '\r', '10 und', 687, 30),
(1160, '7895742004514', 9, 1, 'Banda universal superior n°29.5', '\r', '10 und', 687, 30),
(1161, '7895742004521', 9, 1, 'Banda universal superior n°30', '\r', '10 und', 687, 30),
(1162, '7895742004538', 9, 1, 'Banda universal superior n°30.5', '\r', '10 und', 687, 30),
(1163, '7895742004545', 9, 1, 'Banda universal superior n°31', '\r', '10 und', 687, 30),
(1164, '7895742004552', 9, 1, 'Banda universal superior n°31.5', '\r', '10 und', 687, 30),
(1165, '7895742004569', 9, 4, 'Banda universal superior n°32', '\r', '10 und', 687, 30),
(1166, '7895742004576', 9, 1, 'Banda universal superior n°32.5', '\r', '10 und', 687, 30),
(1167, '7895742004583', 9, 8, 'Banda universal superior n°33', '\r', '10 und', 687, 30),
(1168, '7895742004590', 9, 0, 'Banda universal superior n°33.5', '\r', '10 und', 687, 30),
(1169, '7895742004606', 9, 9, 'Banda universal superior n°34', '\r', '10 und', 687, 30),
(1170, '7895742004613', 9, 8, 'Banda universal superior n°34.5', '\r', '10 und', 687, 30),
(1171, '7895742004620', 9, 3, 'Banda universal superior n°35', '\r', '10 und', 687, 30),
(1172, '7895742004637', 9, 5, 'Banda universal superior n°35.5', '\r', '10 und', 687, 30),
(1173, '7895742004644', 9, 3, 'Banda universal superior n°36', '\r', '10 und', 687, 30),
(1174, '7895742004651', 9, 5, 'Banda universal superior n°36.5', '\r', '10 und', 687, 30),
(1175, '7895742004668', 9, 10, 'Banda universal superior n° 37', '\r', '10 und', 687, 30),
(1176, '7895742004675', 9, 5, 'Banda universal superior n°37.5', '\r', '10 und', 687, 30),
(1177, '7895742004682', 9, 7, 'Banda universal superior n°38', '\r', '10 und', 687, 30),
(1178, '7895742004699', 9, 9, 'Banda universal superior n°38.5', '\r', '10 und', 687, 30),
(1179, '7895742004705', 9, 9, 'Banda universal superior n°39', '\r', '10 und', 687, 30),
(1180, '7895742004712', 9, 3, 'Banda universal superior n°39.5', '\r', '10 und', 687, 30),
(1181, '7895742004729', 9, 2, 'Banda universal superior n°40', '\r', '10 und', 687, 30),
(1182, '7895742004736', 9, 6, 'Banda universal superior n°40.5', '\r', '10 und', 687, 30),
(1183, '7895742004743', 9, 1, 'Banda universal superior n°41', '\r', '10 und', 687, 30),
(1184, '7895742004750', 9, 2, 'Banda universal superior n° 41.5', '\r', '10 und', 687, 30),
(1185, '7895742004767', 9, 1, 'Banda universal superior n°42', '\r', '10 und', 687, 30),
(1186, '7895742005108', 30, 2, 'Caixa para bandas inferior esquerdo azul', '\r', '1 und', 688, 30),
(1187, '7895742005115', 30, 2, 'Caixa para bandas superior esquerdo vermelho', '\r', '1 und', 688, 30),
(1188, '7895742005122', 30, 2, 'Caixa para bandas inferior direito azul', '\r', '1 und', 688, 30),
(1189, '7895742005139', 30, 0, 'Caixa para bandas superior direito vermelho', '\r', '1 und', 688, 30),
(1190, '7895742005191', 6.5, 26, 'Elástico intra oral 1/8 leve', '\r', '1000 und', 511, 30),
(1191, '7895742005207', 7.5, 20, 'Elástico intra oral 3/16 leve', '\r', '1000 und', 511, 30),
(1192, '7895742005214', 8.5, 6, 'Elástico intra oral 1/4 medio', '\r', '1000 und', 511, 30),
(1193, '7895742005221', 10.5, 9, 'Elástico intra oral 5/16 medio', '\r', '1000 und', 511, 30),
(1194, '7895742005269', 6.7, 5, 'Elástico extra oral 1/2 leve', '\r', '100 und', 689, 30),
(1195, '7895742005276', 7.5, 9, 'Elástico extra oral 1/2 media', '\r', '100 und', 689, 30),
(1196, '7895742005283', 8.5, 17, 'Elástico extra oral 1/2 pesado', '\r', '100 und', 689, 30),
(1197, '7895742005306', 6.5, 32, 'Ligadura bengalinha trasmparente', 'Trasmparente\r', '1000 und', 690, 30),
(1198, '7895742005313', 6.5, 19, 'Ligadura bengalinha cinza', 'Cinza\r', '1000 und', 690, 30),
(1199, '7895742005320', 6.5, 20, 'Ligadura bengalinha sortido', 'Sortido\r', '1000 und', 690, 30),
(1200, '7895742005344', 6.5, 19, 'Ligadura bengalinha azul bebe', 'Azul bebe\r', '1000 und', 690, 30),
(1201, '7895742005351', 6.5, 6, 'Ligadura bengalinha amarelo', 'Amarelo\r', '1000 und', 690, 30),
(1202, '7895742005375', 6.5, 8, 'Ligadura bengalinha verde musgo', 'Verde musgo\r', '1000 und', 690, 30),
(1203, '7895742005382', 6.5, 22, 'Ligadura bengalinha azul', 'Azul\r', '1000 und', 690, 30),
(1204, '7895742005405', 6.5, 19, 'Ligadura bengalinha vermelho', 'Vermelho\r', '1000 und', 690, 30),
(1205, '7895742005412', 6.5, 21, 'Ligadura bengalinha preto', 'Preto\r', '1000 und', 690, 30),
(1206, '7895742005429', 6.5, 26, 'Ligadura bengalinha rosa', 'Rosa\r', '1000 und', 690, 30),
(1207, '7895742005436', 6.5, 8, 'Ligadura bengalinha roxo', 'Roxo\r', '1000 und', 690, 30),
(1208, '7895742005450', 6.5, 18, 'Ligadura bengalinha verde mar', 'Verde mar\r', '1000 und', 690, 30),
(1209, '7895742005467', 8.5, 11, 'Elástico separador a granel verde', 'Verde\r', '1000 und', 691, 30),
(1210, '7895742005474', 26, 3, 'Elástico corrente curto trasmparente', 'Trasmparente\r', '4.5 m', 497, 30),
(1211, '7895742005481', 26, 5, 'Elástico corrente longo trasmparente', 'Trasmparente\r', '4.5 m', 497, 30),
(1212, '7895742005498', 26, 13, 'Elástico corrente medio trasmparente', 'Trasmparente\r', '4.5 m', 497, 30),
(1213, '7895742005504', 26, 11, 'Elástico corrente curto cinza', 'Cinza\r', '4.5 m', 497, 30),
(1214, '7895742005511', 26, 8, 'Elástico corrente longo cinza', 'Cinza\r', '4.5 m', 497, 30),
(1215, '7895742005528', 26, 5, 'Elástico corrente medio cinza', 'Cinza\r', '4.5 m', 497, 30),
(1216, '7895742005634', 94.5, 0, 'Expansor mini abertura 9mm', '\r', '1 und', 692, 30),
(1217, '7895742005665', 27, 14, 'Expansor para disjunção palatina 9mm (hyrax)', '\r', '10 und', 693, 30),
(1218, '7895742005672', 27, 10, 'Expansor para disjunção palatina 11mm (hyrax)', '\r', '1 und', 693, 30),
(1219, '7895742005689', 27, 9, 'Expansor para disjunção palatina 13mm (hyrax)', '\r', '1 und', 693, 30),
(1220, '7895742005696', 8.5, 12, 'Fio duro elástico inox 1.0 mm', '\r', '50 g', 694, 30),
(1221, '7895742005702', 8.5, 13, 'Fio duro elástico inox 1.2 mm', '\r', '50 g', 694, 30),
(1222, '7895742005719', 16, 9, 'Fio amarrilho inox 0.08\"', '\r', '50 g', 695, 30),
(1223, '7895742005726', 15, 6, 'Fio amarrilho inox 0.010\"', '\r', '50 g', 695, 30),
(1224, '7895742005733', 13, 8, 'Fio amarrilho inox 0.012\"', '\r', '50 g', 695, 30),
(1225, '7895742005795', 8.5, 13, 'Fio duro elástico inox 0.6mm', '\r', '50 g', 694, 30),
(1226, '7895742005818', 8.5, 10, 'Fio duro elástico inox 0.7mm', '\r', '50 g', 694, 30),
(1227, '7895742005825', 8.5, 14, 'Fio duro elástico inox 0.8mm', '\r', '50 g', 694, 30),
(1228, '7895742005832', 8.5, 3, 'Fio duro elástico inox 0.9mm', '\r', '50 g', 694, 30),
(1229, '7895742005856', 41, 2, 'Fio vareta azul morealloy 0.16 x 0.22', '\r', '10 und', 696, 30),
(1230, '7895742005863', 41, 1, 'Fio vareta azul morealloy 0.17 x 0.25', '\r', '10 und', 696, 30),
(1231, '7895742005948', 10.5, 11, 'Fio vareta standard de aço 0.16 x 0.16', '\r', '20 und', 697, 30),
(1232, '7895742005955', 13, 7, 'Fio vareta standard de aço 0.16 x 0.22', '\r', '20 und', 697, 30),
(1233, '7895742005962', 13, 6, 'Fio vareta standard de aço 0.17 x 0.25', '\r', '20 und', 697, 30),
(1234, '7895742005986', 13, 5, 'Fio vareta standard de aço 0.18 x 0.25', '\r', '20 und', 697, 30),
(1235, '7895742006006', 13, 4, 'Fio vareta standard de aço 0.19 x 0.25', '\r', '20 und', 697, 30),
(1236, '7895742006075', 7, 3, 'Botão lingual para solda', '\r', '10 und', 531, 30),
(1237, '7895742006105', 10, 20, 'Botão lingual para colagem', '\r', '10 und', 530, 30),
(1238, '7895742008277', 27, 10, 'Tubo roth solda duplo peça 36/37', '\r', '10 und', 698, 30),
(1239, '7895742008284', 27, 5, 'Tubo roth solda duplo peça 46/47', '\r', '10 und', 698, 30),
(1240, '7895742008505', 27, 7, 'Tubo roth solda tripo peça 26', '\r', '10 und', 699, 30),
(1241, '7895742008512', 27, 9, 'Tubo roth solda tripo peça 16', '\r', '10 und', 699, 30),
(1242, '7895742008758', 9.5, 3, 'Fio vareta twist flex 3 fios crni  0.15', '\r', '10 und', 700, 30),
(1243, '7895742008765', 9.5, 13, 'Fio vareta twist flex 3 fios crni  0.18', '\r', '10 und', 700, 30),
(1244, '7895742008772', 9.5, 16, 'Fio vareta twist flex 3 fios crni  0.20', '\r', '10 und', 700, 30),
(1245, '7895742008789', 9.5, 6, 'Fio vareta twist flex 3 fios crni  0.32', '\r', '10 und', 700, 30),
(1246, '7895742008796', 9.5, 9, 'Fio vareta twist flex 4 fios crni  0.15', '\r', '10 und', 700, 30),
(1247, '7895742008826', 9.5, 9, 'Acalcador de bandas com ponta triangular', '\r', '1 und', 644, 30),
(1248, '7895742008833', 9.5, 2, 'Acalcador de bandas ponta triangular invertida', '\r', '1 und', 644, 30),
(1249, '7895742008840', 9.5, 2, 'Acalcador de bandas com ponta redonda', '\r', '1 und', 644, 30),
(1250, '7895742008857', 9.5, 2, 'Acalcador de bandas com ponta quadrada', '\r', '1 und', 644, 30),
(1251, '7895742008864', 11.5, 13, 'Posicionador de elásticos azul', '\r', '20 und', 681, 30),
(1252, '7895742008871', 8, 4, 'Elástico rotador trasmparente', 'Trasmparente\r', '100 und', 701, 30),
(1253, '7895742008888', 25, 2, 'Barra palatina com loop mesial 34mm', '\r', '10 und', 702, 30),
(1254, '7895742008895', 25, 2, 'Barra palatina com loop mesial 37mm', '\r', '10 und', 702, 30),
(1255, '7895742008901', 25, 1, 'Barra palatina com loop mesial 39mm', '\r', '10 und', 702, 30),
(1256, '7895742008918', 25, 1, 'Barra palatina com loop mesial 41mm', '\r', '10 und', 702, 30),
(1257, '7895742008925', 25, 1, 'Barra palatina com loop mesial 43mm', '\r', '10 und', 702, 30),
(1258, '7895742008932', 25, 1, 'Barra palatina com loop mesial 45mm', '\r', '10 und', 702, 30),
(1259, '7895742008949', 25, 0, 'Barra palatina com loop mesial 47mm', '\r', '10 und', 702, 30),
(1260, '7895742008956', 25, 2, 'Barra palatina com loop mesial 49mm', '\r', '10 und', 702, 30),
(1261, '7895742008963', 25, 2, 'Barra palatina com loop mesial 52mm', '\r', '10 und', 702, 30),
(1262, '7895742008970', 25, 2, 'Barra palatina com loop mesial 55mm', '\r', '10 und', 702, 30),
(1263, '7895742009151', 29, 10, 'Tubo roth solda simple peça 16/17', '\r', '10 und', 703, 30),
(1264, '7895742009168', 29, 4, 'Tubo roth solda simple peça 26/27', '\r', '10 und', 703, 30),
(1265, '7895742009175', 24.5, 9, 'Tubo roth solda simple peça 46/47', '\r', '10 und', 703, 30),
(1266, '7895742009182', 29, 9, 'Tubo roth solda simple peça 27/37', '\r', '10 und', 703, 30),
(1267, '7895742009519', 10, 0, 'Botão lingual para colagem côncavo', 'Espesial 2\r', '10 und', 532, 30),
(1268, '7895742009762', 92, 3, 'Tensiômetro verde (de 50 - 500gf )', '\r', '1 und', 683, 30),
(1269, '7895742009816', 26.5, 38, 'Tubo roth cola simple peça 16/17', '\r', '10 und', 524, 30),
(1270, '7895742009823', 26.5, 37, 'Tubo roth cola simple peça 26/27', '\r', '10 und', 524, 30),
(1271, '7895742009830', 26.5, 28, 'Tubo roth cola simple peça 46/47', '\r', '10 und', 524, 30),
(1272, '7895742009847', 26.5, 28, 'Tubo roth cola simple peça 36/37', '\r', '10 und', 524, 30),
(1273, '7895742009885', 9, 2, 'Ligadura modular trasmparente', 'Trasmparente\r', '1000 und', 496, 30),
(1274, '7895742009892', 9, 10, 'Ligadura modular cinza', 'Cinza\r', '1000 und', 496, 30),
(1275, '7895742009960', 28.5, 7, 'Tubo roth cola duplo peça 46', '\r', '10 und', 525, 30),
(1276, '7895742009977', 28.5, 8, 'Tubo roth cola duplo peça 36', '\r', '10 und', 525, 30),
(1277, '7895742019181', 29.5, 19, 'Mola niti aberta', '\r', '3 und de 18 cm cada', 612, 30),
(1278, '7895742019204', 26.5, 15, 'Mola niti fechada 7mm com elos', '\r', '4 und', 604, 30),
(1279, '7895742019211', 26.5, 5, 'Mola niti fechada 9mm com elos', '\r', '4 und', 604, 30),
(1280, '7895742019228', 26.5, 12, 'Mola niti fechada 12mm com elos', '\r', '4 und', 604, 30),
(1281, '7895742019426', 34, 1, 'Gurin sem gancho com slot fechado', '\r', '10 und', 704, 30),
(1282, '7895742019433', 20, 17, 'Chave para gurin', '\r', '1 und', 705, 30),
(1283, '7895742019495', 18.5, 13, 'Gancho para tração de dentes inclusos', '\r', '10 und', 706, 30),
(1284, '7895742019761', 67, 0, 'Fio inox duro elástico 0.8mm', '\r', '500 g', 694, 30),
(1285, '7895742019778', 67, 1, 'Fio duro elástico inox 0.9mm', '\r', '500 g', 694, 30),
(1286, '7895742020026', 13, 5, 'Reposição metalico roth light peça 11.022\"', '\r', '10 und', 707, 30),
(1287, '7895742020033', 13, 4, 'Reposição metalico roth light peça 21.022\"', '\r', '10 und', 707, 30),
(1288, '7895742020040', 13, 6, 'Reposição metalico roth light peça 12 .022\"', '\r', '10 und', 707, 30),
(1289, '7895742020057', 13, 11, 'Reposição metalico roth light peça 22 .022\"', '\r', '10 und', 707, 30),
(1290, '7895742020071', 13, 10, 'Reposição metalico roth light peça 23 com 13° .022\"', '\r', '10 und', 707, 30),
(1291, '7895742020125', 13, 12, 'Reposição metalico roth light peça 31/32/42/41 .022\"', '\r', '10 und', 707, 30),
(1292, '7895742020682', 9, 2, 'Elástico parietal com fivela dupla', '\r', '1 und', 708, 30),
(1293, '7895742020712', 6.5, 21, 'Ligadura bengalinha azul marinho', 'Azul marinho\r', '1000 und', 690, 30),
(1294, '7895742020798', 6.5, 20, 'Ligadura bengalinha prata', 'Prata\r', '1000 und', 690, 30),
(1295, '7895742041007', 8, 4, 'Elástico rotador cinza', 'Cinza\r', '100 und', 701, 30),
(1296, '7895742041069', 8.1, 23, 'Arco aço superior 0.12', '\r', '10 und', 602, 30),
(1297, '7895742041090', 8.1, 20, 'Arco aço inferior 0.12', '\r', '10 und', 602, 30),
(1298, '7895742041366', 8.1, 1, 'Arco aço superior 0.20', '\r', '10 und', 602, 30),
(1299, '7895742041373', 8.1, 2, 'Arco aço inferior 0.20', '\r', '10 und', 602, 30),
(1300, '7895742041458', 6.5, 14, 'Ligadura bengalinha rosa bebe', 'Rosa bebe\r', '1000 und', 690, 30),
(1301, '7895742042806', 9, 1, 'Ligadura modular azul bebe', 'Azul bebe\r', '1000 und', 496, 30),
(1302, '7895742042813', 9, 1, 'Ligadura modular amarelo', 'Amarelo\r', '1000 und', 496, 30),
(1303, '7895742042837', 9, 1, 'Ligadura modular verde musgo', 'Verde musgo\r', '1000 und', 496, 30),
(1304, '7895742042844', 9, 9, 'Ligadura modular azul', 'Azul\r', '1000 und', 496, 30),
(1305, '7895742042868', 9, 1, 'Ligadura modular vermelho', 'Vermelho\r', '1000 und', 496, 30),
(1306, '7895742042875', 9, 0, 'Ligadura modular preto', 'Preto\r', '1000 und', 496, 30),
(1307, '7895742042882', 9, 1, 'Ligadura modular rosa', 'Rosa\r', '1000 und', 496, 30),
(1308, '7895742042899', 9, 1, 'Ligadura modular roxo', 'Roxo\r', '1000 und', 496, 30),
(1309, '7895742042912', 9, 9, 'Ligadura modular verde mar', 'Verde mar\r', '1000 und', 496, 30),
(1310, '7895742042929', 9, 10, 'Ligadura modular azul marinho', 'Azul marinho\r', '1000 und', 496, 30),
(1311, '7895742042943', 9, 9, 'Ligadura modular prata', 'Prata\r', '1000 und', 496, 30),
(1312, '7895742043124', 8, 3, 'Elástico rotador prata', 'Prata\r', '100 und', 701, 30),
(1313, '7895742043155', 11.5, 3, 'Fio vareta standard de aço 0.14', '\r', '20 und', 697, 30),
(1314, '7895742043162', 11.5, 1, 'Fio vareta standard de aço 0.16', '\r', '20 und', 697, 30),
(1315, '7895742043179', 11.5, 9, 'Fio vareta standard de aço 0.18', '\r', '20 und', 697, 30),
(1316, '7895742043186', 11.5, 8, 'Fio vareta standard de aço  0.20', '\r', '20 und', 697, 30),
(1317, '7895742044190', 14, 19, 'Gancho ponta bola reto', '\r', '10 und', 529, 30),
(1318, '7895742044275', 39.5, 1, 'Gurin com gancho direito fechado', '\r', '10 und', 709, 30),
(1319, '7895742044282', 39.5, 1, 'Gurin com gancho esquerdo fechado', '\r', '10 und', 709, 30),
(1320, '7895742044367', 57, 2, 'Template cefalométrico benvenga', '\r', '1 und', 710, 30),
(1321, '7895742045081', 16, 10, 'Reposiçáo metalico roth light peça 13 com 13° .022\"', '\r', '10 und', 707, 30),
(1322, '7895742045098', 16, 10, 'Reposição metalico roth light peça 13 com 13° .022\"', '\r', '10 und', 707, 30),
(1323, '7895742045104', 16, 9, 'Reposição metalico roth light peça 23 com 13° .022\"', '\r', '10 und', 707, 30),
(1324, '7895742045135', 16, 12, 'Reposição metalico roth light peça 23 com 9° .022\"', '\r', '10 und', 707, 30),
(1325, '7895742045142', 16, 10, 'Reposição metalico roth light peça 13 com 9° .022\"', '\r', '10 und', 707, 30),
(1326, '7895742045173', 16, 4, 'Reposição metalico roth light peça 43 .022\"', '\r', '10 und', 707, 30),
(1327, '7895742045180', 16, 7, 'Reposição metalico roth light peça 33 .022\"', '\r', '10 und', 707, 30),
(1328, '7895742045210', 48.5, 9, 'Pinça para braquetes', '\r', '1 und', 642, 30),
(1329, '7895742045333', 28, 2, 'Lâmina para destacador', '\r', '2 und', 711, 30),
(1330, '7895742045340', 42, 1, 'Destacador para tampa do tubo conversíve', '\r', '1', 711, 30),
(1331, '7895742045357', 33.5, 1, 'Estrela de boone (marcador de bandas tipo estrela (3.5mm 5.0mm)', '\r', '1 und', 645, 30),
(1332, '7895742048303', 8.5, 11, 'Elástico separador a granel azul claro', 'Azul claro\r', '1000 und', 691, 30),
(1333, '7895742049263', 16, 7, 'Reposição metalico roth light peça 15/14 .022\"', '\r', '10 und', 707, 30),
(1334, '7895742049270', 16, 5, 'Reposição metalico roth light peça 24/25 .022\"', '\r', '10 und', 707, 30),
(1335, '7895742049317', 16, 8, 'Reposição metalico roth light peça 34 .022\"', '\r', '10 und', 707, 30),
(1336, '7895742049324', 16, 6, 'Reposição metalico roth light peça 44 .022\"', '\r', '10 und', 707, 30),
(1337, '7895742049331', 16, 5, 'Reposição metalico roth light peça 45 .022\"', '\r', '10 und', 707, 30),
(1338, '7895742049348', 16, 4, 'Reposição metalico roth light peça 35 .022\"', '\r', '10 und', 707, 30),
(1339, '7895742049461', 29, 13, 'Braquetes metalico roth light 13° .022\"', 'Roth 2\r', '1 caso', 517, 30),
(1340, '7895742049485', 29, 15, 'Braquetes metalico roth light 9° .022', 'Roth 2\r', '1 Casos', 517, 30),
(1341, '7895742055882', 14, 0, 'Elástico separador modular verde', 'Verde\r', '500 und', 691, 30),
(1342, '7895742055899', 13, 0, 'Elastico separador modular azul claro', 'Azul claro\r', '500 und', 691, 30),
(1343, '7895742057183', 9, 9, 'Ligadura modular sortido', 'Sortido\r', '1000 und', 496, 30),
(1344, '7895742057671', 30, 0, 'Dobrador de fio na distal fechado', '\r', '1 und', 712, 30),
(1345, '7895742061760', 37, 10, 'Braquetes metalico roth nickel free 13° .022\"', 'Especial\r', '1 caso', 517, 30),
(1346, '7895742064266', 10.5, 6, 'Expansor universal abertura 7mm', '\r', '1 und', 692, 30),
(1347, '7895742064303', 10.5, 3, 'Expansor mini abertura 6.5mm', '\r', '1 und', 692, 30),
(1348, '7895742072100', 50.5, 1, 'Pinça para tubos', '\r', '1 und', 643, 30),
(1349, '7895742072384', 29, 3, 'Braquetes policarbonato roth composite .022\"', '\r', '1 Casos', 713, 30),
(1350, '7895742072391', 15, 1, 'Reposição composite roth peça 11 .022\"', '\r', '10 und', 714, 30),
(1351, '7895742072407', 15, 1, 'Reposição composite roth peça 21 .022\"', '\r', '10 und', 714, 30),
(1352, '7895742072414', 15, 1, 'Reposição composite roth peça 12 .022\"', '\r', '10 und', 714, 30),
(1353, '7895742072421', 15, 1, 'Reposição composite roth peça 22 .022\"', '\r', '10 und', 714, 30),
(1354, '7895742072438', 15, 1, 'Reposição composite roth peça 13 .022\"', '\r', '10 und', 714, 30),
(1355, '7895742072445', 15, 1, 'Reposição composite roth peça 23 .022\"', '\r', '10 und', 714, 30),
(1356, '7895742072452', 15, 2, 'Reposição composite roth peça 15/14 .022\"', '\r', '10 und', 714, 30),
(1357, '7895742072469', 15, 2, 'Reposição composite roth peça 24/25 .022\"', '\r', '10 und', 714, 30),
(1358, '7895742072476', 15, 1, 'Reposição composite roth peça 31/32/42/41 .022\"', '\r', '10 und', 714, 30),
(1359, '7895742072483', 15, 1, 'Reposição composite roth peça 43 .022\"', '\r', '10 und', 714, 30),
(1360, '7895742072490', 15, 1, 'Reposição composite roth peça 33 .022\"', '\r', '10 und', 714, 30),
(1361, '7895742072506', 15, 1, 'Reposição composite roth peça 44 .022\"', '\r', '10 und', 714, 30),
(1362, '7895742072513', 15, 1, 'Reposição composite roth peça 34 .022\"', '\r', '10 und', 714, 30),
(1363, '7895742072520', 15, 1, 'Reposição composite roth peça 45 composite', '\r', '10 und', 714, 30),
(1364, '7895742072537', 15, 1, 'Reposição composite roth peca 35 .022\"', '\r', '10 und', 714, 30),
(1365, '7895742077204', 6.5, 10, 'Ligadura bengalinha verde limäo cristal', 'Verde limäo cristal\r', '1000 und', 690, 30),
(1366, '7895742077211', 6.5, 8, 'Ligadura bengalinha vermelho cristal', 'Vermelho cristal\r', '1000 und', 690, 30),
(1367, '7895742077228', 6.5, 12, 'Ligadura bengalinha larnaja cristal', 'Laranja crisatal\r', '1000 und', 690, 30),
(1368, '7895742077235', 6.5, 12, 'Ligadura bengalinha verde cristal', 'Verde cristal\r', '1000 und', 690, 30),
(1369, '7895742077242', 6.5, 21, 'Ligadura bengalinha azul cristal', 'Azul crisatal\r', '1000 und', 690, 30),
(1370, '7895742077303', 9, 1, 'Ligadura modular verde limäo cristal', 'Verde limäo cristal\r', '1000 und', 496, 30),
(1371, '7895742077310', 9, 1, 'Ligadura modular vermelho cristal', 'Vermelho cristal\r', '1000 und', 496, 30),
(1372, '7895742077327', 9, 1, 'Ligadura modular laranja crisatal', 'Laranja crisatal\r', '1000 und', 496, 30),
(1373, '7895742077334', 9, 2, 'Ligadura modular verde cristal', 'Verde cristal\r', '1000 und', 496, 30),
(1374, '7895742077358', 10, 2, 'Elástico corrente curto verde limäo cristal', 'Verde limäo cristal\r', '1.5 m', 497, 30),
(1375, '7895742077365', 10, 11, 'Elástico corrente curto vermelho cristal', 'Vermelho cristal\r', '1.5 m', 497, 30),
(1376, '7895742077372', 10, 3, 'Elástico corrente curto laranja cristal', 'Laranja crisatal\r', '1.5 m', 497, 30),
(1377, '7895742077389', 10, 2, 'Elástico corrente curto verde cristal', 'Verde cristal\r', '1.5 m', 497, 30),
(1378, '7895742077402', 10, 2, 'Elástico corrente medio verde limäo cristal', 'Verde limäo cristal\r', '1.5 m', 497, 30),
(1379, '7895742077419', 10, 2, 'Elástico corrente medio vermelho cristal', 'Vermelho cristal\r', '1.5 m', 497, 30),
(1380, '7895742077426', 10, 4, 'Elástico corrente medio laranja cristal', 'Laranja crisatal\r', '1.5 m', 497, 30),
(1381, '7895742077433', 10, 9, 'Elástico corrente medio verde cristal', 'Verde cristal\r', '1.5 m', 497, 30),
(1382, '7895742077457', 10, 1, 'Elástico corrente longo verde limäo cristal', 'Verde limäo cristal\r', '1.5 m', 497, 30),
(1383, '7895742077464', 10, 1, 'Elástico corrente longo vermelho cristal', 'Vermelho cristal\r', '1.5 m', 497, 30),
(1384, '7895742077471', 10, 1, 'Elástico corrente longo laranja cristal', 'Laranja crisatal\r', '1.5 m', 497, 30),
(1385, '7895742077488', 10, 1, 'Elástico corrente longo verde cristal', 'Verde cristal\r', '1.5 m', 497, 30),
(1386, '7895742077792', 45, 1, 'Fio tma timo 0.12', '\r', '10 und', 715, 30),
(1387, '7895742077815', 45, 1, 'Fio tma timo 0.16', '\r', '10 und', 715, 30),
(1388, '7895742077921', 6.5, 10, 'Ligadura bengalinha marfil', 'Marfim\r', '1000 und', 690, 30),
(1389, '7895742077945', 9, 1, 'Ligadura modular marfilm', 'Marfim\r', '1000 und', 496, 30),
(1390, '7895742077952', 10, 2, 'Elástico corrente curto marfilm', 'Marfim\r', '1.5 m', 497, 30),
(1391, '7895742077969', 10, 3, 'Elástico corrente medio marfim', 'Marfim\r', '1.5 m', 497, 30),
(1392, '7895742077976', 10, 1, 'Elástico corrente longo marfilm', 'Marfim\r', '1.5 m', 497, 30),
(1393, '7895742081454', 33.5, 1, 'Pinça plic', '\r', '1 und', 716, 30),
(1394, '7895742083410', 28, 2, 'Afastador labial aste metalica tamanho pequeno', '\r', '2 und', 579, 30),
(1395, '7895742083427', 28, 2, 'Afastador labial aste metalica tamanho grande', '\r', '2 und', 579, 30),
(1396, '7895742086442', 19.5, 0, 'Sputnik dobrador de amarrilho', '\r', '1 und', 646, 30),
(1397, '7895742086633', 10, 17, 'Moldeira para impressão n°1', '\r', '2 und Sup e Inf', 717, 30),
(1398, '7895742086640', 10, 9, 'Moldeira para impressão n°2', '\r', '2 und Sup e Inf', 717, 30),
(1399, '7895742086657', 10, 14, 'Moldeira para impressão n°3', '\r', '2 und Sup e Inf', 717, 30),
(1400, '7895742086664', 10, 7, 'Moldeira para impressão n°4', '\r', '2 und Sup e Inf', 717, 30),
(1401, '7895742086671', 10, 15, 'Moldeira para impressão n°5', '\r', '2 und Sup e Inf', 717, 30),
(1402, '7895742086688', 10, 10, 'Moldeira para impressão n°6', '\r', '2 und Sup e Inf', 717, 30),
(1403, '7895742086695', 10, 15, 'Moldeira para impressão n°7', '\r', '2 und Sup e Inf', 717, 30),
(1404, '7895742086701', 10, 19, 'Moldeira para impressão n°8', '\r', '2 und Sup e Inf', 717, 30),
(1405, '7895742097752', 37, 2, 'Adesivo orthoprimer', '\r', '5 ml', 718, 30),
(1406, '7895742100421', 17.5, 3, 'Expansor unilateral abertura 6,5mm', '\r', '1 und', 692, 30),
(1407, '7895742101145', 20, 2, 'Afastador labial tamanho pequeno', '\r', '2 und', 579, 30),
(1408, '7895742101176', 20, 1, 'Afastador labial tamanho grande', '\r', '2 und', 577, 30),
(1409, '7895742108236', 13, 6, 'Reposição metalico roth max peça 11 .022\"', '\r', '10 und', 719, 30),
(1410, '7895742108243', 13, 9, 'Reposição metalico roth max peça 21 .022\"', '\r', '10 und', 719, 30),
(1411, '7895742108250', 13, 12, 'Reposição metalico roth max peça 12 .022\"', '\r', '10 und', 719, 30),
(1412, '7895742108267', 13, 9, 'Reposição metalico roth max peça 22 .022\"', '\r', '10 und', 719, 30),
(1413, '7895742108281', 16, 16, 'Reposição metalico roth max peça 13 com 13° .022\"', '\r', '10 und', 719, 30),
(1414, '7895742108304', 16, 15, 'Reposição metalico roth max peça 23 com 13° .022\"', '\r', '10 und', 719, 30),
(1415, '7895742108328', 16, 11, 'Reposição metalico roth max peça 13 com 9° .022\"', '\r', '10 und', 719, 30),
(1416, '7895742108342', 16, 6, 'Reposição metalico roth max peça 23 com 9° .022\"', '\r', '10 und', 719, 30),
(1417, '7895742108366', 16, 10, 'Reposição metalico roth max peça 15/14 .022\"', '\r', '10 und', 719, 30),
(1418, '7895742108380', 16, 14, 'Reposição metalico roth max peça 24/25 .022\"', '\r', '10 und', 719, 30),
(1419, '7895742108397', 13, 11, 'Reposição metalico roth max peça 31/32/42/41 .022\"', '\r', '10 und', 719, 30),
(1420, '7895742108410', 16, 6, 'Reposição metalico roth max peça 43 .022\"', '\r', '10 und', 719, 30),
(1421, '7895742108434', 16, 9, 'Reposição metalico roth max peça 33 .022\"', '\r', '10 und', 719, 30),
(1422, '7895742108458', 16, 10, 'Reposição metalico roth max peça 44 .022\"', '\r', '10 und', 719, 30),
(1423, '7895742108472', 16, 14, 'Reposição metalico roth max peça 34 .022\"', '\r', '10 und', 719, 30),
(1424, '7895742108496', 16, 10, 'Reposição metalico roth max peça 45 .022\"', '\r', '10 und', 719, 30),
(1425, '7895742108519', 16, 6, 'Reposição metalico roth max peça 35 .022\"', '\r', '10 und', 719, 30),
(1426, '7895742108649', 29, 19, 'Braquetes metalico roth max 9° .022\"', 'Roth \r', '1 caso', 517, 30),
(1427, '7895742113001', 10, 9, 'Elástico corrente curto vermelho', 'Vermelho\r', '1.5 m', 497, 30),
(1428, '7895742113018', 10, 3, 'Elástico corrente curto rosa', 'Rosa\r', '1.5 m', 497, 30),
(1429, '7895742113025', 10, 11, 'Elástico corrente curto azul cristal', 'Azul crisatal\r', '1.5 m', 497, 30),
(1430, '7895742113032', 10, 5, 'Elástico corrente curto pink cristal', 'Pink crisatal\r', '1.5 m', 497, 30),
(1431, '7895742113049', 10, 9, 'Elástico corrente medio vermelho', 'Vermelho\r', '1.5 m', 497, 30),
(1432, '7895742113056', 10, 2, 'Elástico corrente medio rosa', 'Rosa\r', '1.5 m', 497, 30),
(1433, '7895742113063', 10, 2, 'Elástico corrente medio azul cristal', 'Azul crisatal\r', '1.5 m', 497, 30),
(1434, '7895742113070', 10, 9, 'Elástico corrente medio pink cristal', 'Pink crisatal\r', '1.5 m', 497, 30),
(1435, '7895742113087', 10, 1, 'Elástico corrente longo vermelho', 'Vermelho\r', '1.5 m', 497, 30),
(1436, '7895742113094', 10, 10, 'Elástico corrente longo rosa', 'Rosa\r', '1.5 m', 497, 30),
(1437, '7895742113100', 10, 9, 'Elástico corrente longo azul cristal', 'Azul crisatal\r', '1.5 m', 497, 30),
(1438, '7895742113117', 10, 10, 'Elástico corrente longo pink cristal', 'Pink crisatal\r', '1.5 m', 497, 30),
(1439, '7895742116125', 10.19, 1, 'Chave ortodontica haste longa para ativacao de expansor', 'Especial\r', '5 und', 693, 30),
(1440, '7895742116446', 9, 10, 'Ligadura modular rosa bebe', 'Rosa bebe\r', '1000 und', 496, 30),
(1441, '7895742116460', 9, 1, 'Ligadura modular vinho', 'Vinho\r', '100 und', 496, 30),
(1442, '7895742116484', 9, 1, 'Ligadura modular verde perola', 'Verde perola\r', '1000 und', 496, 30),
(1443, '7895742116507', 9, 1, 'Ligadura modular rosa perola', 'Rosa perola\r', '1000 und', 496, 30),
(1444, '7895742116514', 9, 0, 'Ligadura modular azul crisatal', 'Azul crisatal\r', '1000 und', 496, 30),
(1445, '7895742116521', 9, 9, 'Ligadura modular pink crisatal', 'Pink crisatal\r', '1000 und', 496, 30),
(1446, '7895742116552', 6.5, 11, 'Ligadura bengalinha vinho', 'Vinho\r', '1000 und', 690, 30),
(1447, '7895742116576', 6.5, 11, 'Ligadura bengalinha verde perola', 'Verde perola\r', '1000 und', 690, 30),
(1448, '7895742116590', 6.5, 10, 'Ligadura bengalinha rosa perola', 'Rosa perola\r', '1000 und', 690, 30),
(1449, '7895742117085', 6.5, 7, 'Ligadura bengalinha pink cristal', 'Pink crisatal\r', '1000 und', 690, 30),
(1450, '7895742133436', 8.5, 7, 'Elástico intra oral 1/4 leve', '\r', '1000 und', 511, 30),
(1451, '7895742133443', 10.5, 9, 'Elástico intra oral 5/16 leve', '\r', '1000 und', 511, 30),
(1452, '7895742133450', 13, 5, 'Elástico intra oral 3/8 leve', '\r', '1000 und', 511, 30),
(1453, '7895742133467', 6.5, 30, 'Elástico intra oral 1/8 media', '\r', '1000 und', 511, 30),
(1454, '7895742133474', 7.5, 12, 'Elástico intra oral 3/16 media', '\r', '1000 und', 511, 30),
(1455, '7895742133504', 13, 5, 'Elástico intra oral 3/8 medio', '\r', '1000 und', 511, 30),
(1456, '7895742133511', 6.5, 14, 'Elástico intra oral 1/8 pesado', '\r', '1000 und', 511, 30),
(1457, '7895742133528', 7.5, 7, 'Elástico intra oral 3/16 pesado', '\r', '1000 und', 511, 30),
(1458, '7895742133535', 8.5, 12, 'Elástico intra oral 1/4 pesado', '\r', '1000 und', 511, 30),
(1459, '7895742133542', 10.5, 17, 'Elástico intra oral 5/16 pesodo', '\r', '1000 und', 511, 30),
(1460, '7895742133658', 14, 7, 'Stop para arcos retangulares', '\r', '10 und', 528, 30),
(1461, '7895742134624', 22.5, 3, 'Gurin haste longa com gancho direito', '\r', '5 und', 720, 30),
(1462, '7895742134648', 22.5, 3, 'Gurin haste longa com gancho esquerdo', '\r', '5 und', 720, 30),
(1463, '7895742136789', 8.5, 5, 'Elástico intra oral 3/4 medio', '\r', '1000 und', 511, 30),
(1464, '7895742138448', 22, 2, 'Fio meia cana 2.00 x 1.00', '\r', '5 m', 721, 30),
(1465, '7895742138455', 22, 2, 'Fio meia cana 1.75 x 0.875', '\r', '5 m', 721, 30),
(1466, '7895742138462', 22, 2, 'Fio meia cana 1.50 x 0.75', '\r', '5 m', 721, 30),
(1467, '7895742138479', 22, 2, 'Fio meia cana 1.30 x 0.65', '\r', '5 m', 721, 30),
(1468, '7895742139377', 8, 12, 'Protetor de fio cristal (spaghetti) .022\"', '\r', '1.5 m', 722, 30),
(1469, '7895742139384', 8, 19, 'Protetor de fio cor cinza (spaghetti) .022\"', '\r', '1.5 m', 722, 30),
(1470, '7895742152116', 32, 2, 'Braquetes metalico roth light 13° clase 3 .022\"', 'Roth 2\r', '1 caso', 517, 30),
(1471, '7895742154097', 10, 10, 'Elástico corrente curto azul bebe', 'Azul bebe\r', '1.5 m', 497, 30),
(1472, '7895742154103', 10, 8, 'Elástico corrente curto azul', 'Azul\r', '1.5 m', 497, 30),
(1473, '7895742154110', 10, 8, 'Elástico corrente curto preto', 'Preto\r', '1.5 m', 497, 30),
(1474, '7895742154127', 10, 6, 'Elástico corrente curto verde mar', 'Verde mar\r', '1.5 m', 497, 30),
(1475, '7895742154134', 10, 13, 'Elástico corrente curto prata', 'Prata\r', '1.5 m', 497, 30),
(1476, '7895742154141', 10, 6, 'Elástico corrente curto rosa bebe', 'Rosa bebe\r', '1.5 m', 497, 30),
(1477, '7895742154158', 10, 2, 'Elástico corrente curto rosa perola', 'Rosa perola\r', '1.5 m', 497, 30),
(1478, '7895742154165', 10, 4, 'Elástico corrente medio azul bebe', 'Azul bebe\r', '1.5 m', 497, 30),
(1479, '7895742154172', 10, 7, 'Elástico corrente medio azul', 'Azul\r', '1.5 m', 497, 30),
(1480, '7895742154189', 10, 8, 'Elástico corrente medio preto', 'Preto\r', '1.5 m', 497, 30),
(1481, '7895742154196', 10, 8, 'Elástico corrente medio verde mar', 'Verde mar\r', '1.5 m', 497, 30),
(1482, '7895742154202', 10, 8, 'Elástico corrente medio prata', 'Prata\r', '1.5 m', 497, 30),
(1483, '7895742154219', 10, 11, 'Elástico corrente medio rosa bebe', 'Rosa bebe\r', '1.5 m', 497, 30),
(1484, '7895742154226', 10, 6, 'Elástico corrente medio rosa perola', 'Rosa perola\r', '1.5 m', 497, 30),
(1485, '7895742154233', 10, 11, 'Elástico corrente longo azul bebe', 'Azul bebe\r', '1.5 m', 497, 30),
(1486, '7895742154240', 10, 8, 'Elástico corrente longo azul', 'Azul\r', '1.5 m', 497, 30),
(1487, '7895742154257', 10, 10, 'Elástico corrente longo preto', 'Preto\r', '1.5 m', 497, 30),
(1488, '7895742154264', 10, 6, 'Elástico corrente longo verde mar', 'Verde mar\r', '1.5 m', 497, 30),
(1489, '7895742154271', 10, 11, 'Elástico corrente longo prata', 'Prata\r', '1.5 m', 497, 30),
(1490, '7895742154288', 10, 11, 'Elástico corrente longo rosa bebe', 'Rosa bebe\r', '1.5 m', 497, 30),
(1491, '7895742154295', 10, 9, 'Elástico corrente longo rosa perola', 'Rosa perola\r', '1.5 m', 497, 30),
(1492, '7895742154790', 11.5, 20, 'Gancho ponta bola universal', 'Especial\r', '10 und', 529, 30),
(1493, '7895742157685', 28.5, 9, 'Tubo roth cola duplo peça 16', '\r', '10 und', 525, 30),
(1494, '7895742157692', 28.5, 6, 'Tubo roth cola duplo peça 26', '\r', '10 und', 525, 30),
(1495, '7895742158194', 29, 8, 'Braquetes metalico roth max 13° .022\"', 'Roth \r', '1 caso', 517, 30),
(1496, '7895742158453', 32, 0, 'Caixa de aparelho movel de bolso cor  azul', '\r', '10 und', 723, 30),
(1497, '7895742159139', 7, 11, 'Botão lingual composite colagem', '\r', '10 und', 532, 30),
(1498, '7895742160814', 34, 2, 'Gurin sem gancho com  slotr aberto', '\r', '10 und', 704, 30),
(1499, '7895742160821', 39.5, 1, 'Gurin com gancho direito aberto', '\r', '10 und', 709, 30),
(1500, '7895742160838', 39.5, 1, 'Gurin com gancho esquerdo aberto', '\r', '10 und', 709, 30),
(1501, '7895742161187', 11.7, 22, 'Arco niti termo g 0.14', '\r', '10 und', 607, 30),
(1502, '7895742161194', 11.7, 18, 'Arco niti termo g 0.16', '\r', '10 und', 607, 30),
(1503, '7895742161200', 11.7, 10, 'Arco niti termo g 0.18', '\r', '10 und', 607, 30),
(1504, '7895742161217', 11.7, 15, 'Arco niti termo g 0.20', '\r', '10 und', 607, 30),
(1505, '7895742161224', 20.2, 11, 'Arco niti termo m 0.16 x 0.16', '\r', '10 und', 608, 30),
(1506, '7895742161231', 20.2, 12, 'Arco niti termo m 0.16 x 0.22', '\r', '10 und', 608, 30),
(1507, '7895742161248', 20.2, 25, 'Arco niti termo m 0.17 x 0.25', '\r', '10 und', 608, 30),
(1508, '7895742161255', 20.2, 4, 'Arco niti termo g 0.16 x 0.16', '\r', '10 und', 608, 30),
(1509, '7895742161262', 20.2, 16, 'Arco niti termo g 0.16 x 0.22', '\r', '10 und', 608, 30),
(1510, '7895742161279', 20.2, 28, 'Arco niti termo g 0.17 x 0.25', '\r', '10 und', 608, 30),
(1511, '7895742161286', 20.2, 10, 'Arco niti termo g 0.18 x 0.25', '\r', '10 und', 608, 30),
(1512, '7895742161293', 20.2, 19, 'Arco niti termo g 0.19 x 0.25', '\r', '10 und', 608, 30),
(1513, '7895742161309', 20.2, 8, 'Arco niti termo g 0.21 x 0.25', '\r', '10 und', 608, 30),
(1514, '7895742161316', 11.7, 16, 'Arco niti termo m 0.14', '\r', '10 und', 607, 30),
(1515, '7895742161323', 11.7, 13, 'Arco niti termo m 0.16', '\r', '10 und', 607, 30),
(1516, '7895742161330', 11.7, 22, 'Arco niti termo m 0.18', '\r', '10 und', 607, 30),
(1517, '7895742161347', 11.7, 16, 'Arco niti termo m 0.20', '\r', '10 und', 607, 30),
(1518, '7895742161354', 20.2, 18, 'Arco niti termo m 0.18 x 0.25', '\r', '10 und', 608, 30),
(1519, '7895742161361', 20.2, 19, 'Arco niti termo m 0.19 x 0.25', '\r', '10 und', 608, 30),
(1520, '7895742161378', 20.2, 10, 'Arco niti termo m 0.21 x 0.25', '\r', '10 und', 608, 30),
(1521, '7895742166069', 31.5, 12, 'Stop e guia de mordida', '\r', '10 und', 527, 30),
(1522, '7895742167462', 9, 1, 'Tala ortodonitca para tracionador', '\r', '1 und', 724, 30),
(1523, '7895742169701', 13.5, 11, 'Stop para arcos redondos', '\r', '25 und', 725, 30),
(1524, '7895742171735', 54, 9, 'Miniparafuso 1.5 x 8 mm e 1mm transmucosa', '\r', '2 und', 726, 30),
(1525, '7895742171780', 54, 7, 'Miniparafuso 1.5 x 6 mm e 1mm transmucosa', '\r', '2 und', 726, 30),
(1526, '7895742171803', 54, 12, 'Miniparafuso 1.5 x 6 mm transmucosa 2mm', '\r', '2 und', 726, 30),
(1527, '7895742171810', 54, 11, 'Miniparafuso 1.5 x 8 mm e 2mm transmucosa', '\r', '2 und', 726, 30),
(1528, '7895742171827', 30, 11, 'Mola niti fechada mini parafuso 7mm com elos', 'Especial\r', '4 und', 604, 30),
(1529, '7895742171834', 30, 3, 'Mola niti fechada mini parafuso 9mm com elos', 'Especial\r', '4 und', 604, 30),
(1530, '7895742171841', 30, 5, 'Mola niti fechada mini parafuso 12mm com elos', 'Especial\r', '4 und', 604, 30),
(1531, '7895742171858', 30, 6, 'Mola niti fechada mini parafuso 15mm com elos', 'Especial\r', '4 und', 604, 30),
(1532, '7895742171971', 54, 20, 'Miniparafuso 1.5 x 10 mm e 2mm transmucosa', '\r', '2 und', 726, 30),
(1533, '7895742172626', 11.7, 18, 'Arco niti termo g 0.12', '\r', '10 und', 607, 30),
(1534, '7895742172633', 11.7, 18, 'Arco niti termo m 0.12', '\r', '10 und', 607, 30),
(1535, '7895742175917', 10.5, 9, 'Tubo solda lingual', '\r', '10 und', 727, 30),
(1536, '7895742180140', 480, 1, 'Kit de ferramentas para miniparafuso ortodontico', 'Espesial 3\r', '1 und', 728, 30),
(1537, '7895742181482', 18, 6, 'Ponta lança para miniparafuso 60mm', '\r', '1 und', 728, 30),
(1538, '7895742181499', 18, 4, 'Chave hexagonal haste longa miniparafuso', 'Especial\r', '1 und', 728, 30),
(1539, '7895742181505', 18, 3, 'Chave hexagonal haste curta miniparafuso', 'Espesial 2\r', '1 und', 728, 30),
(1540, '7895742181512', 18, 4, 'Chave hexagonal digital 25mm miniparafus', 'Espacial 4\r', '1 und', 728, 30),
(1541, '7895742187675', 29, 5, 'Braquetes metalico mbt max .022\"', 'Mbt\r', '1 caso', 517, 30),
(1542, '7895742188092', 6.5, 19, 'Ligadura bengalinha branco renda', 'Branco renda\r', '1000 und', 690, 30),
(1543, '7895742188528', 2184, 0, 'Braquetes metalico roth max 13° .022\"', 'Roth \r', '100 Casos', 517, 30),
(1544, '7895742188566', 6.5, 11, 'Ligadura bengalinha lilas', 'Lilas\r', '1000 und', 690, 30),
(1545, '7895742188573', 6.5, 16, 'Ligadura bengalinha sortido cristal', 'Sortido cristal\r', '1000 und', 690, 30),
(1546, '7895742188580', 9, 10, 'Ligadura modular branco renda', 'Branco renda\r', '1000 und', 496, 30),
(1547, '7895742188597', 9, 1, 'Ligadura modular lilas', 'Lilas\r', '1000 und', 496, 30),
(1548, '7895742188603', 9, 1, 'Ligadura modular sortido cristal', 'Sortido cristal\r', '1000 und', 496, 30),
(1549, '7895742188610', 10, 1, 'Elástico corrente curto verde musgo', 'Verde musgo\r', '1.5 m', 497, 30),
(1550, '7895742188627', 10, 8, 'Elástico corrente curto branco renda', 'Branco renda\r', '1.5 m', 497, 30),
(1551, '7895742188634', 10, 5, 'Elástico corrente curto lilas', 'Lilas\r', '1.5 m', 497, 30),
(1552, '7895742188641', 10, 2, 'Elástico corrente curto amrelo', 'Amarelo\r', '1.5 m', 497, 30),
(1553, '7895742188658', 10, 7, 'Elástico corrente curto azul marinho', 'Azul marinho\r', '1.5 m', 497, 30),
(1554, '7895742188665', 10, 12, 'Elástico corrente curto roxo', 'Roxo\r', '1.5 m', 497, 30),
(1555, '7895742188672', 10, 2, 'Elástico corrente curto verde perola', 'Verde perola\r', '1.5 m', 497, 30),
(1556, '7895742188689', 10, 2, 'Elástico corrente curto vinho', 'Vinho\r', '1.5 m', 497, 30),
(1557, '7895742188696', 10, 5, 'Elástico corrente medio verde musgo', 'Verde musgo\r', '1.5 m', 497, 30),
(1558, '7895742188702', 10, 11, 'Elástico corrente medio branco renda', 'Branco renda\r', '1.5 m', 497, 30),
(1559, '7895742188719', 10, 9, 'Elástico corrente medio lilas', 'Lilas\r', '1.5 m', 497, 30),
(1560, '7895742188726', 10, 4, 'Elástico corrente medio amarelo', 'Amarelo\r', '1.5 m', 497, 30),
(1561, '7895742188733', 10, 4, 'Elástico corrente medio azul marinho', 'Azul marinho\r', '1.5 m', 497, 30),
(1562, '7895742188740', 10, 5, 'Elástico corrente medio roxo', 'Roxo\r', '1.5 m', 497, 30),
(1563, '7895742188757', 10, 5, 'Elástico corrente medio verde perola', 'Verde perola\r', '1.5 m', 497, 30),
(1564, '7895742188764', 10, 5, 'Elástico corrente medio vinho', 'Vinho\r', '1.5 m', 497, 30),
(1565, '7895742188771', 10, 2, 'Elástico corrente longo verde musgo', 'Verde musgo\r', '1.5 m', 497, 30),
(1566, '7895742188788', 10, 9, 'Elástico corrente longo branco renda', 'Branco renda\r', '1.5 m', 497, 30),
(1567, '7895742188795', 10, 8, 'Elástico corrente longo lilas', 'Lilas\r', '1.5 m', 497, 30),
(1568, '7895742188801', 10, 0, 'Elástico corrente longo amarelo', 'Amarelo\r', '1.5 m', 497, 30),
(1569, '7895742188818', 10, 9, 'Elástico corrente longo azul marinho', 'Azul marinho\r', '1.5 m', 497, 30),
(1570, '7895742188825', 10, 9, 'Elástico corrente longo roxo', 'Roxo\r', '1.5 m', 497, 30),
(1571, '7895742188832', 10, 1, 'Elástico corrente longo verde perola', 'Verde perola\r', '1.5 m', 497, 30),
(1572, '7895742188849', 10, 2, 'Elástico corrente longo vinho', 'Vinho\r', '1.5 m', 497, 30),
(1573, '7895742190095', 119, 4, 'Chave de mão para miniparafuso', 'Especial 5\r', '1 und', 728, 30),
(1574, '7895742191559', 26.5, 4, 'Cera protetora pacote', '\r', '10 und', 729, 30),
(1575, '7895742195496', 24.5, 8, 'Tubo mbt cola simple peça 16/17', '\r', '10 und', 730, 30),
(1576, '7895742195502', 24.5, 8, 'Tubo mbt cola simple peça 26/27', '\r', '10 und', 730, 30),
(1577, '7895742195526', 24.5, 6, 'Tubo mbt cola simple peça 46/47/36/37', '\r', '10 und', 730, 30),
(1578, '7895742197087', 39, 2, 'Mascara para tração reversa azul', '\r', '1 und', 731, 30),
(1579, '7895742197094', 39, 1, 'Mascara para tração reversa rosa', '\r', '1 und', 731, 30),
(1580, '7895742197629', 12, 0, 'Banda pre-molar n°14', '\r', '10 und', 732, 30),
(1581, '7895742197643', 12, 0, 'Banda pre-molar n°16', '\r', '10 und', 732, 30),
(1582, '7895742197681', 12, 4, 'Banda pre-molar n° 20', '\r', '10 und', 732, 30),
(1583, '7895742197698', 12, 1, 'Banda pre-molar n° 21', '\r', 'Pre-Molar', 732, 30),
(1584, '7895742197704', 12, 5, 'Banda pre-molar n° 22', '\r', '10 Und', 732, 30),
(1585, '7895742197711', 12, 1, 'Banda pre-molar n° 23', '\r', '10 und', 732, 30),
(1586, '7895742197728', 12, 5, 'Banda pre-molar n° 24', '\r', '10 und', 732, 30),
(1587, '7895742197735', 12, 5, 'Banda pre-molar n° 25', '\r', '10 und', 732, 30),
(1588, '7895742197742', 12, 5, 'Banda pre-molar n° 26', '\r', '10 und', 732, 30),
(1589, '7895742197759', 12, 5, 'Banda pre-molar n° 27', '\r', '', 732, 30),
(1590, '7895742197766', 12, 5, 'Banda pre-molar n° 28', '\r', '10 und', 732, 30),
(1591, '7895742197773', 12, 5, 'Banda pre-molar n° 29', '\r', '', 732, 30),
(1592, '7895742197780', 12, 5, 'Banda pre-molar n° 30', '\r', '10 und', 732, 30),
(1593, '7895742197797', 12, 1, 'Banda pre-molar n° 31', '\r', '10 und', 732, 30),
(1594, '7895742197803', 12, 1, 'Banda pre-molar n° 32', '\r', '10 und', 732, 30),
(1595, '7895742197810', 10, 10, 'Mini esporão educador lingual', '\r', '10 und', 733, 30),
(1596, '7895742198220', 32.5, 6, 'Reposição ceramico roth ceramic peça 11 .022\"', '\r', '5 und', 515, 30),
(1597, '7895742199067', 26.1, 5, 'Arco curva reversa g 0.20', '\r', '10 und', 609, 30),
(1598, '7895742199074', 26.1, 6, 'Arco curva reversa m 0.20', '\r', '10 und', 609, 30),
(1599, '7895742201098', 32.5, 5, 'Reposição ceramico roth ceramic peça 21 .022\"', '\r', '5 und', 515, 30),
(1600, '7895742201104', 32.5, 5, 'Reposição ceramico roth ceramic peça 12 .022\"', '\r', '5 und', 515, 30),
(1601, '7895742201111', 32.5, 10, 'Reposição ceramico roth ceramic peça 22 .022\"', '\r', '5 und', 515, 30),
(1602, '7895742201128', 32.5, 10, 'Reposição ceramico roth ceramic peça 13 .022\"', '\r', '5 und', 515, 30),
(1603, '7895742201135', 32.5, 10, 'Reposição cerâmico roth ceramic peça 23 .022\"', '\r', '5 und', 515, 30),
(1604, '7895742201142', 32.5, 3, 'Reposição ceramico roth ceramic peça 15/14/24/25 .022\"', '\r', '5 und', 515, 30),
(1605, '7895742201159', 32.5, 12, 'Reposição ceramico roth ceramic peça 31/32/42/41 .022\"', '\r', '5 und', 515, 30),
(1606, '7895742201166', 32.5, 10, 'Reposição ceramico roth ceramic peça 43 .022\"', '\r', '5 und', 515, 30),
(1607, '7895742201173', 32.5, 11, 'Reposição ceramico roth ceramic peça 33 .022\"', '\r', '10 und', 515, 30),
(1608, '7895742201180', 32.5, 8, 'Reposição ceramico roth ceramic peça 44/34 .022\"', '\r', '5 und', 515, 30),
(1609, '7895742201197', 32.5, 4, 'Reposição ceramico roth ceramic peça 45/35 .022\"', '\r', '5 und', 515, 30),
(1610, '7895742201500', 56, 1, 'Fio amarrilho estético 0.10\"', 'Especial\r', '10 m', 695, 30),
(1611, '7895742201791', 43.5, 12, 'Gancho para tração de dentes inclusos com corrente', 'Especial\r', '10 und', 706, 30),
(1612, '7895742201975', 36.5, 1, 'Reposição autoligado metalico roth sli peça 11 .022\"', 'Especial\r', '5 und', 734, 30),
(1613, '7895742201982', 36.5, 1, 'Reposição autoligado metalico roth sli peca 21 .022\"', 'Especial\r', '5 und', 734, 30),
(1614, '7895742201999', 36.5, 1, 'Reposição autoligado metalico roth sli peça 12 .022\"', 'Especial\r', '5 und', 734, 30),
(1615, '7895742202002', 36.5, 1, 'Reposição autoligado metalico roth sli peça 22 .022\"', 'Especial\r', '5 und', 734, 30),
(1616, '7895742202019', 36.5, 1, 'Reposição autoligado metalico roth sli peça 13 .022\"', 'Especial\r', '5 und', 734, 30),
(1617, '7895742202026', 36.5, 10, 'Reposição autoligado metalico roth sli peça 23 .022\"', 'Especial\r', '5 und', 734, 30),
(1618, '7895742202033', 36.5, 2, 'Reposição autoligado metalico roth sli peça 15/14 .022\"', 'Especial\r', '5 und', 734, 30),
(1619, '7895742202040', 36.5, 11, 'Reposição autoligado metalico roth sli peça 24/25 .022\"', 'Especial\r', '5 und', 734, 30),
(1620, '7895742202057', 36.5, 10, 'Reposição autoligado metalico roth sli peça 31/32/42/41 .022\"', 'Especial\r', '5 und', 734, 30),
(1621, '7895742202064', 36.5, 1, 'Reposição autoligado metalico roth sli peça 43 .022\"', '\r', '5 und', 734, 30),
(1622, '7895742202071', 36.5, 1, 'Reposição autoligado metalico roth sli peça 33 .022\"', 'Especial\r', '5 und', 734, 30),
(1623, '7895742202088', 36.5, 1, 'Reposição autoligado metalico roth sli peça 44 .022\"', 'Especial\r', '5 und', 734, 30),
(1624, '7895742202095', 36.5, 1, 'Reposição autoligado metalico roth sli peca 34 .022\"', 'Especial\r', '5 und', 734, 30),
(1625, '7895742202101', 36.5, 1, 'Reposição autoligado metalico roth sli peça 45 .022\"', 'Especial\r', '5 und', 734, 30),
(1626, '7895742202118', 36.5, 1, 'Reposição autoligado metalico roth sli peça 35 .022\"', 'Especial\r', '5 und', 734, 30),
(1627, '7895742202125', 145, 14, 'Braquetes autoligado metalico roth interativo sli .022\"', 'Espesial 2\r', '1 caso', 518, 30),
(1628, '7895742204228', 31.5, 2, 'Posicionador de bráquetes mbt', '\r', '1 und', 645, 30),
(1629, '7895742205829', 130, 6, 'Braquetes ceramico roth ceramic 9° .022°', '\r', '1 caso', 522, 30),
(1630, '7895742207175', 255, 1, 'Braquetes policarbonato roth composite .022\"', '\r', '10 Casos', 713, 30),
(1631, '7895742207182', 255, 2, 'Braquetes metalico mbt max .022\"', 'Mbt\r', '10 casos', 517, 30),
(1632, '7895742207243', 255, 5, 'Braquetes metalico roth max 9° .022\"', 'Roth \r', '10 casos', 517, 30),
(1633, '7895742207267', 255, 2, 'Braquetes metalico roth max 13° .022\"', 'Roth \r', '10 Casos', 517, 30),
(1634, '7895742207540', 31, 4, 'Braquetes metalico roth nano 9° .022\"', 'Espesial 2\r', '1 caso', 517, 30),
(1635, '7895742208028', 273, 0, 'Braquetes metalico roth light 13° .022\"', 'Roth 2\r', '10 casos', 517, 30),
(1636, '7895742208035', 273, 2, 'Braquetes metalico roth light 9° .022\"', 'Roth 2\r', '10 casos', 517, 30),
(1637, '7895742208660', 10, 12, 'Banda tubo simples superior n° 29', '\r', '2 und Ru/Lu', 735, 30),
(1638, '7895742210335', 10, 12, 'Banda tubo simples superior n° 29.5', '\r', '2 und Ru/Lu', 735, 30),
(1639, '7895742215637', 10, 11, 'Banda tubo simples inferior n° 29', '\r', '2 und RL/LL', 735, 30),
(1640, '7895742215804', 10, 4, 'Banda tubo simples inferior n° 29.5', '\r', '2 und RL/LL', 735, 30),
(1641, '7895742215859', 10, 8, 'Banda tubo simples inferior n° 30', '\r', '2 und RL/LL', 735, 30),
(1642, '7895742218522', 10, 8, 'Banda tubo simples inferior n° 30.5', '\r', '2 und RL/LL', 736, 30),
(1643, '7895742218539', 10, 8, 'Banda tubo simples inferior n° 31', '\r', '2 und RL/LL', 735, 30),
(1644, '7895742218546', 10, 5, 'Banda tubo simples inferior n° 31.5', '\r', '2 und RL/LL', 735, 30),
(1645, '7895742218553', 10, 6, 'Banda tubo simples inferior n° 32', '\r', '2 und RL/LL', 735, 30),
(1646, '7895742218751', 10, 7, 'Banda tubo simples inferior n° 32.5', '\r', '2 und RL/LL', 735, 30),
(1647, '7895742218768', 10, 7, 'Banda tubo simples superior n° 30', '\r', '2 und RU/LU', 735, 30),
(1648, '7895742218775', 10, 9, 'Banda tubo simples superior n° 30.5', '\r', '2 und RU/LU', 735, 30),
(1649, '7895742218782', 10, 12, 'Banda tubo simples superior n° 31', '\r', '2 und Ru/LU', 735, 30),
(1650, '7895742218799', 10, 9, 'Banda tubo simples superior n° 31.5', '\r', '2 und Ru/LU', 735, 30),
(1651, '7895742218805', 10, 10, 'Banda tubo simples superior n° 32', '\r', '2 und Ru/Lu', 735, 30),
(1652, '7895742218812', 10, 14, 'Banda tubo simples superior n° 32.5', '\r', '2 und Ru/Lu', 735, 30),
(1653, '7895742218829', 10, 14, 'Banda tubo simples superior n° 33', '\r', '2 und Ru/LU', 735, 30),
(1654, '7895742218836', 10, 15, 'Banda tubo simples superior n° 33.5', '\r', '2 und Ru/Lu', 735, 30),
(1655, '7895742218843', 10, 16, 'Banda tubo simples superior n° 34', '\r', '2 und Ru/Lu', 735, 30),
(1656, '7895742218850', 10, 13, 'Banda tubo simples superior n° 34.5', '\r', '2 und Ru/Lu', 735, 30),
(1657, '7895742218867', 10, 7, 'Banda tubo simples superior n° 35', '\r', '2 und Ru/Lu', 735, 30),
(1658, '7895742218874', 10, 10, 'Banda tubo simples superior n° 35.5', '\r', '2 und Ru/Lu', 735, 30),
(1659, '7895742218881', 10, 4, 'Banda tubo simples superior n° 36', '\r', '2 und Ru/Lu', 735, 30),
(1660, '7895742218898', 10, 7, 'Banda tubo simples superior n° 36.5', '\r', '2 und Ru/Lu', 735, 30);
INSERT INTO `produto` (`id_produto`, `barcode`, `preco`, `estoque`, `especificacao`, `tipo`, `embalagem`, `id_subgrupo`, `id_marca`) VALUES
(1661, '7895742218904', 10, 13, 'Banda tubo simples superior n° 37', '\r', '2 und Ru/Lu', 735, 30),
(1662, '7895742218911', 10, 24, 'Banda tubo simples superior n° 37.5', '\r', '2 und Ru/Lu', 735, 30),
(1663, '7895742218928', 10, 7, 'Banda tubo simples superior n° 38', '\r', '2 und Ru/Lu', 735, 30),
(1664, '7895742218935', 10, 15, 'Banda tubo simples superior n° 38.5', '\r', '2 und Ru/Lu', 735, 30),
(1665, '7895742218942', 10, 2, 'Banda tubo simples superior n° 39', '\r', '2 und Ru/Lu', 735, 30),
(1666, '7895742218959', 10, 8, 'Banda tubo simples superior n° 39.5', '\r', '2 und Ru/Lu', 735, 30),
(1667, '7895742218966', 10, 8, 'Banda tubo simples superior n° 40', '\r', '2 UND Ru/Lu', 735, 30),
(1668, '7895742218973', 10, 21, 'Banda tubo simples superior n° 40.5', '\r', '2 und Ru/Lu', 735, 30),
(1669, '7895742218980', 10, 19, 'Banda tubo simples superior n° 41', '\r', '2 und Ru/Lu', 735, 30),
(1670, '7895742218997', 10, 18, 'Banda tubo simples inferior n° 33', '\r', '2 und RL/LL', 735, 30),
(1671, '7895742219000', 10, 4, 'Banda tubo simples superior n° 41.5', '\r', '2 und Ru/Lu', 735, 30),
(1672, '7895742219017', 10, 18, 'Banda tubo simples superior n° 42', '\r', '2 und Ru/Lu', 735, 30),
(1673, '7895742219024', 10, 13, 'Banda tubo simples inferior n° 33.5', '\r', '2 und RL/LL', 735, 30),
(1674, '7895742219086', 10, 15, 'Banda tubo simples inferior n° 34', '\r', '2 und RL/LL', 735, 30),
(1675, '7895742219109', 10, 8, 'Banda tubo simples inferior n° 34.5', '\r', '10 und RL/LL', 735, 30),
(1676, '7895742219116', 10, 9, 'Banda tubo simples inferior n° 35', '\r', '2 und RL/LL', 735, 30),
(1677, '7895742219123', 10, 7, 'Banda tubo simples inferior n° 35.5', '\r', '2 und RL/LL', 735, 30),
(1678, '7895742219130', 10, 7, 'Banda tubo simples inferior n° 36', '\r', '2 und RL/LL', 735, 30),
(1679, '7895742219154', 10, 9, 'Banda tubo simples inferior n° 36.5', '\r', '2 und RL/LL', 735, 30),
(1680, '7895742219178', 10, 9, 'Banda tubo simples inferior n° 37', '\r', '2 und RL/LL', 735, 30),
(1681, '7895742219192', 10, 15, 'Banda tubo simples inferior n° 37.5', '\r', '2 und RL/LL', 735, 30),
(1682, '7895742219215', 10, 5, 'Banda tubo simples inferior n° 38', '\r', '2 und RL/LL', 735, 30),
(1683, '7895742219239', 10, 21, 'Banda tubo simples inferior n° 38.5', '\r', '2 und RL/LL', 735, 30),
(1684, '7895742219253', 10, 24, 'Banda tubo simples inferior n° 39', '\r', '2 und RL/LL', 735, 30),
(1685, '7895742219260', 10, 25, 'Banda tubo simples inferior n° 39.5', '\r', '2 und RL/LL', 735, 30),
(1686, '7895742219284', 10, 11, 'Banda tubo simples inferior n° 40', '\r', '2 und RL/LL', 735, 30),
(1687, '7895742219291', 10, 18, 'Banda tubo simples inferior n° 40.5', '\r', '2 und RL/LL', 735, 30),
(1688, '7895742219307', 10, 14, 'Banda tubo simples inferior n° 41', '\r', '2 und RL/LL', 735, 30),
(1689, '7895742219321', 10, 7, 'Banda tubo simples inferior n° 41.5', '\r', '2 und RL/LL', 735, 30),
(1690, '7895742219338', 10, 6, 'Banda tubo simples inferior n° 42', '\r', '2 und RL/LL', 735, 30),
(1691, '7895742219697', 10, 6, 'Banda tubo duplo superior n° 33.5', '\r', '2 und Ru/Lu', 736, 30),
(1692, '7895742219703', 10, 16, 'Banda tubo duplo superior n° 34', '\r', '2 und Ru/LU', 736, 30),
(1693, '7895742219710', 10, 12, 'Banda tubo duplo superior n° 34.5', '\r', '2 und Ru/Lu', 736, 30),
(1694, '7895742219727', 10, 7, 'Banda tubo duplo superior n° 35', '\r', '2 und Ru/Lu', 736, 30),
(1695, '7895742219772', 10, 7, 'Banda tubo duplo superior n° 35.5', '\r', '2 und Ru/Lu', 736, 30),
(1696, '7895742219789', 10, 10, 'Banda tubo duplo superior n° 36', '\r', '2 und Ru/Lu', 736, 30),
(1697, '7895742219796', 10, 7, 'Banda tubo duplo superior n° 36.5', '\r', '2 und Ru/Lu', 736, 30),
(1698, '7895742219918', 10, 9, 'Banda tubo duplo superior n° 37', '\r', '2 und Ru/Lu', 736, 30),
(1699, '7895742220051', 10, 3, 'Banda tubo duplo inferior n° 29', '\r', '2 und RL/LL', 736, 30),
(1700, '7895742220068', 10, 7, 'Banda tubo duplo inferior n° 29.5', '\r', '2 und RL/LL', 736, 30),
(1701, '7895742220075', 10, 3, 'Banda tubo duplo inferior n° 30', '\r', '2 und RL/LL', 736, 30),
(1702, '7895742220082', 10, 4, 'Banda tubo duplo inferior n° 30.5', '\r', '2 und RL/LL', 736, 30),
(1703, '7895742220099', 10, 4, 'Banda tubo duplo inferior n° 31', '\r', '2 und RL/LL', 736, 30),
(1704, '7895742220105', 10, 3, 'Banda tubo duplo inferior n° 31.5', '\r', '2 und RL/LL', 736, 30),
(1705, '7895742220112', 10, 22, 'Banda tubo duplo inferior n° 32', '\r', '2 und RL/LL', 736, 30),
(1706, '7895742220129', 10, 14, 'Banda tubo duplo inferior n° 32.5', '\r', '2 und RL/LL', 736, 30),
(1707, '7895742220136', 10, 18, 'Banda tubo duplo inferior n° 33', '\r', '2 und RL/LL', 736, 30),
(1708, '7895742220143', 10, 15, 'Banda tubo duplo inferior n° 33.5', '\r', '2 und RL/LL', 736, 30),
(1709, '7895742220150', 10, 23, 'Banda tubo duplo inferior n° 34', '\r', '2 und RL/LL', 736, 30),
(1710, '7895742220167', 10, 29, 'Banda tubo duplo inferior n° 34.5', '\r', '2 un RL/LL', 736, 30),
(1711, '7895742220174', 10, 25, 'Banda tubo duplo inferior n° 35', '\r', '2 und RL/LL', 736, 30),
(1712, '7895742220181', 10, 25, 'Banda tubo duplo inferior n° 35.5', '\r', '2 und RL/LL', 736, 30),
(1713, '7895742220198', 10, 28, 'Banda tubo duplo inferior n° 36', '\r', '2 und RL/LL', 736, 30),
(1714, '7895742220204', 10, 23, 'Banda tubo duplo inferior n° 36.5', '\r', '2 und RL/LL', 736, 30),
(1715, '7895742220211', 10, 25, 'Banda tubo duplo inferior n° 37', '\r', '2 und RL/LL', 736, 30),
(1716, '7895742220228', 10, 24, 'Banda tubo duplo inferior n° 37.5', '\r', '2 und RL/LL', 736, 30),
(1717, '7895742220235', 10, 33, 'Banda tubo duplo inferior n° 38', '\r', '2 und RL/LL', 736, 30),
(1718, '7895742220242', 10, 24, 'Banda tubo duplo inferior n° 38.5', '\r', '2 und RL/LL', 736, 30),
(1719, '7895742220259', 10, 21, 'Banda tubo duplo inferior n° 39', '\r', '2 und RL/LL', 736, 30),
(1720, '7895742220266', 10, 36, 'Banda tubo duplo inferior n° 39.5', '\r', '2 und RL/LL', 736, 30),
(1721, '7895742220273', 10, 22, 'Banda tubo duplo inferior n° 40', '\r', '2 und RL/LL', 736, 30),
(1722, '7895742220280', 10, 10, 'Banda tubo duplo inferior n° 40.5', '\r', '2 und RL/LL', 736, 30),
(1723, '7895742220297', 10, 5, 'Banda tubo duplo inferior n° 41', '\r', '2 und RL/LL', 736, 30),
(1724, '7895742220303', 10, 14, 'Banda tubo duplo superior n° 37.5', '\r', '2 und Ru/Lu', 736, 30),
(1725, '7895742220310', 10, 8, 'Banda tubo duplo inferior n° 41.5', '\r', '2 und RL/LL', 736, 30),
(1726, '7895742220327', 10, 12, 'Banda tubo duplo superior n° 38', '\r', '2 und Ru/Lu', 736, 30),
(1727, '7895742220334', 10, 5, 'Banda tubo duplo inferior n° 42', '\r', '2 und RL/LL', 736, 30),
(1728, '7895742220341', 10, 9, 'Banda tubo duplo superior n° 38.5', '\r', '2 und Ru/LU', 736, 30),
(1729, '7895742220358', 10, 11, 'Banda tubo duplo superior n° 39', '\r', '2 und Ru/Lu', 736, 30),
(1730, '7895742220433', 10, 15, 'Banda tubo duplo superior n° 39.5', '\r', '2 und Ru/Lu', 736, 30),
(1731, '7895742220495', 10, 14, 'Banda tubo duplo superior n° 40', '\r', '2 und Ru/Lu', 736, 30),
(1732, '7895742222192', 10, 3, 'Banda tubo triplo superior n° 33', '\r', '2 und Ru/Lu', 737, 30),
(1733, '7895742222215', 10, 17, 'Banda tubo triplo superior n° 34', '\r', '2 und Ru/Lu', 737, 30),
(1734, '7895742222222', 10, 14, 'Banda tubo triplo superior n° 34.5', '\r', '2 und Ru/Lu', 737, 30),
(1735, '7895742222239', 10, 16, 'Banda tubo triplo superior n° 35', '\r', '2 und Ru/Lu', 737, 30),
(1736, '7895742222246', 10, 31, 'Banda tubo triplo superior n° 35.5', '\r', '2 und Ru/Lu', 737, 30),
(1737, '7895742222253', 10, 9, 'Banda tubo triplo superior n° 36', '\r', '2 und Ru/Lu', 737, 30),
(1738, '7895742222260', 10, 13, 'Banda tubo triplo superior n° 36.5', '\r', '2 und Ru/Lu', 737, 30),
(1739, '7895742222277', 10, 3, 'Banda tubo triplo superior n° 37', '\r', '2 und Ru/Lu', 737, 30),
(1740, '7895742222284', 10, 9, 'Banda tubo triplo superior n° 37.5', '\r', '2 und Ru/Lu', 737, 30),
(1741, '7895742222307', 10, 6, 'Banda tubo triplo superior n° 38', '\r', '2 und Ru/Lu', 737, 30),
(1742, '7895742222314', 10, 4, 'Banda tubo triplo superior n° 38.5', '\r', '2 und Ru/Lu', 737, 30),
(1743, '7895742222321', 10, 14, 'Banda tubo triplo superior n° 39', '\r', '2 und Ru/Lu', 737, 30),
(1744, '7895742222338', 10, 9, 'Banda tubo triplo superior n° 39.5', '\r', '2 und Ru/Lu', 737, 30),
(1745, '7895742222390', 10, 19, 'Banda tubo triplo superior n° 40', '\r', '2 und Ru/Lu', 737, 30),
(1746, '7895742222987', 11.5, 5, 'Banda tubo triplo com tubo lingual superior n° 29', '\r', '2 und Ru/Lu', 738, 30),
(1747, '7895742222994', 11.5, 7, 'Banda tubo triplo com tubo lingual superior n° 29.5', '\r', '2 und Ru/Lu', 738, 30),
(1748, '7895742223007', 11.5, 6, 'Banda tubo triplo com tubo lingual superior n° 30', '\r', '2 und Ru/Lu', 738, 30),
(1749, '7895742223014', 11.5, 5, 'Banda tubo triplo com tubo lingual superior n° 30.5', '\r', '2 und Ru/Lu', 738, 30),
(1750, '7895742223021', 11.5, 3, 'Banda tubo triplo com tubo lingual superior n° 31', '\r', '2 und Ru/Lu', 738, 30),
(1751, '7895742223038', 11.5, 6, 'Banda tubo triplo com tubo lingual superior n° 31.5', '\r', '2 und Ru/Lu', 738, 30),
(1752, '7895742223045', 11.5, 12, 'Banda tubo triplo com tubo lingual superior n° 32', '\r', '2 und Ru/Lu', 738, 30),
(1753, '7895742223052', 11.5, 7, 'Banda tubo triplo com tubo lingual superior n° 32.5', '\r', '2 und Ru/Lu', 738, 30),
(1754, '7895742223069', 11.5, 12, 'Banda tubo triplo com tubo lingual superior n° 33', '\r', '2 und Ru/Lu', 738, 30),
(1755, '7895742223076', 11.5, 8, 'Banda tubo triplo com tubo lingual superior n° 33.5', '\r', '2 und Ru/Lu', 738, 30),
(1756, '7895742223083', 11.5, 38, 'Banda tubo triplo com tubo lingual superior n° 34', '\r', '2 und Ru/Lu', 738, 30),
(1757, '7895742223090', 11.5, 42, 'Banda tubo triplo com tubo lingual superior n° 34.5', '\r', '2 und Ru/Lu', 738, 30),
(1758, '7895742223106', 11.5, 35, 'Banda tubo triplo com tubo lingual superior n° 35', '\r', '2 und Ru/Lu', 738, 30),
(1759, '7895742223113', 11.5, 36, 'Banda tubo triplo com tubo lingual superior n° 35.5', '\r', '2 und Ru/Lu', 738, 30),
(1760, '7895742223120', 11.5, 43, 'Banda tubo triplo com tubo lingual superior n° 36', '\r', '2 und Ru/Lu', 738, 30),
(1761, '7895742223137', 11.5, 37, 'Banda tubo triplo com tubo lingual superior n° 36.5', '\r', '2 und Ru/Lu', 738, 30),
(1762, '7895742223144', 11.5, 40, 'Banda tubo triplo com tubo lingual superior n° 37', '\r', '2 und Ru/Lu', 738, 30),
(1763, '7895742223151', 11.5, 41, 'Banda tubo triplo com tubo lingual superior n° 37.5', '\r', '2 und Ru/Lu', 738, 30),
(1764, '7895742223168', 11.5, 44, 'Banda tubo triplo com tubo lingual superior n° 38', '\r', '2 und Ru/Lu', 738, 30),
(1765, '7895742223175', 11.5, 37, 'Banda tubo triplo com tubo lingual superior n° 38.5', '\r', '2und Ru/Lu', 738, 30),
(1766, '7895742223182', 11.5, 30, 'Banda tubo triplo com tubo lingual superior n° 39', '\r', '2 und Ru/Lu', 738, 30),
(1767, '7895742223199', 11.5, 27, 'Banda tubo triplo com tubo lingual superior n° 39.5', '\r', '2 und Ru/Lu', 738, 30),
(1768, '7895742223205', 11.5, 30, 'Banda tubo triplo com tubo lingual superior n° 40', '\r', '2 und Ru/Lu', 738, 30),
(1769, '7895742223212', 11.5, 19, 'Banda tubo triplo com tubo lingual superior n° 40.5', '\r', '2 und Ru/Lu', 738, 30),
(1770, '7895742223229', 11.5, 10, 'Banda tubo triplo com tubo lingual superior n° 41', '\r', '2 und Ru/Lu', 738, 30),
(1771, '7895742223236', 11.5, 17, 'Banda tubo triplo com tubo lingual superior n° 41.5', '\r', '2 und Ru/Lu', 738, 30),
(1772, '7895742223243', 11.5, 7, 'Banda tubo triplo com tubo lingual superior n° 42', '\r', '2 und Ru/Lu', 738, 30),
(1773, '7895742232641', 11.7, 3, 'Arco niti superelástico m 0.10', '\r', '10 und', 605, 30),
(1774, '7895742234317', 37, 1, 'Caixa organizadora multiuso', '\r', '1 und', 739, 30),
(1775, '7895742235260', 15.5, 4, 'Arco estetico niti m 0.12', '\r', '5 und', 610, 30),
(1776, '7895742235291', 15.5, 3, 'Arco estetico niti m 0.14', '\r', '5 und', 610, 30),
(1777, '7895742235307', 15.5, 3, 'Arco estetico niti m 0.16', '\r', '5 und', 610, 30),
(1778, '7895742235314', 15.5, 5, 'Arco estetico niti m 0.18', '\r', '5 und', 610, 30),
(1779, '7895742235321', 15.5, 3, 'Arco estetico niti g 0.12', '\r', '5 und', 610, 30),
(1780, '7895742235338', 15.5, 2, 'Arco estetico niti g 0.14', '\r', '5 und', 610, 30),
(1781, '7895742235345', 15.5, 5, 'Arco estetico niti g 0.16', '\r', '5 und', 610, 30),
(1782, '7895742235352', 15.5, 5, 'Arco estetico niti g 0.18', '\r', '5 und', 610, 30),
(1783, '7895742235369', 21, 2, 'Arco estetico niti m 0.17 x 0.25', '\r', '5 und', 611, 30),
(1784, '7895742235376', 21, 6, 'Arco estetico niti g 0.17 x 0.25', '\r', '5 und', 611, 30),
(1785, '7895742235390', 21, 6, 'Arco estetico niti m 0.19 x 0.25', '\r', '5 und', 611, 30),
(1786, '7895742235406', 21, 6, 'Arco estetico niti g 0.19 x 0.25', '\r', '5 und', 611, 30),
(1787, '7895742240745', 31.5, 4, 'Arco copper niti superior 0.14', '\r', '10 und', 613, 30),
(1788, '7895742240752', 31.5, 3, 'Arco copper niti superior 0.16', '\r', '10 und', 613, 30),
(1789, '7895742240769', 31.5, 6, 'Arco copper niti superior 0.18', '\r', '10 und', 613, 30),
(1790, '7895742240776', 40.5, 9, 'Arco copper niti superior 0.14 x 0.25', '\r', '10 und', 614, 30),
(1791, '7895742240783', 40.5, 3, 'Arco copper niti superior 0.16 x 0.22', '\r', '10 und', 614, 30),
(1792, '7895742240790', 40.5, 6, 'Arco copper niti superior 0.17 x 0.25', '\r', '10 und', 614, 30),
(1793, '7895742240806', 40.5, 4, 'Arco copper niti superior 0.18 x 0.25', '\r', '10 und', 614, 30),
(1794, '7895742240813', 40.5, 3, 'Arco copper niti superior 0.19 x 0.25', '\r', '10 und', 614, 30),
(1795, '7895742240820', 31.5, 6, 'Arco copper niti inferior 0.14', '\r', '10 und', 613, 30),
(1796, '7895742240837', 31.5, 7, 'Arco copper niti inferior 0.16', '\r', '10 und', 613, 30),
(1797, '7895742240844', 31.5, 16, 'Arco copper niti inferior 0.18', '\r', '10 und', 613, 30),
(1798, '7895742240851', 40.5, 3, 'Arco copper niti inferior 0.14 x 0.25', '\r', '10 und', 614, 30),
(1799, '7895742240868', 40.5, 6, 'Arco copper niti inferior 0.16 x 0.22', '\r', '10 und', 614, 30),
(1800, '7895742240875', 40.5, 5, 'Arco copper niti inferior 0.17 x 0.25', '\r', '10 und', 613, 30),
(1801, '7895742240882', 40.5, 3, 'Arco copper niti inferior 0.18 x 0.25', '\r', '10 und', 614, 30),
(1802, '7895742240899', 40.5, 5, 'Arco copper niti inferior 0.19 x 0.25', '\r', '10 und', 614, 30),
(1803, '7895742242213', 71, 0, 'Reposiçao autoligado ceramico roth sli peça 11 .022\"', 'Especial\r', '2 und', 734, 30),
(1804, '7895742242282', 71, 0, 'Reposiçao autoligado ceramico roth sli peça 14/15 .022\"', 'Espesial 2\r', '2 und', 734, 30),
(1805, '7895742242305', 71, 0, 'Reposiçao autoligado ceramico roth sli  peça 31/ 32/ 41/42 .022\"', 'Espesial 2\r', '2 und', 734, 30),
(1806, '7895742242336', 595, 4, 'Braquetes autoligado ceramico roth interativo sli .022\"', '\r', '10 caso', 523, 30),
(1807, '7895742242596', 36.5, 1, 'Reposição autoligado metalico roth slp peça 11 .022\"', '\r', '5 und', 734, 30),
(1808, '7895742242602', 36.5, 1, 'Reposição autoligado metalico roth slp peça 21 .022\"', '\r', '5 und', 734, 30),
(1809, '7895742242619', 36.5, 1, 'Reposição autoligado metalico roth slp peça 12 .022\"', '\r', '5 und', 734, 30),
(1810, '7895742242657', 36.5, 1, 'Reposição autoligado metalico roth slp peça 22 .022\"', '\r', '5 und', 734, 30),
(1811, '7895742242664', 36.5, 1, 'Reposição autoligado metalico roth slp peça 13 .022\"', '\r', '5 und', 734, 30),
(1812, '7895742242671', 36.5, 1, 'Reposição autoligado metalico roth slp peça 23 .022\"', '\r', '5 und', 734, 30),
(1813, '7895742242695', 36.5, 2, 'Reposição autoligado metalico roth slp peça 24/25 .022\"', '\r', '5 und', 740, 30),
(1814, '7895742242718', 36.5, 1, 'Reposição autoligado metalico roth slp peça 43 .022\"', '\r', '5 und', 734, 30),
(1815, '7895742242725', 36.5, 1, 'Reposição autoligado metalico roth slp peça 33 .022\"', '\r', '5 und', 734, 30),
(1816, '7895742242732', 36.5, 1, 'Reposição autoligado metalico roth slp peça 44 .022\"', '\r', '5 und', 734, 30),
(1817, '7895742242749', 36.5, 1, 'Reposição autoligado metalico roth slp peça 34 .022\"', '\r', '5 und', 734, 30),
(1818, '7895742242756', 36.5, 1, 'Reposição autoligado metalico roth slp peça 45 .022\"', '\r', '5 und', 734, 30),
(1819, '7895742242763', 36.5, 1, 'Reposição autoligado metalico roth slp peça 35 .022\"', '\r', '5 und', 734, 30),
(1820, '7895742242794', 145, 12, 'Braquetes autoligado metalico roth pasivo slp .022\"', '\r', '1 caso', 518, 30),
(1821, '7895742243142', 32, 2, 'Cursor mesializador curto superior esquerdo e inferior direito', '\r', '5 und', 741, 30),
(1822, '7895742243173', 32, 2, 'Cursor mesializador curto superior esquerdo e inferior direito', '\r', '5 und', 741, 30),
(1823, '7895742243180', 32, 1, 'Cursor mesializador medio superior esquerdo e inferior direido', '\r', '5 und', 741, 30),
(1824, '7895742243197', 32, 1, 'Cursor mesializador medio superior direito e inferior esquerdo', '\r', '5 und', 741, 30),
(1825, '7895742243203', 32, 2, 'Cursor mesializador longo superior esquerda e inferior direito', '\r', '5 und', 741, 30),
(1826, '7895742243210', 32, 2, 'Cursor mesializador longo superior direito e inferior esqerdo', '\r', '5 und', 741, 30),
(1827, '7895742244224', 36, 0, 'Kit de arcos intraorais para autoligado', '\r', 'kit', 742, 30),
(1828, '7895742245757', 50, 8, 'Grampo ponta bola 0.8mm', '\r', '50 und', 708, 30),
(1829, '7895742246310', 100, 3, 'Broca em zircônia multilâmina', 'Especial\r', '5 und', 743, 30),
(1830, '7895742246327', 55, 2, 'Ponta descartável para polimento', '\r', '20 und', 743, 30),
(1831, '7895742246679', 30, 0, 'Reposição safiro roth polysafira peca 11 .022\"', '\r', '2 und', 520, 30),
(1832, '7895742246693', 30, 0, 'Reposição safiro roth polysafira peca 21 .022\"', '\r', '2 und', 520, 30),
(1833, '7895742246709', 30, 1, 'Reposição safiro roth polysafira peca 12 .022\"', '\r', '2 und', 520, 30),
(1834, '7895742246716', 30, 0, 'Reposição safiro roth polysafira peca 22 .022\"', '\r', '2 und', 520, 30),
(1835, '7895742246723', 30, 1, 'Reposição safiro roth polysafira peca 13 .022\"', '\r', '2 und', 520, 30),
(1836, '7895742246730', 30, 2, 'Reposição safiro roth polysafira peca 23 .022\"', '\r', '2 und', 520, 30),
(1837, '7895742246747', 30, 2, 'Reposição safiro roth polysafira peca 15/14/24/25 .022\"', '\r', '2 und', 520, 30),
(1838, '7895742246754', 30, 1, 'Reposição safiro roth polysafira peca 31/32/41/42 .022\"', '\r', '2 und', 520, 30),
(1839, '7895742246761', 30, 1, 'Reposição safiro roth polysafira peca 33 .022\"', '\r', '2 und', 520, 30),
(1840, '7895742246778', 30, 1, 'Reposição safiro roth polysafira peca 43 .022\"', '\r', '2 und', 520, 30),
(1841, '7895742246785', 30, 1, 'Reposição safiro roth polysafira peca 34/44 .022\"', '\r', '2 und', 520, 30),
(1842, '7895742246792', 30, 1, 'Reposição safiro roth polysafira peca 35/45 .022\"', '\r', '2 und', 520, 30),
(1843, '7895742246921', 300, 4, 'Braquete safiro roth polysafira .022\"', '\r', '1caso', 521, 30),
(1844, '7895742248451', 68.5, 2, 'Resina orthobond plus', '\r', '4 g', 504, 30),
(1845, '7895742250409', 6.5, 8, 'Ligadura bengalinha uva cristal', 'Uva cristal\r', '1000 und', 690, 30),
(1846, '7895742250416', 9, 1, 'Ligadura modular uva cristal', 'Uva cristal\r', '1000 und', 496, 30),
(1847, '7895742250423', 10, 2, 'Elástico corrente curto uva cristal', 'Uva cristal\r', '1.5 m', 497, 30),
(1848, '7895742250430', 10, 6, 'Elástico corrente medio uva cristal', 'Uva cristal\r', '1.5 m', 497, 30),
(1849, '7895742250447', 10, 2, 'Elástico corrente longo uva cristal', 'Uva cristal\r', '1.5 m', 497, 30),
(1850, '7895742252786', 30, 1, 'Miniparafuso cabeca de braquete horario 1.5 x 6mm transmucosa 1mm', 'Especial\r', '1 und', 726, 30),
(1851, '7895742253196', 30, 2, 'Miniparafuso cabeca de braquete anti-horario 1.5 x 6mm transmucosa 1mm', 'Especial\r', '1 und', 726, 30),
(1852, '7895742253202', 30, 1, 'Miniparafuso cabeca de braquete horario 1.5 x 8mm transmucosa 1mm', 'Especial\r', '1 und', 726, 30),
(1853, '7895742253219', 30, 3, 'Miniparafuso cabeca de braquete anti-horario 1.5 x 8mm transmucosa 1mm', 'Especial\r', '1 und', 726, 30),
(1854, '7895742253622', 8, 1, 'Protetor de fio cor azul (spaghetti) .022\"', '\r', '1.5 m', 722, 30),
(1855, '7895742253646', 8, 1, 'Protetor de fio cor pink (spaghetti) .022\"', '\r', '1.5 m', 722, 30),
(1856, '7895742259457', 18, 2, 'Chave hexagonal haste media', '\r', '1 und', 728, 30),
(1857, '7896030773891', 250, 0, 'Pistola dispensadora  universal', '\r', '1 und', 744, 6),
(1858, '7896036520093', 75.2, 19, 'Cimento dual master a2 +  brinde try in', '\r', '5 g', 581, 6),
(1859, '7896261360006', 18, 6, 'Babador descartavel cor branco', '\r', '100 und', 745, 6),
(1860, '7896261360020', 18, 0, 'Babador descartavel cor azul', '\r', '100 und', 745, 6),
(1861, '7896261360037', 18, 2, 'Babador descartavel cor rosa', '\r', '100 und', 745, 6),
(1862, '7896261360044', 18, 0, 'Babador descartavel cor verde', '\r', '100 und', 745, 6),
(1863, '7896261360051', 18, 26, 'Babador descartavel cor misto', '\r', '100 und', 745, 6),
(1864, '7896261370708', 45, 7, 'Ionômero de vidro para cimentação auto bioglass c', '\r', '15g p?+10ml liq', 498, 6),
(1865, '7896261370715', 45, 14, 'Ionômero restauração de vidro auto bioglass cor a3', '\r', '10g p? + 8ml', 500, 6),
(1866, '7896261370722', 45, 13, 'Ionômero de vidro auto forrador  bioglass', '\r', '10g  p? + 8ml lip', 499, 6),
(1867, '7896261370739', 130, 12, 'Ionômero de vidro foto forrador ionofast', '\r', '5 g', 499, 6),
(1868, '7896261370746', 70, 13, 'Ionômero de vidro foto forrador ionofast', '\r', '2,5g', 499, 6),
(1869, '7896261371156', 24.9, 15, 'Cimento provisório com iodofórmio hydropast', '\r', '2,5 g', 670, 6),
(1870, '7896261371194', 13, 40, 'Obturador provisório sem eugenol fill temp', '\r', '25 g', 746, 6),
(1871, '7896261371361', 32.2, 0, 'Cimento endodôntico grossman pulp fill', '\r', '1 p? 12g + 10ml.', 747, 6),
(1872, '7896261371569', 120, 6, 'Cimento endodontico n-rickert kit', '\r', '10g de P? e 10ml Liq', 665, 6),
(1873, '7896261371606', 75, 14, 'Cimento provisório provitemp', '\r', '2,5g Base / 2,5g cat', 670, 6),
(1874, '7896261371712', 30.2, 13, 'Cimento forrador de hidróxido de cálcio foto biocall cor dentina', '\r', '2 g', 748, 6),
(1875, '7896261371729', 30.2, 9, 'Cimento forrador de hidróxido de cálcio foto biocall cor branco', '\r', '2g', 748, 6),
(1876, '7896261371736', 27, 12, 'Protetor de bráquetes foto orthoprotect', '\r', '2.5g', 655, 6),
(1877, '7896261372221', 14.7, 5, 'Acido fluorídrico 10%', '\r', '1 seringa 4g', 749, 6),
(1878, '7896261372245', 6, 41, 'Acido fosforico 37%', '\r', '3 Seringas 3g cada', 667, 6),
(1879, '7896261372269', 35, 18, 'Silano', '\r', '5ml.', 750, 6),
(1880, '7896261372290', 19.6, 1, 'Barreira gengival foto biodam azul', '\r', '1 seringa 2g', 751, 6),
(1881, '7896261372528', 8, 18, 'Clareador claridex evolution 22%', '\r', '1 seringa 3g', 752, 6),
(1882, '7896261372801', 20, 6, 'Fio retrator retraflex n°000', '\r', '250 cm', 753, 6),
(1883, '7896261372818', 20, 8, 'Fio retrator retraflex n°00', '\r', '250 cm', 753, 6),
(1884, '7896261372825', 20, 13, 'Fio retrator retraflex n°0', '\r', '250 cm', 753, 6),
(1885, '7896261374065', 33.5, 13, 'Evidenciador de cárie evicárie', '\r', '10 ml', 754, 6),
(1886, '7896261374225', 11, 4, 'Bicarbonato de sódio 200g', '\r', '200g', 544, 6),
(1887, '7896261374249', 18, 28, 'Bicarbonato de sódio 500g', '\r', '500g', 544, 6),
(1888, '7896261374959', 29, 6, 'Selante bioseal foto', '\r', '1 frasco com 5mL', 755, 6),
(1889, '7896261374966', 24, 3, 'Selante bioseal foto', '\r', '1 Seringa 2,5g', 755, 6),
(1890, '7896261375017', 37, 4, 'Curativo alveolar com própolis alveolex', '\r', '2 seringas com 3g', 756, 6),
(1891, '7896261375055', 28, 10, 'Cariostático cariestop 12%', '\r', '10ml', 757, 6),
(1892, '7896261375154', 7.3, 10, 'Edta trissódico líquido', '\r', '20 ml', 758, 6),
(1893, '7896261375451', 19, 15, 'Hemostático hemostank', '\r', '10 ml', 759, 6),
(1894, '7896261375505', 35, 10, 'Hemostático retractve', '\r', '1 seringa com 2,5g', 760, 6),
(1895, '7896261375604', 39.7, 22, 'Iodoformio', '\r', '10 g', 761, 6),
(1896, '7896261376007', 9.2, 7, 'Paramonoclorofenol canforado', '\r', '20 ml', 761, 6),
(1897, '7896261376311', 21.8, 3, 'Solvente de guta percha citrol', '\r', '10ml', 762, 6),
(1898, '7896261376328', 16.15, 1, 'Clorhexidina gel 2% clorexoral', '\r', '2 Seringas de 3g', 763, 6),
(1899, '7896261376335', 26.9, 7, 'Clorhexidina solução 2%', '\r', '200L', 764, 6),
(1900, '7896261376366', 21.5, 11, 'Pasta endo ptc', '\r', '25 g', 761, 6),
(1901, '7896261377059', 45, 17, 'Adesivo para braquetes foto biofix de brinde orthotec', '\r', '1seringa 4g+1acido', 504, 6),
(1902, '7896261377080', 50, 6, 'Dessensibilizante ghf', '\r', '3g', 765, 6),
(1903, '7896261377103', 62, 12, 'Restaurador provisório bioplic + 3 acido fosforico 37% de brinde', '\r', '2 seringas, 2g', 670, 6),
(1904, '7896261377219', 20, 7, 'Adesivo universal master bond d.e', '\r', '5ml', 766, 6),
(1905, '7896261377264', 19.9, 12, 'Adesivo universal master bond d.e', '\r', '4 ml', 766, 6),
(1906, '7896261377318', 15, 8, 'Resina master flow cor a2', '\r', '1 seringa com 2g', 661, 6),
(1907, '7896261377349', 15, 8, 'Resina master flow cor b1', '\r', '1 seringa com 2g', 661, 6),
(1908, '7896261377356', 15, 7, 'Resina master flow cor b2', '\r', '1 seringa com 2g', 661, 6),
(1909, '7896261377424', 20, 5, 'Resina master fill cor a2 + beinde  clareador claridex 16%', '\r', '1 seringa com 4g', 502, 6),
(1910, '7896261377431', 20, 9, 'Resina master fill cor a3 + beinde  clareador claridex 16%', '\r', '1 seringa com 4g', 502, 6),
(1911, '7896261377448', 20, 14, 'Resina master fill cor a3.5 + beinde  clareador claridex 16%', '\r', '1 seringa com 4g', 502, 6),
(1912, '7896261378308', 200, 6, 'Resina bisacrilica proviplast cor a1', '\r', '1Cartucho 70g+Pontas', 600, 6),
(1913, '7896261378315', 200, 6, 'Resina bisacrilica proviplast cor a2', '\r', '1Cartucho 70g+Pontas', 600, 6),
(1914, '7896261378322', 200, 7, 'Resina bisacrilica proviplast cor a3', '\r', '1Cartucho 70g+Pontas', 600, 6),
(1915, '7897908002471', 5.3, 11, 'Ponta diamantada fg 1342', '\r', '1 und', 501, 31),
(1916, '7897990300165', 65, 1, 'Disco feltro polimax kit', '\r', '12 und surt+ mandril', 767, 32),
(1917, '7897990301353', 49, 1, 'Disco de lixa surtido 16mm', '\r', '50 und', 768, 32),
(1918, '7897990302145', 33, 1, 'Cunha de madeira anatomica colorida sortida', '\r', '100 und', 769, 32),
(1919, '7897990302312', 187, 1, 'Arco de serra e lixa kit microcut', '\r', '', 770, 32),
(1920, '7897990306174', 49, 1, 'Disco de lixa surtido 19mm', '\r', '50 und', 768, 32),
(1921, '7897990306945', 33, 1, 'Cunha elástica sortida', '\r', '25 und', 771, 32),
(1922, '7897990308024', 55, 1, 'Fita de aço cinta profilática', '\r', '10fitas  d a?o 100mm', 770, 32),
(1923, '7897990308888', 7, 2, 'Fita banda matriz de poliéster', '\r', '50 und 10cm', 772, 32),
(1924, '7897990309939', 54, 1, 'Pasta de polimento diamond gloss', '\r', '1 seringa com 2g', 773, 32),
(1925, '7897990310003', 135, 2, 'Pincel de silicone esthetic plus', '\r', '2 cabos + 8 pontas', 774, 32),
(1926, '7897990311284', 190, 2, 'Instrumento contact + gold', '\r', '2 und', 775, 32),
(1927, '7897990313684', 29, 2, 'Fita para isolamento isotape', '\r', '5 m', 775, 32),
(1928, '7897990316036', 35, 2, 'Resina acrílica auto orto pó amarelo fluorescente', '\r', '80 g', 776, 32),
(1929, '7897990316043', 38, 2, 'Resina acrílica auto orto pó azul fluorescente', '\r', '80 g', 776, 32),
(1930, '7897990316050', 35, 2, 'Resina acrílica auto orto pó verde fluorescente', '\r', '80 g', 776, 32),
(1931, '7897990316067', 35, 2, 'Resina acrílica auto orto pó pink fluorescente', '\r', '80 g', 776, 32),
(1932, '7897990316074', 35, 2, 'Resina acrílica auto orto pó incolor', '\r', '80 g', 776, 32),
(1933, '7897990316081', 35, 2, 'Resina acrílica auto orto pó azul', '\r', '80 g', 776, 32),
(1934, '7897990316098', 35, 2, 'Resina acrílica auto orto pó amarelo', '\r', '80 g', 776, 32),
(1935, '7897990316104', 35, 1, 'Resina acrílica auto orto pó vermelho', '\r', '80 g', 776, 32),
(1936, '7897990316630', 21, 2, 'Resina acrílica auto orto liquido incolor', '\r', '120 ml', 776, 32),
(1937, '7897990316739', 14, 2, 'Resina acrílica auto orto liquido incolor', '\r', '50 ml', 776, 32),
(1938, '7897990325274', 49, 4, 'Tira de lixa diamantada diamond strip sortida', '\r', '2.5mm com 12und', 770, 32),
(1939, '7897990325298', 49, 4, 'Tira de lixa diamantada diamond strip media', '\r', '12tiras2,5mmx110mm', 770, 32),
(1940, '7897990326615', 199, 1, 'Kit de martiz unimatrix r', '\r', '1Grampo+4Protetores', 777, 32),
(1941, '7897990330025', 179, 1, 'Disco de lixa praxis kit', '\r', '60 und surt+Mandril', 768, 32),
(1942, '7897990330278', 49, 1, 'Disco de lixa surtido 12mm', '\r', '50 und', 768, 32),
(1943, '7897990330421', 54, 1, 'Pasta de polimento poligloss', '\r', '1 seringa com 3g', 773, 32),
(1944, '7897990330438', 32, 1, 'Disco de feltro 12mm', '\r', '12 und', 767, 32),
(1945, '7897990330445', 32, 1, 'Disco de feltro 8mm', '\r', '12 und', 767, 32),
(1946, '7897990330537', 49, 4, 'Tira de lixa diamantada diamond strip fina', '\r', '12tiras2,5mmx110mm', 770, 32),
(1947, '7897990341045', 38, 2, 'Cunha reflexiva surtida', '\r', '20 und', 771, 32),
(1948, '7897990341274', 49, 2, 'Fita preformada de poliéster para pre-molar', '\r', '20 und', 772, 32),
(1949, '7897990341281', 49, 2, 'Fita preformada de poliéster para molar', '\r', '20 und', 772, 32),
(1950, '7897990341465', 47, 2, 'Fita banda matriz de poliéster', '\r', 'Rolo 10mmx0,05mmx15m', 772, 32),
(1951, '7897990341519', 190, 1, 'Coroa transparente anteriores', '\r', '64 und', 778, 32),
(1952, '7897990341526', 190, 3, 'Coroa transparente posteriores', '\r', '64 und', 778, 32),
(1953, '7897990341533', 190, 3, 'Coroa transparente decidos', '\r', '64 und', 778, 32),
(1954, '7897990342011', 91, 2, 'Instrumento para condensação de resina fotoplus', '\r', '2 und', 775, 32),
(1955, '7897990342103', 105, 2, 'Matriz cervical', '\r', '10Matrizes 2Intrumto', 779, 32),
(1956, '7897990349522', 148, 1, 'Cunha de madeira anatomica colorida sortida', '\r', '500 und', 769, 32),
(1957, '7897990349577', 30, 2, 'Cunha de madeira natural surtida', '\r', '100 und', 769, 32),
(1958, '7898060520032', 68, 59, 'Anestesico lidostesim 3% com vaso', '\r', '50 und', 668, 33),
(1959, '7898078650387', 50, 8, 'Pino de fibra de vidro exacto n°0.5 sem broca', '\r', '5 und', 657, 34),
(1960, '7898078650493', 13.5, 64, 'Pincel aplicador aplik regular verde', '\r', '100 und', 780, 34),
(1961, '7898078650516', 13.5, 4, 'Pincel aplicador aplik fino azul', '\r', '100 und', 780, 34),
(1962, '7898078650530', 13.5, 23, 'Pincel aplicador aplik extrafino branco', '\r', '100 und', 780, 34),
(1963, '7898078650714', 19, 15, 'Limas k 15-40 21mm', '\r', '6 und', 781, 34),
(1964, '7898078650721', 19, 8, 'Limas k 15-40 25mm', '\r', '6 und', 781, 34),
(1965, '7898078650745', 19, 8, 'Limas h 15-40 21mm', '\r', '6 und', 782, 34),
(1966, '7898078650752', 19, 6, 'Limas h 15-40 25mm', '\r', '6 und', 782, 34),
(1967, '7898078650851', 19, 21, 'Limas k 15 21mm', '\r', '6 und', 781, 34),
(1968, '7898078650875', 19, 19, 'Limas k 25 21mm', '\r', '6 und', 781, 34),
(1969, '7898078650882', 19, 6, 'Limas k 30 21mm', '\r', '6 und', 781, 34),
(1970, '7898078650912', 19, 20, 'Limas k 15 25mm', '\r', '6 und', 781, 34),
(1971, '7898078650929', 19, 7, 'Limas k 20 25mm', '\r', '6 und', 781, 34),
(1972, '7898078650936', 19, 19, 'Limas k 25 25mm', '\r', '6 und', 781, 34),
(1973, '7898078650943', 19, 6, 'Limas k 30 25mm', '\r', '6 und', 781, 34),
(1974, '7898078650974', 50, 5, 'Luva para carpule jacarezinho', '\r', '3 und', 783, 34),
(1975, '7898078651384', 19, 10, 'Limas h 15 21mm', '\r', '6 und', 782, 34),
(1976, '7898078651391', 19, 10, 'Limas h 20 21mm', '\r', '6 und', 782, 34),
(1977, '7898078651407', 19, 9, 'Limas h 25 21mm', '\r', '6 und', 782, 34),
(1978, '7898078651414', 19, 10, 'Limas h 30 21mm', '\r', '6 und', 782, 34),
(1979, '7898078651445', 19, 7, 'Limas h 15 25mm', '\r', '6 und', 782, 34),
(1980, '7898078651476', 19, 8, 'Limas h 30 25mm', '\r', '6 und', 782, 34),
(1981, '7898078651629', 15, 8, 'Broca largo n°1', '\r', '1 und', 784, 34),
(1982, '7898078651643', 15, 6, 'Broca largo n°2', '\r', '1 und', 784, 34),
(1983, '7898078651667', 15, 10, 'Broca largo n°3', '\r', '1 und', 784, 34),
(1984, '7898078652107', 49.5, 4, 'Moldeira perfurada total autoclavável kit', '\r', '3 sup+3inf+2parciais', 785, 34),
(1985, '7898078652183', 9, 18, 'Moldeiras autoclaváveis parciais', '\r', '2 und', 786, 34),
(1986, '7898078652190', 10, 3, 'Moldeira autoclavável s1 + i1', '\r', '2 und', 717, 34),
(1987, '7898078652503', 50, 4, 'Moldeira moldex sortido', '\r', '12 und', 787, 34),
(1988, '7898078652534', 15, 9, 'Sugador flex suctor kids', '\r', '30 und', 788, 34),
(1989, '7898078652541', 6.5, 47, 'Acido fosforico 37%', '\r', '3 seringas 3 ml', 667, 34),
(1990, '7898078652596', 19, 24, 'Limas k 45-80 21mm', '\r', '6 und', 781, 34),
(1991, '7898078652633', 19, 6, 'Limas k 45-80 25mm', '\r', '6 und', 781, 34),
(1992, '7898078652671', 13.75, 6, 'Limas h 45-80 21mm', '\r', '6 und', 782, 34),
(1993, '7898078652688', 19, 10, 'Limas h 45-80 25mm', '\r', '6 und', 782, 34),
(1994, '7898078652862', 250, 0, 'Kit para confecção de píno anatômico', '\r', 'Kit', 789, 34),
(1995, '7898078653142', 22, 5, 'Sugador endodontico suctor', '\r', '10 und+10 endo tips', 790, 34),
(1996, '7898078653227', 17, 38, 'Placa soft 1mm quadrada', '\r', '5 und', 791, 34),
(1997, '7898078653319', 35, 0, 'Clareador clàriant office peróxido de hidrogênio 35%', '\r', '1 seringa', 792, 34),
(1998, '7898078653500', 13, 3, 'Arco de Östby', '\r', '1 und', 793, 34),
(1999, '7898078653708', 12, 10, 'Amarrilho para isolamento', '\r', '24 und', 794, 34),
(2000, '7898078654835', 175, 14, 'Fibra de vidro trançada interlig', '\r', '3 und de 8,5cm', 795, 34),
(2001, '7898078655009', 35, 0, 'Pino para moldagem pinjet', '\r', '50 und', 789, 34),
(2002, '7898078655399', 29, 2, 'Resina endo dam', '\r', '2 g', 794, 34),
(2003, '7898078655429', 35, 5, 'Contra angulo kids descartável', '\r', '12 und', 783, 34),
(2004, '7898078655436', 20, 9, 'Caixa para aparelhos removiveis', '\r', '10 und', 796, 34),
(2005, '7898078655528', 20, 25, 'Papel carbono contacto arcada', '\r', '12 und', 797, 34),
(2006, '7898078655603', 6.5, 61, 'Papel carbono contacto paper dupla face azul e vermelho', '\r', '12 und', 798, 34),
(2007, '7898078655610', 17, 9, 'Papel carbono nhac! marcou', '\r', '50 und', 798, 34),
(2008, '7898078655672', 27, 2, 'Anel dappen', '\r', '2 und', 799, 34),
(2009, '7898078655870', 15, 3, 'Quebra habito', '\r', '12 und', 800, 34),
(2010, '7898078655979', 28, 5, 'Descanso de boca', '\r', '2 und', 801, 34),
(2011, '7898078655986', 25, 0, 'Molderira para fluor kit', '\r', 'Kit com 8P,8M,8G', 802, 34),
(2012, '7898078655993', 25, 0, 'Molderira para fluor tamanho p', '\r', '2 und', 802, 34),
(2013, '7898078656501', 48, 13, 'Lima pediatrica h 15-40 17mm', 'Especial\r', '6 und', 782, 34),
(2014, '7898078656525', 10, 8, 'Album porta dentinhos verde', '\r', '1 und', 803, 34),
(2015, '7898078656549', 32, 13, 'Espacador 15-40 21mm', '\r', '6 und', 804, 34),
(2016, '7898078656662', 10, 7, 'Album porta dentinhos rosa', '\r', '1 und', 803, 34),
(2017, '7898078656679', 10, 10, 'Album porta dentinhos laranja', '\r', '1 und', 803, 34),
(2018, '7898078657010', 25, 0, 'Stop de silicone cursor 1mm', '\r', '100 und', 805, 34),
(2019, '7898078657188', 15, 8, 'Broca gates n°1 32mm', '\r', '1 und', 806, 34),
(2020, '7898078657195', 15, 9, 'Broca gates n°2 32mm', '\r', '1 und', 806, 34),
(2021, '7898078657218', 60, 8, 'Pino de fibra de vidro reforpost n°1', '\r', '5 und', 657, 34),
(2022, '7898078657225', 60, 15, 'Pino de fibra de vidro reforpost n°2', '\r', '5 und', 657, 34),
(2023, '7898078657232', 60, 4, 'Pino de fibra de vidro reforpost n°3 sem broca', '\r', '5 und', 657, 34),
(2024, '7898078657249', 170, 3, 'Pinos de fibra de vidro reforpost mini kit', 'Especial\r', 'Kit 15 und', 657, 34),
(2025, '7898078657294', 15, 13, 'Broca gates n°3 32mm', '\r', '1 und', 806, 34),
(2026, '7898078657393', 18, 6, 'Evidenciador de placa', '\r', '10 ml', 807, 34),
(2027, '7898078657515', 46, 0, 'Pino metálico intra-radicular reforpost n°1', '\r', '5 und', 808, 34),
(2028, '7898078657522', 46, 2, 'Pino metálico intra-radicular reforpost n°2', '\r', '5 und', 808, 34),
(2029, '7898078657591', 45, 0, 'Chave para reforpost', 'Especial\r', '1 und', 809, 34),
(2030, '7898078657782', 10, 8, 'Album porta dentinhos azul', '\r', '1 und', 803, 34),
(2031, '7898078657966', 45, 3, 'Pino de fibra de vidro reforpin', '\r', '10 und', 657, 34),
(2032, '7898078658000', 35, 5, 'Tamborel de apoio endometric cinza', '\r', '1 und + 30 apoio', 810, 34),
(2033, '7898078658116', 42, 4, 'Ponta de aspiração endo tips 0,014', '\r', '20 und', 811, 34),
(2034, '7898078658277', 85, 7, 'Cimento  endodôntico mta fillapex', '\r', '1 seringa de 4g', 747, 34),
(2035, '7898078658543', 178, 2, 'Regua calibradora intermedium', '\r', '1 und', 812, 34),
(2036, '7898078659847', 259, 1, 'Cimento biocerâmico bio c repair', 'Espesial 2\r', '1 seringa 0,5g', 665, 34),
(2037, '7898078659854', 110, 3, 'Pino de fibra de vidro splendor - sap kit', 'Especial\r', 'kit 5 pinos+Broca', 657, 34),
(2038, '7898078691571', 50, 13, 'Pino de fibra de vidro exacto n°1 sem broca', '\r', '5 und', 657, 34),
(2039, '7898078691670', 50, 6, 'Pino de fibra de vidro exacto n°2 sem broca', '\r', '5 und', 657, 34),
(2040, '7898078691779', 50, 0, 'Pino de fibra de vidro exacto n°3 sem broca', '\r', '5 und', 657, 34),
(2041, '7898093125006', 18.5, 6, 'Algodao hidrofilo', '\r', '500 g', 813, 35),
(2042, '7898125710026', 19, 0, 'Compressa de gaze não estéreis 11 fiios', '\r', '500 und', 814, 36),
(2043, '7898142583498', 750, 0, 'Articulador 4000-s com arco e estojo', '\r', '1 und', 815, 37),
(2044, '7898142584716', 790, 2, 'Fotopolimerizador biolux', '\r', '1 und', 816, 37),
(2045, '7898142585034', 1400, 0, 'Plastificadora p7 com anel rotativo 220v', '\r', '1 und', 817, 37),
(2046, '7898142585119', 39, 9, 'Placa soft 3mm quadrada cor azul', '\r', '5 und', 791, 37),
(2047, '7898142585133', 39, 8, 'Placa soft 3mm quadrada cor pink', '\r', '5 und', 791, 37),
(2048, '7898142585157', 39, 7, 'Placa soft 3mm quadrada cor verde', '\r', '5 und', 791, 37),
(2049, '7898142585171', 39, 9, 'Placa soft 3mm quadrada cor preto', '\r', '5 und', 791, 37),
(2050, '7898142585232', 39, 9, 'Placa soft 3mm quadrada cor branco', '\r', '5 und', 791, 37),
(2051, '7898142585386', 49, 7, 'Placa soft 4mm quadrada', '\r', '5 und', 791, 37),
(2052, '7898142586581', 20, 88, 'Placa cristal quadrada 1 mm', '\r', '5 und', 818, 37),
(2053, '7898142586604', 27, 100, 'Placa cristal quadrada 1.5 mm', '\r', '5 und', 818, 37),
(2054, '7898142586628', 32, 81, 'Placa cristal quadrada 2 mm', '\r', '5 und', 818, 37),
(2055, '7898142586703', 39, 9, 'Placa soft 3mm quadrada', '\r', '5 und', 791, 37),
(2056, '7898142587045', 190, 1, 'Lupa branca 3.5x', '\r', '1 und', 819, 37),
(2057, '7898142587076', 250, 1, 'Verticulador', '\r', '1 und', 815, 37),
(2058, '7898142588134', 190, 1, 'Lupa branca 2.5x', '\r', '1 und', 819, 37),
(2059, '7898142588745', 270, 1, 'Moldeira perfurada inox dentada', '\r', 'kit 8 und', 820, 37),
(2060, '789818167051', 7, 8, 'Solução clorada hipoclorito 2,5%', '\r', '1 litro', 821, 38),
(2061, '7898229800012', 5.3, 10, 'Ponta diamantada fg 1011', '\r', '1 und', 501, 31),
(2062, '7898229800036', 5.3, 5, 'Ponta diamantada fg 1012', '\r', '1 und', 501, 31),
(2063, '7898229800050', 5.3, 6, 'Ponta diamantada fg 1013', '\r', '1 und', 501, 31),
(2064, '7898229800074', 5.3, 0, 'Ponta diamantada fg 1014', '\r', '1 und', 501, 31),
(2065, '7898229800098', 5.3, 0, 'Ponta diamantada fg 1015', '\r', '1 und', 501, 31),
(2066, '7898229800111', 5.3, 0, 'Ponta diamantada fg 1016', '\r', '1 und', 501, 31),
(2067, '7898229800197', 5.3, 1, 'Ponta diamantada fg 1019', '\r', '1 und', 501, 31),
(2068, '7898229800210', 5.3, 7, 'Ponta diamantada fg 1022', '\r', '1 und', 501, 31),
(2069, '7898229800258', 5.3, 8, 'Ponta diamantada fg 1024', '\r', '1 und', 501, 31),
(2070, '7898229800272', 5.3, 6, 'Ponta diamantada fg 3017hl', '\r', '1 und', 501, 31),
(2071, '7898229800296', 5.3, 4, 'Ponta diamantada fg 3018hl', '\r', '1 und', 501, 31),
(2072, '7898229800319', 5.3, 7, 'Ponta diamantada fg 1031', '\r', '1 und', 501, 31),
(2073, '7898229800333', 5.3, 14, 'Ponta diamantada fg 1032', '\r', '1 und', 501, 31),
(2074, '7898229800357', 5.3, 9, 'Ponta diamantada fg 1033', '\r', '1 und', 501, 31),
(2075, '7898229800371', 5.3, 7, 'Ponta diamantada fg 1034', '\r', '1 und', 501, 31),
(2076, '7898229800418', 5.3, 13, 'Ponta diamantada fg 1036', '\r', '1 und', 501, 31),
(2077, '7898229800449', 5.3, 0, 'Ponta diamantada fg 1017g', '\r', '1 und', 501, 31),
(2078, '7898229800456', 5.3, 16, 'Ponta diamantada fg 1042', '\r', '1 und', 501, 31),
(2079, '7898229800494', 5.3, 15, 'Ponta diamantada fg 1045', '\r', '1 und', 501, 31),
(2080, '7898229800555', 5.3, 17, 'Ponta diamantada fg 1151', '\r', '1 und', 501, 31),
(2081, '7898229800579', 5.3, 14, 'Ponta diamantada fg 1153', '\r', '1 und', 501, 31),
(2082, '7898229800609', 5.3, 1, 'Ponta diamantada fg 1018', '\r', '1 und', 501, 31),
(2083, '7898229800616', 5.3, 3, 'Ponta diamantada fg 1061', '\r', '1 und', 501, 31),
(2084, '7898229800630', 5.3, 13, 'Ponta diamantada fg 1062', '\r', '1 und', 501, 31),
(2085, '7898229800647', 5.3, 0, 'Ponta diamantada fg 4115', '\r', '1 und', 501, 31),
(2086, '7898229800654', 5.3, 15, 'Ponta diamantada fg 1063', '\r', '1 und', 501, 31),
(2087, '7898229800678', 5.3, 2, 'Ponta diamantada fg 1065', '\r', '1 und', 501, 31),
(2088, '7898229800692', 5.3, 9, 'Ponta diamantada fg 1066', '\r', '1 und', 501, 31),
(2089, '7898229800739', 5.3, 4, 'Ponta diamantada fg 2067', '\r', '1 und', 501, 31),
(2090, '7898229800791', 5.3, 6, 'Ponta diamantada fg 3069', '\r', '1 und', 501, 31),
(2091, '7898229800814', 5.3, 8, 'Ponta diamantada fg 3070', '\r', '1 und', 501, 31),
(2092, '7898229800852', 5.3, 11, 'Ponta diamantada fg 3071', '\r', '1 und', 501, 31),
(2093, '7898229800876', 5.3, 1, 'Ponta diamantada fg 4072', '\r', '1 und', 501, 31),
(2094, '7898229800890', 5.3, 6, 'Ponta diamantada fg 4072g/c', '\r', '1 und', 501, 31),
(2095, '7898229800951', 5.3, 10, 'Ponta diamantada fg 3145', '\r', '1 und', 501, 31),
(2096, '7898229800999', 5.3, 23, 'Ponta diamantada fg 1090', '\r', '1 und', 501, 31),
(2097, '7898229801019', 5.3, 19, 'Ponta diamantada fg 1091', '\r', '1 und', 501, 31),
(2098, '7898229801033', 5.3, 12, 'Ponta diamantada fg 1092', '\r', '1 und', 501, 31),
(2099, '7898229801057', 5.3, 26, 'Ponta diamantada fg 1093', '\r', '1 und', 501, 31),
(2100, '7898229801071', 5.3, 17, 'Ponta diamantada fg 1093f', '\r', '1 und', 501, 31),
(2101, '7898229801095', 5.3, 19, 'Ponta diamantada fg 1093ff', '\r', '1 und', 501, 31),
(2102, '7898229801118', 5.3, 13, 'Ponta diamantada fg 1094', '\r', '1 und', 501, 31),
(2103, '7898229801149', 5.3, 11, 'Ponta diamantada fg 2131', '\r', '1 und', 501, 31),
(2104, '7898229801156', 5.3, 9, 'Ponta diamantada fg 1095', '\r', '1 und', 501, 31),
(2105, '7898229801170', 5.3, 2, 'Ponta diamantada fg 2096', '\r', '1 und', 501, 31),
(2106, '7898229801194', 5.3, 8, 'Ponta diamantada fg 3097', '\r', '1 und', 501, 31),
(2107, '7898229801217', 5.3, 5, 'Ponta diamantada fg 3098', '\r', '1 und', 501, 31),
(2108, '7898229801231', 5.3, 8, 'Ponta diamantada fg 3099', '\r', '1 und', 501, 31),
(2109, '7898229801255', 5.3, 0, 'Ponta diamantada fg 3101', '\r', '1 und', 501, 31),
(2110, '7898229801279', 5.3, 6, 'Ponta diamantada fg 4102', '\r', '1 und', 501, 31),
(2111, '7898229801316', 5.3, 10, 'Ponta diamantada fg 4123', '\r', '1 und', 501, 31),
(2112, '7898229801392', 5.3, 5, 'Ponta diamantada fg 3215', '\r', '1 und', 501, 31),
(2113, '7898229801415', 5.3, 6, 'Ponta diamantada fg 3216', '\r', '1 und', 501, 31),
(2114, '7898229801453', 5.3, 2, 'Ponta diamantada fg 4230', '\r', '1 und', 501, 31),
(2115, '7898229801477', 5.3, 14, 'Ponta diamantada fg 1112', '\r', '1 und', 501, 31),
(2116, '7898229801484', 5.3, 10, 'Ponta diamantada fg 2130', '\r', '1 und', 501, 31),
(2117, '7898229801491', 5.3, 2, 'Ponta diamantada fg 1112f', '\r', '1 und', 501, 31),
(2118, '7898229801514', 5.3, 8, 'Ponta diamantada fg 1112ff', '\r', '1 und', 501, 31),
(2119, '7898229801538', 5.3, 26, 'Ponta diamantada fg 1190', '\r', '1 und', 501, 31),
(2120, '7898229801552', 5.3, 1, 'Ponta diamantada fg 1190f', '\r', '1 und', 501, 31),
(2121, '7898229801576', 5.3, 2, 'Ponta diamantada fg 1190ff', '\r', '1 und', 501, 31),
(2122, '7898229801606', 5.3, 15, 'Ponta diamantada fg 3016hl', '\r', '1 und', 501, 31),
(2123, '7898229801651', 5.3, 5, 'Ponta diamantada fg 2200', '\r', '1 und', 501, 31),
(2124, '7898229801668', 5.3, 9, 'Ponta diamantada fg 2200f', '\r', '1 und', 501, 31),
(2125, '7898229801675', 5.3, 1, 'Ponta diamantada fg 3113', '\r', '1 und', 501, 31),
(2126, '7898229801699', 5.3, 9, 'Ponta diamantada fg 3193', '\r', '1 und', 501, 31),
(2127, '7898229801712', 5.3, 11, 'Ponta diamantada fg 3195', '\r', '1 und', 501, 31),
(2128, '7898229801750', 5.3, 6, 'Ponta diamantada fg 3195ff', '\r', '1 und', 501, 31),
(2129, '7898229801774', 5.3, 12, 'Ponta diamantada fg 3203', '\r', '1 und', 501, 31),
(2130, '7898229801798', 5.3, 8, 'Ponta diamantada fg 3205', '\r', '1 und', 501, 31),
(2131, '7898229801811', 5.3, 9, 'Ponta diamantada fg 3227', '\r', '1 und', 501, 31),
(2132, '7898229801835', 5.3, 12, 'Ponta diamantada fg 2082', '\r', '1 und', 501, 31),
(2133, '7898229801859', 5.3, 4, 'Ponta diamantada fg 3083', '\r', '1 und', 822, 31),
(2134, '7898229801897', 5.3, 23, 'Ponta diamantada fg 2134', '\r', '1 und', 501, 31),
(2135, '7898229801910', 5.3, 5, 'Ponta diamantada fg 2135', '\r', '1 und', 501, 31),
(2136, '7898229801934', 5.3, 12, 'Ponta diamantada fg 2135f', '\r', '1 und', 501, 31),
(2137, '7898229801958', 5.3, 5, 'Ponta diamantada fg 2135ff', '\r', '1 und', 501, 31),
(2138, '7898229801996', 5.3, 5, 'Ponta diamantada fg 3228', '\r', '1 und', 501, 31),
(2139, '7898229802009', 5.3, 7, 'Ponta diamantada fg 4138ff', '\r', '1 und', 501, 31),
(2140, '7898229802016', 5.3, 0, 'Ponta diamantada fg 4138', '\r', '1 und', 501, 31),
(2141, '7898229802023', 5.3, 3, 'Ponta diamantada fg 4138f', '\r', '1 und', 501, 31),
(2142, '7898229802092', 5.3, 11, 'Ponta diamantada fg 1111', '\r', '1 und', 501, 31),
(2143, '7898229802108', 5.3, 7, 'Ponta diamantada fg 1111ff', '\r', '1 und', 501, 31),
(2144, '7898229802115', 5.3, 5, 'Ponta diamantada fg 3118', '\r', '1 und', 501, 31),
(2145, '7898229802139', 5.3, 1, 'Ponta diamantada fg 3118f', '\r', '1 und', 501, 31),
(2146, '7898229802146', 5.3, 6, 'Ponta diamantada fg 4217', '\r', '1 und', 501, 31),
(2147, '7898229802153', 5.3, 0, 'Ponta diamantada fg 3118ff', '\r', '1 und', 501, 31),
(2148, '7898229802177', 5.3, 9, 'Ponta diamantada fg 3168', '\r', '1 und', 501, 31),
(2149, '7898229802207', 5.3, 14, 'Ponta diamantada fg 4114', '\r', '1 und', 501, 31),
(2150, '7898229802214', 5.3, 46, 'Ponta diamantada fg 3168ff', '\r', '1 und', 501, 31),
(2151, '7898229802221', 5.3, 9, 'Ponta diamantada fg 4114c/g', '\r', '1 und', 501, 31),
(2152, '7898229802238', 5.3, 10, 'Ponta diamantada fg 1051', '\r', '1 und', 501, 31),
(2153, '7898229802290', 5.3, 9, 'Ponta diamantada fg 3053', '\r', '1 und', 501, 31),
(2154, '7898229802306', 5.3, 10, 'Ponta diamantada fg 4135', '\r', '1 und', 501, 31),
(2155, '7898229802313', 5.3, 5, 'Ponta diamantada fg 3054', '\r', '1 und', 501, 31),
(2156, '7898229802351', 5.3, 8, 'Ponta diamantada fg 3213', '\r', '1 und', 501, 31),
(2157, '7898229802368', 5.3, 10, 'Ponta diamantada fg 3139ff', '\r', '1 und', 501, 31),
(2158, '7898229802399', 5.3, 3, 'Ponta diamantada fg 1302', '\r', '1 und', 501, 31),
(2159, '7898229802412', 5.3, 16, 'Ponta diamantada fg 1312', '\r', '1 und', 501, 31),
(2160, '7898229802436', 5.3, 29, 'Ponta diamantada fg 1320', '\r', '1 und', 501, 31),
(2161, '7898229802450', 5.3, 15, 'Ponta diamantada fg 1332', '\r', '1 und', 501, 31),
(2162, '7898229802474', 5.3, 19, 'Ponta diamantada fg 1333', '\r', '1 und', 501, 31),
(2163, '7898229802498', 5.3, 19, 'Ponta diamantada fg 1342', '\r', '1 und', 501, 31),
(2164, '7898229802511', 5.3, 8, 'Ponta diamantada fg 1343', '\r', '1 und', 501, 31),
(2165, '7898229802535', 5.3, 10, 'Ponta diamantada fg 4141', '\r', '1 und', 501, 31),
(2166, '7898229802542', 5.3, 0, 'Ponta diamantada fg 1016g/c', '\r', '1 und', 501, 31),
(2167, '7898229802559', 5.3, 4, 'Ponta diamantada fg 3100', '\r', '1 und', 501, 31),
(2168, '7898229802566', 5.3, 4, 'Ponta diamantada fg 1195ff', '\r', '1 und', 501, 31),
(2169, '7898229802573', 5.3, 14, 'Ponta diamantada fg 4142', '\r', '1 und', 501, 31),
(2170, '7898229802580', 5.3, 18, 'Ponta diamantada fg 1064', '\r', '1 und', 501, 31),
(2171, '7898229802610', 5.3, 8, 'Ponta diamantada fg 1141', '\r', '1 und', 501, 31),
(2172, '7898229802627', 5.3, 19, 'Ponta diamantada fg 2121', '\r', '1 und', 501, 31),
(2173, '7898229802641', 5.3, 2, 'Ponta diamantada fg 4103', '\r', '1 und', 501, 31),
(2174, '7898229802665', 5.3, 4, 'Ponta diamantada fg 4137', '\r', '1 und', 501, 31),
(2175, '7898229802689', 5.3, 6, 'Ponta diamantada fg 1111f', '\r', '1 und', 501, 31),
(2176, '7898229802702', 5.3, 6, 'Ponta diamantada fg 1052', '\r', '1 und', 501, 31),
(2177, '7898229802726', 5.3, 42, 'Ponta diamantada fg 2133', '\r', '1 und', 501, 31),
(2178, '7898229802740', 5.3, 12, 'Ponta diamantada fg 3131', '\r', '1 und', 501, 31),
(2179, '7898229802771', 5.3, 8, 'Ponta diamantada fg 2137', '\r', '1 und', 501, 31),
(2180, '7898229802801', 5.3, 8, 'Ponta diamantada fg 2137f', '\r', '1 und', 822, 31),
(2181, '7898229802818', 5.3, 12, 'Ponta diamantada fg 3207', '\r', '1 und', 501, 31),
(2182, '7898229802894', 5.3, 12, 'Ponta diamantada fg 2133f', '\r', '1 und', 501, 31),
(2183, '7898229802900', 5.3, 14, 'Ponta diamantada fg 2133ff', '\r', '1 und', 501, 31),
(2184, '7898229802931', 5.3, 4, 'Ponta diamantada fg 2202', '\r', '1 und', 501, 31),
(2185, '7898229803358', 3.2, 100, 'Taça de borracha', '\r', '1 und', 823, 31),
(2186, '7898229803426', 5.3, 0, 'Ponta diamantada fg 1012hl', '\r', '1 und', 501, 31),
(2187, '7898229803433', 5.3, 1, 'Ponta diamantada fg 1014hl', '\r', '1 und', 501, 31),
(2188, '7898229803440', 15, 9, 'Mandril adaptador para contra angulo', 'Especial\r', '1', 824, 31),
(2189, '7898229803457', 4, 32, 'Mandril ca mini', '\r', '1 und', 824, 31),
(2190, '7898229803471', 4, 10, 'Mandril ca', '\r', '1 und', 824, 31),
(2191, '7898229803556', 5.3, 0, 'Ponta diamantada fg 1017', '\r', '1 und', 501, 31),
(2192, '7898229803563', 5.3, 7, 'Ponta diamantada fg 1096', '\r', '1 und', 501, 31),
(2193, '7898229803600', 5.3, 4, 'Ponta diamantada fg 4217c/g', '\r', '1 und', 501, 31);
INSERT INTO `produto` (`id_produto`, `barcode`, `preco`, `estoque`, `especificacao`, `tipo`, `embalagem`, `id_subgrupo`, `id_marca`) VALUES
(2194, '7898229804416', 17, 2, 'Broca carbide endo-z', 'Especial\r', '1 und', 825, 31),
(2195, '7898229804584', 8.5, 11, 'Broca carbide fg1/2', '\r', '1 und', 825, 31),
(2196, '7898229804607', 8.5, 11, 'Broca carbide fg01', '\r', '1 und', 825, 31),
(2197, '7898229804614', 9, 10, 'Broca carbide fg 02', '\r', '1 und', 825, 31),
(2198, '7898229804683', 8.5, 15, 'Broca carbide fg33 1/2', '\r', '1 und', 825, 31),
(2199, '7898229804690', 8.5, 17, 'Broca carbide fg34', '\r', '1 und', 825, 31),
(2200, '7898229804706', 8.5, 11, 'Broca carbide fg35', '\r', '1 und', 825, 31),
(2201, '7898229804744', 28, 9, 'Broca carbide fg57', '\r', '1 und', 825, 31),
(2202, '7898229804850', 8.5, 11, 'Broca carbide fg330', '\r', '1 und', 825, 31),
(2203, '7898229804881', 8.5, 17, 'Broca carbide fg556', '\r', '1 und', 825, 31),
(2204, '7898229804997', 8.5, 18, 'Broca carbide fg957', '\r', '1 und', 825, 31),
(2205, '7898229805031', 8.5, 5, 'Broca carbide fg0os02', '\r', '1 und', 825, 31),
(2206, '7898229805505', 28, 9, 'Broca carbide fg7801', '\r', '1 und', 825, 31),
(2207, '7898229805536', 8.5, 12, 'Broca carbide fg 7902f', '\r', '1 und', 825, 31),
(2208, '7898229805666', 28, 6, 'Broca carbide fg9214', '\r', '1 und', 825, 31),
(2209, '7898229809428', 40, 10, 'Kit pontas diamantadas polidont', '\r', '24 und+ mandril', 768, 31),
(2210, '7898229809626', 59, 2, 'Kit pontas diamantadas polidont', '\r', '24und+mandril', 768, 31),
(2211, '7898229809824', 5.3, 6, 'Ponta diamantada fg 3146', '\r', '1 und', 501, 31),
(2212, '7898229809916', 5.3, 11, 'Ponta diamantada fg 4116', '\r', '1 und', 501, 31),
(2213, '7898229810240', 5.3, 2, 'Ponta diamantada fg 3082', '\r', '1 und', 501, 31),
(2214, '7898229810349', 2.5, 23, 'Banda matriz metálica 0,05 x 7 mm', '\r', '50cm', 777, 31),
(2215, '7898229810578', 15, 33, 'Tira de lixa resina 4 mm', '\r', '150 und', 651, 31),
(2216, '7898229810660', 12, 0, 'Tira de lixa aço 4 mm', '\r', '12 und', 770, 31),
(2217, '7898229810677', 14, 128, 'Tira de lixa aço 6 mm', '\r', '12 und', 770, 31),
(2218, '7898229810776', 26, 10, 'Tiras de aço colmeia diamantada 4mm', '\r', '10 und', 826, 31),
(2219, '7898229811247', 2.5, 24, 'Banda matriz metálica 0,05 x 5 mm', '\r', '50cm', 777, 31),
(2220, '7898229812305', 5.3, 1, 'Ponta diamantada fg 2200ff', '\r', '1 und', 501, 31),
(2221, '7898229813173', 5.3, 6, 'Ponta diamantada fg 3200', '\r', '1 und', 501, 31),
(2222, '7898229814422', 5.3, 4, 'Ponta diamantada fg 3112', '\r', '1 und', 822, 31),
(2223, '7898229815108', 5.3, 0, 'Ponta diamantada fg 3195f', '\r', '1 und', 501, 31),
(2224, '7898229819670', 30, 34, 'Tira aço diamondo serrilhada 2.5mm fina', '\r', '10 und', 767, 31),
(2225, '7898229819885', 38, 16, 'Kit de acabamento e polimento poligloss', 'Especial\r', '18 und+mandril', 827, 31),
(2226, '7898229820171', 5.3, 7, 'Ponta diamantada fg 3117', '\r', '1 und', 501, 31),
(2227, '7898229820898', 5.3, 1, 'Ponta diamantada fg 1016hl', '\r', '1 und', 501, 31),
(2228, '7898229822816', 25, 24, 'Kit mini polimento de resina', 'Espesial 2\r', 'kit 6 und', 827, 31),
(2229, '7898229823844', 38, 47, 'Kit polimento de resina rapido', 'Espesial 3\r', 'Kit 8 und', 827, 31),
(2230, '7898229823851', 45, 25, 'Kit completo polimento de resina', '\r', 'kit 12 und', 828, 31),
(2231, '7898229824827', 2.5, 251, 'Escova robinson copa reta branca', '\r', '1 und', 829, 31),
(2232, '7898229833881', 1299, 0, 'Ultrassom odontologico advance 1', '\r', '1 und', 830, 31),
(2233, '7898229838589', 499, 5, 'Fotoplimerizador bluestar cor preto', '\r', '1 und', 816, 31),
(2234, '7898254941896', 60, 2, 'Esponja hemospon standard 80', '\r', '80x50x10 mm 1und', 662, 11),
(2235, '7898254941902', 60, 3, 'Esponja hemospon standard 70', '\r', '70x50x10 mm 1und', 662, 11),
(2236, '7898254941919', 70, 2, 'Esponja hemospon size 100', '\r', '125x80x10mm 1und', 662, 11),
(2237, '7898254941933', 39.9, 12, 'Esponja hemospon', 'Espesial 2\r', '1x1 cm 10und', 662, 11),
(2238, '7898254945856', 79, 6, 'Esponja hemospon cote', 'Especial\r', '1 und', 662, 11),
(2239, '7898309969950', 4.5, 33, 'Fita para autoclave', 'Especial\r', '1 und 19mmx30m.', 538, 19),
(2240, '7898428908243', 42, 3, 'Broca de contra angulo para remoção', '\r', '1 und', 743, 8),
(2241, '7898433200189', 15, 17, 'Avental manga longa pacote', '\r', '10 und', 831, 19),
(2242, '7898433202299', 15, 16, 'Prope', '\r', '100 und', 832, 19),
(2243, '7898433202565', 8.5, 29, 'Touca descartavel sanfonada', '\r', '1 und', 833, 19),
(2244, '7898440510189', 7.5, 2, 'Espatula para gesso inox cabo de madera', '\r', '1 und', 834, 39),
(2245, '7898440510875', 49, 3, 'Articulador nylon tipo garfo com mola', '\r', '1 und', 815, 39),
(2246, '7898440511407', 170, 0, 'Dentes de resina', 'Especial\r', 'kit', 835, 39),
(2247, '7898440511537', 43, 1, 'Placa base fina marrron', '\r', '20 und', 836, 39),
(2248, '7898440511544', 43, 3, 'Placa base grossa marrron', '\r', '20 und', 836, 39),
(2249, '7898440511742', 110, 0, 'Mufla de latäo com pino n°6', '\r', '1 und', 837, 39),
(2250, '7898440512039', 170, 0, 'Maçarico blaster', '\r', '1 und', 838, 39),
(2251, '7898440512398', 5, 0, 'Colfadura individual para rio x', '\r', '1 und', 586, 39),
(2252, '7898440512718', 2.75, 220, 'Zolacdor pastico  tamanho grande', '\r', 'kit', 839, 39),
(2253, '7898440512770', 30, 1, 'Mufla de latäo com parafuso meia lua', 'Espesial 2\r', '1 und', 837, 39),
(2254, '7898440513685', 129, 0, 'Mufla de latäo com parafuso n*6', 'Especial\r', '1 und', 837, 39),
(2255, '7898440514354', 2.75, 145, 'Zolacdor pastico tamanho medio', '\r', 'Kit', 839, 39),
(2256, '7898440516617', 35, 1, 'Base de cera n°2', 'Espesial 2\r', '1 und', 835, 39),
(2257, '7898440516808', 150, 0, 'Typodont metal', '\r', '1 und', 835, 39),
(2258, '7898440516822', 82, 1, 'Articulador tecnica bimler', '\r', '1 und', 815, 39),
(2259, '7898440517928', 5.5, 18, 'Fio de latáo 0.50mm', '\r', '3 m', 840, 39),
(2260, '7898440518437', 10.9, 1, 'Lecron', '\r', '1 und', 841, 39),
(2261, '7898440518987', 39, 0, 'Porta algodao limpo de aluminio', '\r', '1 und', 842, 39),
(2262, '7898440519656', 9, 6, 'Prendedor jacaré corrente bichinhos', '\r', '1 und', 843, 39),
(2263, '7898457640022', 170, 0, 'Camara escura para revelado sem iluminaçäo', '\r', '1 und', 844, 20),
(2264, '7898457640053', 650, 1, 'Eliminadora de bolhas pnumatica 4.5l', '\r', '1 und', 845, 20),
(2265, '7898457640350', 350, 0, 'Microjato gold line', '\r', '1 und', 846, 20),
(2266, '7898457640404', 45, 1, 'Oxido aluminio branco 50 microns', '\r', '1 kg', 847, 20),
(2267, '7898457640411', 45, 1, 'Oxido aluminio branco 125 microns', '\r', '1 kg', 847, 20),
(2268, '7898457642019', 260, 0, 'Vibradora de gesso vibramaxx', '\r', '1 und', 848, 20),
(2269, '7898457642040', 890, 1, 'Maçarico gold line', '\r', '1 und', 838, 20),
(2270, '7898457642071', 990, 3, 'Plastificadora a vácuo com motor', '\r', '1 und', 817, 20),
(2271, '7898457642279', 200, 2, 'Seladora selamaxx', '\r', '1 und', 585, 20),
(2272, '7898457642354', 799, 1, 'Solda ponto soldamaxx', '\r', '1 und', 849, 20),
(2273, '7898457646239', 1695, 0, 'Bijato precision', '\r', '1 und', 846, 20),
(2274, '7898457646550', 45, 1, 'Oxido aluminio branco 90 microns', '\r', '1 kg', 847, 20),
(2275, '7898457647069', 1350, 0, 'Prensa hidraulica maxx 2', '\r', '1 und', 850, 20),
(2276, '7898475420095', 52, 4, 'Seringa carpule com refluxo cor rosa', '\r', '1 und', 851, 16),
(2277, '7898475420187', 52, 6, 'Seringa carpule com refluxo cor roxa', '\r', '1 und', 851, 16),
(2278, '7898475420217', 250, 0, 'Alicate corte distal master', '\r', '1 und', 852, 16),
(2279, '7898475420231', 290, 0, 'Alicate corte amarrilho master', '\r', '1 und', 853, 16),
(2280, '7898475420286', 16, 8, 'Colocador de elastique azul lados diferente', '\r', '1 und', 681, 16),
(2281, '7898475421627', 10, 5, 'Espatula 24 st', '\r', '1 und', 854, 16),
(2282, '7898475421924', 9.5, 0, 'Sonda exploradora n05 st', '\r', '1 und', 569, 16),
(2283, '7898475422129', 10.5, 5, 'Espatula lecron', '\r', '1 und', 841, 16),
(2284, '7898475422297', 16, 12, 'Colocador de elastique rosa lados iguais', '\r', '1 und', 681, 16),
(2285, '7898475422679', 85, 3, 'Alicate 001 nance', '\r', '1 und', 636, 16),
(2286, '7898475422716', 85, 3, 'Alicate 053 meia cana', '\r', '1 und', 637, 16),
(2287, '7898475422730', 85, 5, 'Alicate 074 young', '\r', '1 und', 638, 16),
(2288, '7898475422808', 90, 6, 'Alicate 109 de la rosa com mola', '\r', '1 und', 620, 16),
(2289, '7898475422815', 85, 5, 'Alicate 110 how reto', '\r', '1 und', 621, 16),
(2290, '7898475422822', 85, 3, 'Alicate 111 how curvo', '\r', '1 und', 622, 16),
(2291, '7898475422839', 85, 3, 'Alicate 114 jonson conformador de bandas', '\r', '1 und', 855, 16),
(2292, '7898475422853', 85, 2, 'Alicate 120 weingart', '\r', '1 und', 628, 16),
(2293, '7898475422907', 85, 5, 'Alicate 139 angle', '\r', '1 und', 623, 16),
(2294, '7898475422969', 85, 2, 'Alicate 158 formar amarrilho', '\r', '1 und', 624, 16),
(2295, '7898475423065', 85, 1, 'Alicate 346 r removedor de braquete reto', '\r', '1 und', 639, 16),
(2296, '7898475423072', 85, 5, 'Alicate 346 c removedor de braquete curvo', '\r', '1 und', 630, 16),
(2297, '7898475423089', 85, 5, 'Alicate 347 removedor de banda', '\r', '1 und', 631, 16),
(2298, '7898475423133', 90, 3, 'Alicate 350 tweed omega loop estriado', '\r', '1 und', 856, 16),
(2299, '7898475423164', 90, 3, 'Alicate 410 atkinson para barra palatina', '\r', '1 und', 634, 16),
(2300, '7898475423171', 90, 4, 'Alicate 442 c tweed retangular curto', '\r', '1 und', 635, 16),
(2301, '7898475423300', 250, 14, 'Alicate corte amarrilho premiun', '\r', '1 und', 857, 16),
(2302, '7898475423317', 250, 10, 'Alicate corte distal gold', '\r', '1 und', 858, 16),
(2303, '7898475423324', 90, 6, 'Alicate gancho bola', '\r', '1 und', 640, 16),
(2304, '7898475423331', 90, 4, 'Alicate jaraback', '\r', '1 und', 859, 16),
(2305, '7898475423393', 205, 4, 'Alicate 400 w torque individual com chave', '\r', '1 und', 633, 16),
(2306, '7898475423454', 53, 10, 'Porta agulha mathieu 10 cm', '\r', '1 und', 641, 16),
(2307, '7898475423461', 53, 11, 'Porta agulha mathieu 14 cm', '\r', '1 und', 641, 16),
(2308, '7898475423539', 13, 14, 'Colocador de elastique metal lados diferntes', '\r', '1 und', 681, 16),
(2309, '7898475424185', 35, 5, 'Tesoura ouro curva', '\r', '1 und', 860, 16),
(2310, '7898475424406', 35, 16, 'Pinça auxiliar de sutura 12cm', '\r', '1 und', 861, 16),
(2311, '7898475424567', 69, 1, 'Pinça palmer', '\r', '1 und', 862, 16),
(2312, '7898475424758', 19.5, 11, 'Pinça para braquetes', '\r', '1 und', 642, 16),
(2313, '7898475424932', 25, 12, 'Pinça para tubos', '\r', '1 und', 643, 16),
(2314, '7898475424956', 70, 1, 'Jogo de alavanca seldin adulto', 'Especial\r', 'kit 3 und', 863, 16),
(2315, '7898475424970', 70, 2, 'Jogo de alavanca seldin infantil', '\r', 'kit 3 und', 863, 16),
(2316, '7898475424987', 70, 2, 'Jogo de alavanca apical adulto', 'Espacial 4\r', 'kit 3 und', 863, 16),
(2317, '7898475425007', 70, 0, 'Jogo de alavanca apical infantil', 'Espacial 4\r', 'kit 3 un', 863, 16),
(2318, '7898475425038', 70, 1, 'Jogo de alavanca heidbrink', 'Espesial 3\r', 'kit 3 un', 863, 16),
(2319, '7898475425205', 75, 3, 'Porta alicate inox sem tampa', '\r', '1 und', 549, 16),
(2320, '7898475425250', 49, 10, 'Espátula de thompson n°04', 'Espesial 2\r', '1 und', 864, 16),
(2321, '7898475425267', 49, 3, 'Espátula de thompson n°05', 'Especial\r', '1 und', 864, 16),
(2322, '7898475425540', 79, 2, 'Jogo de alavanca apexo', 'Especial 5\r', 'kit 3 und', 863, 16),
(2323, '7898475425618', 26, 0, 'Sugador de sangue metalico curvo', '\r', '1 und', 865, 16),
(2324, '7898475425854', 300, 0, 'Espelho para foto inox kit', '\r', '3 und', 866, 16),
(2325, '7898475425861', 110, 1, 'Espelho para foto oclusal redondo inox', '\r', '1 und', 866, 16),
(2326, '7898475425878', 135, 5, 'Espelho para foto sub lingual inox', '\r', '1 und', 866, 16),
(2327, '7898475425915', 135, 4, 'Espelho para foto lateral inox', '\r', '1 und', 866, 16),
(2328, '7898475426080', 85, 4, 'Porta agulha mathieu com furo para ligadura 14 cm', '\r', '1 und', 641, 16),
(2329, '7898475426219', 65, 0, 'Sugador com desentupidor 19 cm', '\r', '1 und', 865, 16),
(2330, '7898475426509', 29, 9, 'Pinça mosquito reta', '\r', '1 und', 867, 16),
(2331, '7898475427483', 4.5, 270, 'Espelho clínico', '\r', '1 und', 868, 16),
(2332, '7898475427629', 42, 0, 'Seringa carpule com refluxo', '\r', '1 und', 851, 16),
(2333, '7898475427636', 52, 4, 'Seringa carpule com refluxo cor azul', '\r', '1 und', 851, 16),
(2334, '7898475428404', 47, 4, 'Descolador prichard n°03', '\r', '1 und', 869, 16),
(2335, '7898475429425', 8.5, 4, 'Sputnik dobrador de amarrilho', '\r', '1 und', 646, 16),
(2336, '7898475429463', 14, 7, 'Dobrador de fio na distal fechado', '\r', '1 und', 712, 16),
(2337, '7898475429494', 13, 11, 'Colocador de elastique metal lado iguais', '\r', '1 und', 681, 16),
(2338, '7898475429883', 49, 7, 'Espátula de thompson n°01', 'Especial 5\r', '1 und', 864, 16),
(2339, '7898475430124', 49, 4, 'Espátula de thompson n°02', 'Espacial 4\r', '1 und', 864, 16),
(2340, '7898475430131', 49, 7, 'Espátula de thompson n°03', 'Espesial 3\r', '1 und', 864, 16),
(2341, '7898475430179', 49, 0, 'Espátula de thompson n°07', '\r', '1 und', 864, 16),
(2342, '7898475430483', 16, 15, 'Colocador de elastique azul lados iguais', '\r', '1 und', 681, 16),
(2343, '7898475431145', 99, 7, 'Alicate removedor de braquete ceramico', '\r', '1 und', 870, 16),
(2344, '7898475431992', 14.5, 8, 'Bandeja rosa autoclavável 10,5cm x 22,5 cm', '\r', '1 und', 871, 16),
(2345, '7898475432005', 15.5, 9, 'Bandeja cinza autoclavável 12,5cm x 22,5 cm', '\r', '1 und', 871, 16),
(2346, '7898475432029', 14.5, 7, 'Bandeja verde autoclavável 10,5 cm x 22,5 cm', '\r', '1 und', 871, 16),
(2347, '7898475432036', 14.5, 10, 'Bandeja cinza autoclavável 10,5cm x 22,5 cm', '\r', '1 und', 871, 16),
(2348, '7898475432043', 14.5, 8, 'Bandeja roxa autoclavável 10,5 cm x 22,5 cm', '\r', '1 und', 871, 16),
(2349, '7898475432050', 15.5, 8, 'Bandeja azul autoclavável 12,5cm x 22,5 cm', '\r', '1 und', 871, 16),
(2350, '7898475432067', 15.5, 10, 'Bandeja rosa autoclavável 12,5 cm  x 22,5 cm', '\r', '1 und', 871, 16),
(2351, '7898475432142', 15.5, 11, 'Bandeja roxa autoclavável 12,5 cm x 22,5 cm', '\r', '1 und', 871, 16),
(2352, '7898475432203', 15.5, 8, 'Bandeja verde autoclavável 12,5 cm x 22,5 cm', '\r', '1 und', 871, 16),
(2353, '7898475432340', 9, 9, 'Assentador de banda quadrado', '\r', '1 und', 644, 16),
(2354, '7898475432357', 9, 10, 'Assentador de banda triangular', '\r', '1 und', 644, 16),
(2355, '7898475432364', 9, 7, 'Assentador de banda triangular invertido', '\r', '1 und', 644, 16),
(2356, '7898475432531', 10.5, 0, 'Marcador de instrumento pink crisatal', '\r', '50 und', 568, 16),
(2357, '7898488900010', 10.5, 74, 'Arco niti superelástico superior 0.12', '\r', '10 und', 605, 8),
(2358, '7898488900027', 10.5, 78, 'Arco niti superelástico inferior 0.12', '\r', '10 und', 605, 8),
(2359, '7898488900034', 10.5, 42, 'Arco niti superelástico superior 0.14', '\r', '10 und', 605, 8),
(2360, '7898488900041', 10.5, 40, 'Arco niti superelástico inferior 0.14', '\r', '10 und', 605, 8),
(2361, '7898488900058', 10.5, 78, 'Arco niti superelástico superior 0.16', '\r', '10 und', 605, 8),
(2362, '7898488900065', 10.5, 53, 'Arco niti superelástico inferior 0.16', '\r', '10 und', 605, 8),
(2363, '7898488900072', 10.5, 64, 'Arco niti superelástico superior 0.18', '\r', '10 und', 605, 8),
(2364, '7898488900089', 10.5, 55, 'Arco niti superelástico inferior 0.18', '\r', '10 und', 605, 8),
(2365, '7898488900096', 10.5, 52, 'Arco niti superelástico superior 0.20', '\r', '10 und', 605, 8),
(2366, '7898488900102', 10.5, 48, 'Arco niti superelástico inferior 0.20', '\r', '10 und', 605, 8),
(2367, '7898488900119', 18, 19, 'Arco niti superelástico superior 0.16 x 0.16', '\r', '10 und', 606, 8),
(2368, '7898488900126', 18, 13, 'Arco niti superelástico inferior 0.16 x 0.16', '\r', '10 und', 606, 8),
(2369, '7898488900133', 18, 22, 'Arco niti superelástico superior 0.16 x 0.22', '\r', '10 und', 606, 8),
(2370, '7898488900140', 18, 20, 'Arco niti superelástico inferior 0.16 x 0.22', '\r', '10 und', 606, 8),
(2371, '7898488900157', 18, 23, 'Arco niti superelástico superior 0.17 x 0.25', '\r', '10 und', 606, 8),
(2372, '7898488900164', 18, 27, 'Arco niti superelástico inferior 0.17 x 0.25', '\r', '10 und', 606, 8),
(2373, '7898488900171', 18, 8, 'Arco niti superelástico superior 0.18 x 0.25', '\r', '10 und', 606, 8),
(2374, '7898488900188', 18, 27, 'Arco niti superelástico inferior 0.18 x 0.25', '\r', '10 und', 606, 8),
(2375, '7898488900195', 18, 26, 'Arco niti superelástico superior 0.19 x 0.25', '\r', '10 und', 606, 8),
(2376, '7898488900201', 18, 23, 'Arco niti superelástico inferior 0.19 x 0.25', '\r', '10 und', 606, 8),
(2377, '7898488900232', 10.5, 21, 'Arco niti termo superior 0.12', '\r', '10 und', 607, 8),
(2378, '7898488900249', 10.5, 25, 'Arco niti termo inferior 0.12', '\r', '10 und', 607, 8),
(2379, '7898488900256', 10.5, 25, 'Arco niti termo superior 0.14', '\r', '10 und', 607, 8),
(2380, '7898488900263', 10.5, 21, 'Arco niti termo inferior 0.14', '\r', '10 und', 607, 8),
(2381, '7898488900270', 10.5, 79, 'Arco niti termo superior 0.16', '\r', '10 und', 607, 8),
(2382, '7898488900287', 10.5, 106, 'Arco niti termo inferior 0.16', '\r', '10 und', 607, 8),
(2383, '7898488900294', 10.5, 77, 'Arco niti termo superior 0.18', '\r', '10 und', 607, 8),
(2384, '7898488900300', 10.5, 62, 'Arco niti termo inferior 0.18', '\r', '10 und', 607, 8),
(2385, '7898488900317', 10.5, 36, 'Arco niti termo superior 0.20', '\r', '10 und', 607, 8),
(2386, '7898488900324', 10.5, 48, 'Arco niti termo inferior 0.20', '\r', '10 und', 607, 8),
(2387, '7898488900331', 18, 32, 'Arco niti termo superior 0.16 x 0.16', '\r', '10 und', 608, 8),
(2388, '7898488900348', 18, 43, 'Arco niti termo inferior 0.16 x 0.16', '\r', '10 und', 608, 8),
(2389, '7898488900355', 18, 45, 'Arco niti termo superior 0.16 x 0.22', '\r', '10 und', 608, 8),
(2390, '7898488900362', 18, 39, 'Arco niti termo inferior 0.16 x 0.22', '\r', '10 und', 608, 8),
(2391, '7898488900379', 18, 29, 'Arco niti termo superior 0.17 x 0.25', '\r', '10 und', 608, 8),
(2392, '7898488900386', 18, 23, 'Arco niti termo inferior 0.17 x 0.25', '\r', '10 und', 608, 8),
(2393, '7898488900393', 18, 14, 'Arco niti termo superior 0.18 x 0.25', '\r', '10 und', 608, 8),
(2394, '7898488900409', 18, 14, 'Arco niti termo inferior 0.18 x 0.25', '\r', '10 und', 608, 8),
(2395, '7898488900416', 18, 37, 'Arco niti termo superior 0.19 x 0.25', '\r', '10 und', 608, 8),
(2396, '7898488900423', 18, 53, 'Arco niti termo inferior 0.19 x 0.25', '\r', '10 und', 608, 8),
(2397, '7898488900430', 18, 32, 'Arco niti termo superior 0.21 x 0.25', '\r', '10 und', 608, 8),
(2398, '7898488900447', 18, 31, 'Arco niti termo inferior 0.21 x 0.25', '\r', '10 und', 608, 8),
(2399, '7898488900669', 18, 6, 'Mola niti fechada 7mm', '\r', '4 und', 604, 8),
(2400, '7898488900676', 18, 4, 'Mola niti fechada 9mm', '\r', '4 und', 604, 8),
(2401, '7898488900683', 24, 37, 'Mola niti aberta', '\r', '3 und 18cm', 612, 8),
(2402, '7898488900713', 200, 5, 'Braquetes ceramico roth iceram .022\"', 'Roth \r', '1 caso', 522, 8),
(2403, '7898488900737', 220, 2, 'Braquetes ceramico mbt iceram .022\"', 'Roth \r', '1 caso', 522, 8),
(2404, '7898488901826', 11, 19, 'Arco aço superior 0.16 x 0.16', '\r', '10 und', 603, 8),
(2405, '7898488901833', 11, 25, 'Arco aço inferior 0.16 x 0.16', '\r', '10 und', 603, 8),
(2406, '7898488901840', 11, 16, 'Arco aço superior 0.16 x 0.22', '\r', '10 und', 603, 8),
(2407, '7898488901857', 11, 7, 'Arco aço inferior 0.16 x 0.22', '\r', '10 und', 603, 8),
(2408, '7898488901864', 11, 25, 'Arco aço inferior 0.17 x 0.25', '\r', '10 und', 603, 8),
(2409, '7898488901871', 11, 24, 'Arco aço superior 0.18 x 0.25', '\r', '10 und', 603, 8),
(2410, '7898488901888', 11, 16, 'Arco aço inferior 0.18 x 0.25', '\r', '10 und', 603, 8),
(2411, '7898488901895', 11, 27, 'Arco aço superior 0.19 x 0.25', '\r', '10 und', 603, 8),
(2412, '7898488901901', 11, 18, 'Arco aço superior 0.21 x 0.25', '\r', '10 und', 603, 8),
(2413, '7898488901918', 11, 40, 'Arco aço inferior 0.19 x 0.25', '\r', '10 und', 603, 8),
(2414, '7898488901925', 11, 15, 'Arco aço inferior 0.21 x 0.25', '\r', '10 und', 603, 8),
(2415, '7898488901932', 11, 9, 'Arco aço superior 0.17 x 0.25', '\r', '10 und', 603, 8),
(2416, '7898488902069', 9.1, 26, 'Arco aço superior 0.12', '\r', '10 und', 602, 8),
(2417, '7898488902076', 9.1, 29, 'Arco aço inferior 0.12', '\r', '10 und', 602, 8),
(2418, '7898488902083', 9.1, 24, 'Arco aço superior 0.14', '\r', '10 und', 602, 8),
(2419, '7898488902090', 9.1, 28, 'Arco aço inferior 0.14', '\r', '10 und', 602, 8),
(2420, '7898488902106', 9.1, 35, 'Arco aço superior 0.16', '\r', '10 und', 602, 8),
(2421, '7898488902113', 9.1, 37, 'Arco aço inferior 0.16', '\r', '10 und', 602, 8),
(2422, '7898488902120', 9.1, 14, 'Arco aço superior 0.18', '\r', '10 und', 602, 8),
(2423, '7898488902137', 9.1, 13, 'Arco aço inferior 0.18', '\r', '10 und', 602, 8),
(2424, '7898488902144', 9.1, 17, 'Arco aço superior 0.20', '\r', '10 und', 602, 8),
(2425, '7898488902151', 9.1, 16, 'Arco aço inferior 0.20', '\r', '10 und', 602, 8),
(2426, '7898488902625', 13, 1, 'Reposição ceramico roth iceram peça 13 .022\"', '\r', '1 und', 515, 8),
(2427, '7898488902632', 13, 5, 'Reposição ceramico roth iceram peça 12 .022\"', '\r', '1 und', 515, 8),
(2428, '7898488902656', 13, 5, 'Reposição ceramico roth iceram peça 21 .022\"', '\r', '1 und', 515, 8),
(2429, '7898488902663', 13, 4, 'Reposição ceramico roth iceram peça 22 .022\"', '\r', '1 und', 515, 8),
(2430, '7898488902670', 13, 4, 'Reposição ceramico roth iceram peça 23 .022\"', '\r', '1 und', 515, 8),
(2431, '7898488902687', 13, 4, 'Reposição ceramico roth iceram peça 15/14 .022\"', '\r', '1 und', 515, 8),
(2432, '7898488902694', 13, 0, 'Reposição ceramico roth iceram peça 45 .022\"', '\r', '1 und', 515, 8),
(2433, '7898488902700', 13, 2, 'Reposição ceramico roth iceram peça 44 .022\"', '\r', '1 und', 515, 8),
(2434, '7898488902717', 13, 2, 'Reposição ceramico roth iceram peça 43 .022\"', '\r', '1 und', 515, 8),
(2435, '7898488902724', 13, 6, 'Reposição ceramico roth iceram peça 31/32/41/42 .022\"', '\r', '1 und', 515, 8),
(2436, '7898488902731', 13, 2, 'Reposição ceramico roth iceram peça 33 .022\"', '\r', '1 und', 515, 8),
(2437, '7898488902748', 13, 2, 'Reposição ceramico roth iceram peça 34 .022\"', '\r', '1 und', 515, 8),
(2438, '7898488902755', 13, 1, 'Reposição ceramico roth iceram peça 35 .022\"', '\r', '1 und', 515, 8),
(2439, '7898488903578', 37, 10, 'Arco braided superior 0.16 x 0.22', '\r', '10 und', 872, 8),
(2440, '7898488903585', 37, 18, 'Arco braided inferior 0.16 x 0.22', '\r', '10 und', 872, 8),
(2441, '7898488903592', 37, 11, 'Arco braided superior 0.17 x 0.25', '\r', '10 und', 872, 8),
(2442, '7898488903608', 37, 16, 'Arco braided inferior 0.17 x 0.25', '\r', '10 und', 872, 8),
(2443, '7898488903615', 37, 15, 'Arco braided superior 0.18 x 0.25', '\r', '10 und', 872, 8),
(2444, '7898488903622', 37, 19, 'Arco braided inferior 0.18 x 0.25', '\r', '10 und', 872, 8),
(2445, '7898488903639', 37, 18, 'Arco braided superior 0.19 x 0.25', '\r', '10 und', 872, 8),
(2446, '7898488903646', 37, 18, 'Arco braided inferior 0.19 x 0.25', '\r', '10 und', 872, 8),
(2447, '7898488903653', 37, 19, 'Arco braided superior 0.21 x 0.25', '\r', '10 und', 872, 8),
(2448, '7898488903660', 37, 10, 'Arco braided inferior 0.21 x 0.25', '\r', '10 und', 872, 8),
(2449, '7898488904469', 27.5, 40, 'Braquetes metalico roth advenced .022\"', 'Roth \r', '1 caso', 517, 8),
(2450, '7898488904483', 11.6, 4, 'Reposição metalico roth advanced peça 12 .022\"', '\r', '10 und', 873, 8),
(2451, '7898488904490', 15, 2, 'Reposição metalico roth advanced peça 13 .022\"', '\r', '10 und', 873, 8),
(2452, '7898488904506', 15, 45, 'Reposição metalico roth advanced peça 15/14 .022\"', '\r', '10 und', 873, 8),
(2453, '7898488904513', 11.6, 2, 'Reposição metalico roth advanced peça 21  .022\"', '\r', '10 und', 873, 8),
(2454, '7898488904520', 11.6, 6, 'Reposição metalico roth advanced peça 22  .022\"', '\r', '10 und', 873, 8),
(2455, '7898488904537', 15, 4, 'Reposição metalico roth advanced peça 23  .022\"', '\r', '10 und', 873, 8),
(2456, '7898488904544', 15, 37, 'Reposição metalico roth advanced peça 24/25 .022\"', '\r', '10 und', 873, 8),
(2457, '7898488904551', 11.6, 13, 'Reposição metalico roth advanced peça 31/32/42/41  .022\"', '\r', '10 und', 873, 8),
(2458, '7898488904568', 15, 5, 'Reposição metalico roth advanced peça 43 .022\"', '\r', '10 und', 873, 8),
(2459, '7898488904575', 15, 5, 'Reposição metalico roth advanced peça 44  .022\"', '\r', '10 und', 873, 8),
(2460, '7898488904582', 15, 3, 'Reposição metalico roth advanced peça 45 .022\"', '\r', '10 und', 873, 8),
(2461, '7898488904599', 15, 3, 'Reposição metalico roth advanced peça 33  .022\"', '\r', '10 und', 873, 8),
(2462, '7898488904605', 15, 3, 'Reposição metalico roth advanced peça 34  .022\"', '\r', '10 und', 873, 8),
(2463, '7898488904612', 15, 3, 'Reposição metalico roth advanced peça 35  .022\"', '\r', '10 und', 873, 8),
(2464, '7898488904629', 27.5, 9, 'Braquetes metalico mbt advenced .022\"', 'Mbt\r', '1 Caso', 517, 8),
(2465, '7898488905046', 350, 0, 'Alicate corte distal', '\r', '1 und', 874, 8),
(2466, '7898488905053', 350, 1, 'Alicate corte amarrilho', '\r', '1 und', 616, 8),
(2467, '7898488905992', 550, 6, 'Braquetes safiro roth iceram s .022\"', 'Roth \r', '1 caso', 521, 8),
(2468, '7898488906296', 13, 5, 'Reposição ceramico roth iceram peça 11 .022\"', '\r', '1 und', 515, 8),
(2469, '7898488907019', 35.5, 3, 'Reposição safiro roth icerams peça 12 .022\"', '\r', '1 und', 520, 8),
(2470, '7898488907026', 35.5, 5, 'Reposição safiro roth icerams peça 13 .022\"', '\r', '1 und', 520, 8),
(2471, '7898488907033', 35.5, 5, 'Reposição safiro roth icerams peça 15/14 .022\"', '\r', '1 und', 520, 8),
(2472, '7898488907040', 35.5, 2, 'Reposição safiro roth icerams peça 21 .022\"', '\r', '1 und', 520, 8),
(2473, '7898488907057', 35.5, 3, 'Reposição safiro roth icerams peça 22 .022\"', '\r', '1 und', 520, 8),
(2474, '7898488907064', 35.5, 8, 'Reposição safiro roth icerams peça 23 .022\"', '\r', '1 und', 520, 8),
(2475, '7898488907071', 35.5, 5, 'Reposição safiro roth icerams peça 24/25 .022\"', '\r', '1 und', 875, 8),
(2476, '7898488907088', 35.5, 5, 'Reposição safira roth icerams peça 31/32/41/42 .022\"', '\r', '1 und', 520, 8),
(2477, '7898488907095', 35.5, 2, 'Reposição safiro roth icerams peça 43 .022\"', '\r', '1 und', 520, 8),
(2478, '7898488907101', 35.5, 2, 'Reposição safiro roth icerams peça 44 .022\"', '\r', '1 und', 520, 8),
(2479, '7898488907118', 35.5, 2, 'Reposição safiro roth icerams peça 45 .022\"', '\r', '1 und', 520, 8),
(2480, '7898488907125', 35.5, 7, 'Reposição safiro roth icerams peça 33 .022\"', '\r', '1 und', 520, 8),
(2481, '7898488907132', 35.5, 6, 'Reposição safiro roth icerams peça 34 .022\"', '\r', '1 und', 520, 8),
(2482, '7898488907149', 35.5, 4, 'Reposição safiro roth icerams peça 35 .022\"', '\r', '1 und', 520, 8),
(2483, '7898488907170', 35, 20, 'Reposição safiro roth icerams peça 11 .022\"', '\r', '1 und', 520, 8),
(2484, '7898488907187', 240, 0, 'Braquetes metalico roth advenced+1 caso de brinde .022\"', 'Roth \r', '10 casos', 517, 8),
(2485, '7898488908801', 28, 13, 'Tubo roth cola simples conversivel 16', '\r', '10 und', 876, 8),
(2486, '7898488908818', 28, 17, 'Tubo roth cola simples conversivel 26', '\r', '10 und', 876, 8),
(2487, '7898488908825', 28, 15, 'Tubo roth cola simples conversivel 46', '\r', '10 und', 876, 8),
(2488, '7898488908832', 28, 18, 'Tubo roth cola simples conversivel 36', '\r', '10 und', 876, 8),
(2489, '7898488908849', 28, 15, 'Tubo roth cola simples peça 17', '\r', '10 und', 524, 8),
(2490, '7898488908856', 28, 10, 'Tubo roth cola simples peça 27', '\r', '10 und', 524, 8),
(2491, '7898488908863', 28, 15, 'Tubo roth cola simples peça 47', '\r', '10 und', 524, 8),
(2492, '7898488908870', 28, 13, 'Tubo roth cola simples peça 37', '\r', '10 und', 524, 8),
(2493, '7898488908887', 28, 6, 'Tubo mbt cola simples peça 17', '\r', '10 und', 730, 8),
(2494, '7898488908894', 28, 3, 'Tubo mbt cola simples peça 27', '\r', '10 und', 730, 8),
(2495, '7898488908900', 28, 3, 'Tubo mbt cola simples peça 47', '\r', '10 und', 730, 8),
(2496, '7898488908917', 28, 3, 'Tubo mbt cola simples peça 37', '\r', '10 und', 730, 8),
(2497, '7898488908924', 28, 10, 'Tubo roth cola simples peça 16', '\r', '10 und', 524, 8),
(2498, '7898488908948', 28, 8, 'Tubo roth cola simples peça 46', '\r', '10 und', 524, 8),
(2499, '7898488908955', 28, 15, 'Tubo roth cola simples peça 36', '\r', '10 und', 524, 8),
(2500, '7898488908962', 28, 3, 'Tubo mbt cola simples peça 16', '\r', '10 und', 730, 8),
(2501, '7898488908979', 28, 3, 'Tubo mbt cola simples peça 26', '\r', '10 und', 730, 8),
(2502, '7898488908986', 28, 3, 'Tubo mbt cola simples peça 46', '\r', '10 und', 730, 8),
(2503, '7898488908993', 28, 4, 'Tubo mbt cola simples peça 36', '\r', '10 und', 730, 8),
(2504, '7898488909006', 30.5, 13, 'Tubo roth cola duplo peça 16', '\r', '10 und', 525, 8),
(2505, '7898488909013', 30.5, 10, 'Tubo roth cola duplo peça 26', '\r', '10 und', 525, 8),
(2506, '7898488909020', 30.5, 12, 'Tubo roth cola duplo peça 46', '\r', '10 und', 525, 8),
(2507, '7898488909037', 30.5, 9, 'Tubo roth cola duplo peça 36', '\r', '10 und', 525, 8),
(2508, '7898488909549', 300, 1, 'Braquetes ceramico roth iceram solt meta .022\"', 'Roth \r', '1 caso', 522, 8),
(2509, '7898488914307', 65, 9, 'Suporte alicate com tampa cor cristal', '\r', '1 und (10 Alicates)', 552, 14),
(2510, '7898488923125', 11.6, 6, 'Reposição metalico roth advanced peça 11 .022\"', '\r', '10 und', 873, 8),
(2511, '7898488923163', 28, 7, 'Tubo roth cola simples peça 26', '\r', '10 und', 524, 8),
(2512, '7898488923194', 25, 9, 'Arco curva reversa inferior 0.12', '\r', '10 und', 609, 8),
(2513, '7898488923200', 25, 17, 'Arco curva reversa inferior 0.14', '\r', '10 und', 609, 8),
(2514, '7898488923217', 25, 12, 'Arco curva reversa inferior 0.16', '\r', '10 und', 609, 8),
(2515, '7898488923224', 25, 16, 'Arco curva reversa inferior 0.18', '\r', '10 und', 609, 8),
(2516, '7898488923231', 25, 3, 'Arco curva reversa inferior 0.20', '\r', '10 und', 609, 8),
(2517, '7898488923248', 26, 4, 'Arco curva reversa inferior 0.16 x 0.16', '\r', '10 und', 614, 8),
(2518, '7898488923255', 26, 12, 'Arco curva reversa inferior 0.16 x 0.22', '\r', '10 und', 677, 8),
(2519, '7898488923262', 26, 13, 'Arco curva reversa inferior 0.17 x 0.25', '\r', '10 und', 677, 8),
(2520, '7898488923279', 26, 10, 'Arco curva reversa inferior 0.18 x 0.25', '\r', '10 und', 677, 8),
(2521, '7898488923286', 26, 20, 'Arco curva reversa inferior 0.19 x 0.25', '\r', '10 und', 677, 8),
(2522, '7898488923309', 25, 9, 'Arco curva reversa superior 0.12', '\r', '10 und', 609, 8),
(2523, '7898488923316', 25, 12, 'Arco curva reversa superior 0.14', '\r', '10 und', 609, 8),
(2524, '7898488923323', 25, 11, 'Arco curva reversa superior 0.16', '\r', '10 und', 609, 8),
(2525, '7898488923330', 25, 12, 'Arco curva reversa superior 0.18', '\r', '10 und', 609, 8),
(2526, '7898488923347', 25, 9, 'Arco curva reversa superior 0.20', '\r', '10 und', 609, 8),
(2527, '7898488923354', 26, 4, 'Arco curva reversa superior 0.16 x 0.16', '\r', '10 und', 677, 8),
(2528, '7898488923361', 26, 10, 'Arco curva reversa superior 0.16 x 0.22', '\r', '10 und', 677, 8),
(2529, '7898488923378', 26, 11, 'Arco curva reversa superior 0.17 x 0.25', '\r', '10 und', 677, 8),
(2530, '7898488923385', 26, 15, 'Arco curva reversa superior 0.18 x 0.25', '\r', '10 und', 677, 8),
(2531, '7898488923392', 26, 24, 'Arco curva reversa superior 0.19 x 0.25', '\r', '10 und', 677, 8),
(2532, '7898488928168', 990, 2, 'Braquetes metalico roth advenced .022\"', 'Roth \r', '50 casos', 517, 8),
(2533, '7898488929103', 36, 5, 'Arco copper niti superior 0.12', '\r', '10 und', 613, 8),
(2534, '7898488929110', 36, 5, 'Arco copper niti superior 0.14', '\r', '10 und', 613, 8),
(2535, '7898488929127', 36, 5, 'Arco copper niti superior 0.16', '\r', '10 und', 613, 8),
(2536, '7898488929134', 36, 6, 'Arco copper niti superior 0.18', '\r', '10 und', 613, 8),
(2537, '7898488929172', 55, 3, 'Arco copper niti superior 0.17 x 0.25', '\r', '10 und', 614, 8),
(2538, '7898488929189', 55, 5, 'Arco copper niti superior 0.18 x 0.25', '\r', '10 und', 614, 8),
(2539, '7898488929219', 36, 4, 'Arco copper niti inferior 0.12', '\r', '10 und', 613, 8),
(2540, '7898488929226', 36, 6, 'Arco copper niti inferior 0.14', '\r', '10 und', 613, 8),
(2541, '7898488929233', 36, 5, 'Arco copper niti inferior 0.16', '\r', '10 und', 613, 8),
(2542, '7898488929240', 36, 5, 'Arco copper niti inferior 0.18', '\r', '10 und', 613, 8),
(2543, '7898488929288', 55, 5, 'Arco copper niti inferior 0.17 x 0.25', '\r', '10 und', 614, 8),
(2544, '7898488929295', 55, 5, 'Arco copper niti inferior 0.18 x 0.25', '\r', '10 und', 614, 8),
(2545, '7898488932196', 55, 5, 'Arco copper niti superior 0.14 x 0.25', '\r', '10 und', 614, 8),
(2546, '7898488932202', 55, 5, 'Arco copper niti superior 0.16 x 0.25', '\r', '10 und', 614, 8),
(2547, '7898488932219', 55, 7, 'Arco copper niti inferior 0.14 x 0.25', '\r', '10 und', 614, 8),
(2548, '7898488932226', 55, 5, 'Arco copper niti inferior 0.16 x 0.25', '\r', '10 und', 614, 8),
(2549, '7898488938594', 599, 1, 'Braquetes safira mbt iceram s .022\"', 'Mbt\r', '1 caso', 521, 8),
(2550, '7898488943598', 60, 1, 'Reposição autoliado ceramico roth slb peça peça 12 .022\"', '\r', '1 und', 734, 8),
(2551, '7898488943611', 60, 1, 'Reposição autoliado ceramico roth slb peça 14/15 .022\"', '\r', '1 und', 734, 8),
(2552, '7898488943666', 60, 1, 'Reposição autoliado ceramico roth slb peça 31/32/41/42 .022\"', '\r', '1 und', 734, 8),
(2553, '7898488943710', 60, 1, 'Reposição autoliado ceramico roth slb peça 44 .022\"', '\r', '1 und', 734, 8),
(2554, '7898488944380', 250, 1, 'Alicate 120 weingart', '\r', '1 und', 628, 8),
(2555, '7898488945103', 650, 9, 'Braquetes autoligado ceramico roth slb .022\"', 'Roth \r', '1 caso', 523, 8),
(2556, '7898488948456', 65, 18, 'Braquetes metalico roth premium elite .022\"', 'Roth 2\r', '1 caso', 517, 8),
(2557, '7898488948623', 65, 1, 'Braquetes metalico mbt premium elite .022\"', 'Mbt 2\r', '1 caso', 517, 8),
(2558, '7898488949385', 5.5, 13, 'Ligadura bengalinha azul', 'Azul\r', '1000 und', 690, 8),
(2559, '7898488949392', 5.5, 8, 'Ligadura bengalinha vermelho', 'Vermelho\r', '1000 und', 690, 8),
(2560, '7898488949408', 5.5, 13, 'Ligadura bengalinha rosa pink', 'Rosa pink\r', '1000 und', 690, 8),
(2561, '7898488949415', 5.5, 22, 'Ligadura bengalinha preto', 'Preto\r', '1000 und', 690, 8),
(2562, '7898488949422', 5.5, 27, 'Ligadura bengalinha verde mar', 'Verde mar\r', '1000 und', 690, 8),
(2563, '7898488949439', 5.5, 19, 'Ligadura bengalinha verde cristal', 'Verde cristal\r', '1000 und', 690, 8),
(2564, '7898488949446', 5.5, 13, 'Ligadura bengalinha pink cristal', 'Pink crisatal\r', '1000 und', 690, 8),
(2565, '7898488949453', 5.5, 16, 'Ligadura bengalinha cinza', 'Cinza\r', '1000 und', 690, 8),
(2566, '7898488949460', 5.5, 31, 'Ligadura bengalinha trasmparente', 'Trasmparente\r', '1000 und', 690, 8),
(2567, '7898488949477', 5.5, 14, 'Ligadura bengalinha azul cristal', 'Azul crisatal\r', '1000 und', 690, 8),
(2568, '7898488949484', 5.5, 8, 'Ligadura bengalinha azul marinho', 'Azul marinho\r', '1000 und', 690, 8),
(2569, '7898488949491', 5.5, 11, 'Ligadura bengalinha roxo', 'Roxo\r', '1000 und', 690, 8),
(2570, '7898488949507', 5.5, 12, 'Ligadura bengalinha branco', '\r', '1000 und', 690, 8),
(2571, '7898488949514', 5.5, 5, 'Ligadura bengalinha amarelo', 'Amarelo\r', '1000 und', 690, 8),
(2572, '7898488949521', 5.5, 6, 'Ligadura bengalinha amarelo cristal', 'Amarelo cristal\r', '1000 und', 690, 8),
(2573, '7898488949538', 5.5, 10, 'Ligadura bengalinha lilas', 'Lilas\r', '1000 und', 690, 8),
(2574, '7898488949545', 5.5, 3, 'Ligadura bengalinha amarelo limäo', 'Amarelo limäo\r', '1000 und', 690, 8),
(2575, '7898488949552', 5.5, 16, 'Ligadura bengalinha prata', 'Prata\r', '1000 und', 690, 8),
(2576, '7898488949569', 5.5, 10, 'Ligadura bengalinha rosa cristal', 'Rosa cristal\r', '1000 und', 690, 8),
(2577, '7898488949576', 5.5, 19, 'Ligadura bengalinha azul bebe', 'Azul bebe\r', '1000 und', 690, 8),
(2578, '7898488949583', 5.5, 3, 'Ligadura bengalinha rosa bebe', 'Rosa bebe\r', '1000 und', 690, 8),
(2579, '7898488949590', 5.5, 15, 'Ligadura bengalinha vermelho cristal', 'Vermelho cristal\r', '1000 und', 690, 8),
(2580, '7898488949606', 5.5, 14, 'Ligadura bengalinha larnaja cristal', 'Laranja crisatal\r', '1000 und', 690, 8),
(2581, '7898488949613', 5.5, 3, 'Ligadura bengalinha pearl', 'Pearl\r', '1000 und', 690, 8),
(2582, '7898488949620', 5.5, 8, 'Ligadura bengalinha pearl blue', 'Pearl blue\r', '1000 und', 690, 8),
(2583, '7898488949637', 5.5, 36, 'Ligadura bengalinha sortido', 'Sortido\r', '1000 und', 690, 8),
(2584, '7898488949903', 5.5, 27, 'Elástico intra oral 1/8 leve', '\r', '1000 und', 511, 8),
(2585, '7898488949910', 6.5, 12, 'Elástico intra oral 3/16 leve', '\r', '1000 und', 511, 8),
(2586, '7898488949934', 10, 16, 'Elástico intra oral 5/16 leve', '\r', '1000 und', 511, 8),
(2587, '7898488949965', 5.5, 22, 'Elástico intra oral 1/8 media', '\r', '1000 und', 511, 8),
(2588, '7898488949972', 6.5, 25, 'Elástico intra oral 3/16 media', '\r', '1000 und', 511, 8),
(2589, '7898488949989', 7.5, 9, 'Elástico intra oral 1/4 medio', '\r', '1000 und', 511, 8),
(2590, '7898488949996', 10, 8, 'Elástico intra oral 5/16 medio', '\r', '1000 und', 511, 8),
(2591, '7898488950022', 5.5, 24, 'Elástico intra oral 1/8 pesado', '\r', '1000 und', 511, 8),
(2592, '7898488950039', 6.5, 26, 'Elástico intra oral 3/16 pesado', '\r', '1000 und', 511, 8),
(2593, '7898488950046', 7.5, 14, 'Elástico intra oral 1/4 pesado', '\r', '1000 und', 511, 8),
(2594, '7898488950053', 10, 10, 'Elástico intra oral 5/16 pesodo', '\r', '100 und', 511, 8),
(2595, '7898488950091', 8.5, 9, 'Elástico extra oral 1/2 media', '\r', '100 und', 689, 8),
(2596, '7898488950565', 5.5, 40, 'Ligadura bengalinha sortido cristal', 'Sortido cristal\r', '1000 und', 690, 8),
(2597, '7898488950589', 8.5, 2, 'Elástico corrente curto azul', 'Azul\r', '1.5 m', 497, 8),
(2598, '7898488950596', 8.5, 2, 'Elástico corrente curto vermelho', 'Vermelho\r', '1.5 m', 497, 8),
(2599, '7898488950602', 8.5, 2, 'Elástico corrente curto rosa pink', 'Rosa pink\r', '1.5 m', 497, 8),
(2600, '7898488950619', 8.5, 2, 'Elástico corrente curto preto', 'Preto\r', '1.5 m', 497, 8),
(2601, '7898488950626', 8.5, 2, 'Elástico corrente curto verde mar', 'Verde mar\r', '1.5 m', 497, 8),
(2602, '7898488950633', 8.5, 2, 'Elástico corrente curto verde cristal', 'Verde cristal\r', '1.5 m', 497, 8),
(2603, '7898488950640', 8.5, 2, 'Elástico corrente curto pink cristal', 'Pink crisatal\r', '1.5 m', 497, 8),
(2604, '7898488950657', 8.5, 2, 'Elástico corrente curto cinza', 'Cinza\r', '1.5 m', 497, 8),
(2605, '7898488950671', 8.5, 2, 'Elástico corrente curto azul cristal', 'Azul crisatal\r', '1.5 m', 497, 8),
(2606, '7898488950688', 8.5, 2, 'Elástico corrente curto azul marinho', 'Azul marinho\r', '1.5 m', 497, 8),
(2607, '7898488950695', 8.5, 2, 'Elástico corrente curto roxo', 'Roxo\r', '1.5 m', 497, 8),
(2608, '7898488950701', 8.5, 2, 'Elástico corrente curto branco', 'Branco\r', '1.5 m', 497, 8),
(2609, '7898488950725', 8.5, 4, 'Elástico corrente curto amrelo cristal', 'Amarelo cristal\r', '1.5 m', 497, 8),
(2610, '7898488950732', 8.5, 2, 'Elástico corrente curto lilas', 'Lilas\r', '1.5 m', 497, 8),
(2611, '7898488950749', 8.5, 2, 'Elástico corrente curto amrelo limäo', 'Amarelo limäo\r', '1.5 m', 497, 8),
(2612, '7898488950756', 8.5, 2, 'Elástico corrente curto prata', 'Prata\r', '1.5 m', 497, 8),
(2613, '7898488950763', 8.5, 2, 'Elástico corrente curto rosa cristal', 'Rosa cristal\r', '1.5 m', 497, 8),
(2614, '7898488950770', 8.5, 2, 'Elástico corrente curto azul bebe', 'Azul bebe\r', '1.5 m', 497, 8),
(2615, '7898488950787', 8.5, 2, 'Elástico corrente curto rosa bebe', 'Rosa bebe\r', '1.5 m', 497, 8),
(2616, '7898488950794', 8.5, 2, 'Elástico corrente curto vermelho cristal', 'Vermelho cristal\r', '1.5 m', 497, 8),
(2617, '7898488950800', 8.5, 2, 'Elástico corrente curto laranja cristal', 'Laranja crisatal\r', '1.5 m', 497, 8),
(2618, '7898488950817', 8.5, 2, 'Elástico corrente curto pearl', 'Pearl\r', '1.5 m', 497, 8),
(2619, '7898488950824', 8.5, 2, 'Elástico corrente curto pearl blue', 'Pearl blue\r', '1.5 m', 497, 8),
(2620, '7898488950831', 24.5, 3, 'Elástico corrente curto trasmparente', 'Trasmparente\r', '4.5 m', 497, 8),
(2621, '7898488950862', 8.5, 3, 'Elástico corrente medio azul', 'Azul\r', '1.5 m', 497, 8),
(2622, '7898488950879', 8.5, 3, 'Elástico corrente medio vermelho', 'Vermelho\r', '1.5 m', 497, 8),
(2623, '7898488950886', 8.5, 3, 'Elástico corrente medio rosa pink', 'Rosa pink\r', '1.5 m', 497, 8),
(2624, '7898488950893', 8.5, 3, 'Elástico corrente medio preto', 'Preto\r', '1.5 m', 497, 8),
(2625, '7898488950909', 8.5, 3, 'Elástico corrente medio verde mar', 'Verde mar\r', '1.5 m', 497, 8),
(2626, '7898488950916', 8.5, 3, 'Elástico corrente medio verde cristal', 'Verde cristal\r', '1.5 m', 497, 8),
(2627, '7898488950923', 8.5, 2, 'Elástico corrente medio pink cristal', 'Pink crisatal\r', '1.5 m', 497, 8),
(2628, '7898488950930', 8.5, 3, 'Elástico corrente medio cinza', 'Cinza\r', '1.5 m', 497, 8),
(2629, '7898488950954', 8.5, 3, 'Elástico corrente medio azul cristal', 'Azul crisatal\r', '1.5 m', 497, 8),
(2630, '7898488950961', 8.5, 3, 'Elástico corrente medio azul marinho', 'Azul marinho\r', '1.5 m', 497, 8),
(2631, '7898488950978', 8.5, 3, 'Elástico corrente medio roxo', 'Roxo\r', '1.5 m', 497, 8),
(2632, '7898488950985', 8.5, 5, 'Elástico corrente medio branco', 'Branco\r', '1.5 m', 497, 8),
(2633, '7898488951005', 8.5, 5, 'Elástico corrente medio amarelo cristal', 'Amarelo cristal\r', '1.5 m', 497, 8),
(2634, '7898488951012', 8.5, 3, 'Elástico corrente medio lilas', 'Lilas\r', '1.5 m', 497, 8),
(2635, '7898488951029', 8.5, 2, 'Elástico corrente medio amrelo limäo', 'Amarelo limäo\r', '1.5 m', 497, 8),
(2636, '7898488951036', 8.5, 2, 'Elástico corrente medio prata', 'Prata\r', '1.5 m', 497, 8),
(2637, '7898488951043', 8.5, 3, 'Elástico corrente medio rosa cristal', 'Rosa cristal\r', '1.5 m', 497, 8),
(2638, '7898488951050', 8.5, 3, 'Elástico corrente medio azul bebe', 'Azul bebe\r', '1.5 m', 497, 8),
(2639, '7898488951067', 8.5, 3, 'Elástico corrente medio rosa bebe', 'Rosa bebe\r', '1.5 m', 497, 8),
(2640, '7898488951074', 8.5, 3, 'Elástico corrente medio vermelho cristal', 'Vermelho cristal\r', '1.5 m', 497, 8),
(2641, '7898488951081', 8.5, 2, 'Elástico corrente medio laranja cristal', 'Laranja crisatal\r', '1.5 m', 497, 8),
(2642, '7898488951098', 8.5, 3, 'Elástico corrente medio pearl', 'Pearl\r', '1.5 m', 497, 8),
(2643, '7898488951104', 8.5, 3, 'Elástico corrente medio pearl blue', 'Pearl blue\r', '1.5 m', 497, 8),
(2644, '7898488951111', 24.5, 4, 'Elástico corrente medio trasmparente', 'Trasmparente\r', '4.5 m', 497, 8),
(2645, '7898488951142', 8.5, 1, 'Elástico corrente longo azul', 'Azul\r', '1.5 m', 497, 8),
(2646, '7898488951159', 8.5, 2, 'Elástico corrente longo vermelho', 'Vermelho\r', '1.5 m', 497, 8),
(2647, '7898488951166', 8.5, 1, 'Elástico corrente longo rosa pink', 'Rosa pink\r', '1.5 m', 497, 8),
(2648, '7898488951180', 8.5, 1, 'Elástico corrente longo verde mar', 'Verde mar\r', '1.5 m', 497, 8),
(2649, '7898488951197', 8.5, 1, 'Elástico corrente longo verde cristal', 'Verde cristal\r', '1.5 m', 497, 8),
(2650, '7898488951203', 8.5, 1, 'Elástico corrente longo pink cristal', 'Pink crisatal\r', '1.5 m', 497, 8),
(2651, '7898488951234', 8.5, 1, 'Elástico corrente longo azul cristal', 'Azul crisatal\r', '1.5 m', 497, 8),
(2652, '7898488951241', 8.5, 2, 'Elástico corrente longo azul marinho', 'Azul marinho\r', '1.5 m', 497, 8),
(2653, '7898488951289', 8.5, 2, 'Elástico corrente longo amarelo cristal', 'Amarelo cristal\r', '1.5 m', 497, 8),
(2654, '7898488951302', 8.5, 2, 'Elástico corrente longo amarelo limäo', 'Amarelo limäo\r', '1.5 m', 497, 8),
(2655, '7898488951319', 8.5, 1, 'Elástico corrente longo prata', 'Prata\r', '1.5 m', 497, 8),
(2656, '7898488951326', 8.5, 5, 'Elástico corrente longo rosa cristal', 'Rosa cristal\r', '1.5 m', 497, 8),
(2657, '7898488951333', 8.5, 1, 'Elástico corrente longo azul bebe', 'Azul bebe\r', '1.5 m', 497, 8),
(2658, '7898488951340', 8.5, 3, 'Elástico corrente longo rosa bebe', 'Rosa bebe\r', '1.5 m', 497, 8),
(2659, '7898488951371', 8.5, 2, 'Elástico corrente longo pearl', 'Pearl\r', '1.5 m', 497, 8),
(2660, '7898488951388', 8.5, 3, 'Elástico corrente longo pearl blue', 'Pearl blue\r', '1.5 m', 497, 8),
(2661, '7898488951395', 24.5, 2, 'Elástico corrente longo transparente', 'Trasmparente\r', '4.5 m', 497, 8),
(2662, '7898488951555', 3000, 0, 'Fotoplimerizador ledx-t 2400', '\r', '1 und', 816, 8),
(2663, '7898488952781', 15, 1, 'Embalagem para elástico paciente', '\r', '50 und', 686, 8),
(2664, '7898488955744', 68, 11, 'Broca de alta rotação para remoção', '\r', '1 und', 743, 8),
(2665, '7898488957977', 199, 4, 'Braquetes autoligado roth orthoclip ultra p .022\"', 'Roth \r', '1 caso', 518, 8),
(2666, '7898488958141', 199, 5, 'Braquetes autoligado metalico mbt orthoclip ultra p .022\"', 'Mbt\r', '1 caso', 518, 8),
(2667, '7898488958394', 89, 27, 'Braquetes ceramico roth ice clear .022\"', 'Roth 2\r', '1 caso', 522, 8),
(2668, '7898488976909', 210, 0, 'Braquetes metalico roth advenced .022\"', 'Roth \r', '10 casos', 517, 8),
(2669, '7898488976916', 210, 2, 'Braquetes metalico mbt advenced .022\"', 'Mbt\r', '10 casos', 517, 8),
(2670, '7898488985178', 270, 6, 'Braquetes metalico roth advenced + brinde 20 arcos nit e 10 bengalinhas .022\"', 'Roth \r', '10 casos', 517, 8),
(2671, '7898488989343', 24, 13, 'Tubo roth cola simples advanced  peça 16/17', 'Especial\r', '10 und', 524, 8),
(2672, '7898488989350', 24, 12, 'Tubo roth cola simples advanced  peça 26/27', 'Especial\r', '10 und', 524, 8),
(2673, '7898488989367', 24, 11, 'Tubo roth cola simples advanced  peça 36/37', 'Especial\r', '10 und', 524, 8),
(2674, '7898488989374', 24, 12, 'Tubo roth cola simples advanced  peça 46/47', 'Especial\r', '10 und', 524, 8),
(2675, '7898488989749', 1900, 4, 'Bráquetes metálico roth advanced + 10 casos de breinde .022\"', 'Roth \r', '100 casos', 517, 8),
(2676, '7898510673141', 25, 0, 'Haste do soro fisiologico produto', 'Especial\r', '1 und', 877, 40),
(2677, '7898510770703', 510, 2, 'Micro motor mi 01', '\r', '1 und', 878, 40),
(2678, '7898510770888', 393.36, 2, 'Contra Ângulo intra trava broca fx 110 1:1', '\r', '1 und', 879, 40),
(2679, '7898510776545', 1150, 0, 'Contra Ângulo para implante push button fx 200 pb 20:1', '\r', '1 und', 880, 40),
(2680, '7898510776859', 6200, 0, 'Motor para implante d force 1000', '\r', '1 und', 881, 40),
(2681, '7898510777078', 1950, 0, 'Peça angulada cirurgica sxa 1101.2', '\r', '1 und', 882, 40),
(2682, '7898510777153', 380, 1, 'Peça reta intra pr 01', '\r', '1 und', 883, 40),
(2683, '7898510777245', 1499, 0, 'Kit acadêmico cor rosa', '\r', '4 Pe?a', 884, 40),
(2684, '7898510777801', 950, 0, 'Caneta puch button led sigma air 4s', 'Espesial 2\r', '1 und', 885, 40),
(2685, '7898510777856', 149, 3, 'Seringa triplice', '\r', '1 und', 886, 40),
(2686, '7898510779133', 24, 7, 'Saca broca universal', '\r', '1 und', 887, 40),
(2687, '7898510779294', 390, 2, 'Jato para bicarbonato jetflex', '\r', '1 und', 888, 40),
(2688, '7898510779775', 600, 4, 'Cavitador neumatico cavflex 6000', '\r', '1 und', 830, 40),
(2689, '7898510779799', 1499, 1, 'Kit acadêmico cor prata', '\r', '4 Pe?a', 884, 40),
(2690, '7898510779935', 499, 2, 'Caneta saca broca sigma air 3s', '\r', '1 und', 885, 40),
(2691, '7898510779966', 520, 3, 'Caneta puch button sigma air 3s', 'Especial\r', '1 und', 885, 40),
(2692, '7898561540010', 37.9, 1, 'Edta gel 24%', 'Especial\r', '2 seringas 2g', 889, 11),
(2693, '7898561540027', 19.9, 16, 'Pasta polimento diamond universal', '\r', '2.5 g', 773, 11),
(2694, '7898561540126', 19.9, 12, 'Barreira gengival max dam azul', '\r', '1 seringa 2g', 751, 11),
(2695, '7898561540195', 5.9, 10, 'Hidroxido de calcio p.a', '\r', '10g', 669, 11),
(2696, '7898561540201', 33.9, 9, 'Idoformio', '\r', '10g', 890, 11),
(2697, '7898561540218', 25, 1, 'Pino para moldagem', '\r', '20 und', 789, 11),
(2698, '7898561540263', 10.5, 0, 'Paramonoclorofenol canforado', '\r', '20 ml', 891, 11),
(2699, '7898561540270', 19.9, 18, 'Tira de lixa resina airon', '\r', '150 und', 651, 11),
(2700, '7898561540287', 24.9, 10, 'Silano', '\r', '5 ml', 750, 11),
(2701, '7898561540294', 14, 7, 'Clorhexidina gel 2%', '\r', '1 seringa 2g', 763, 11),
(2702, '7898561540393', 34, 3, 'Evidenciador de carie visicarie', '\r', '10ml', 892, 11),
(2703, '7898561540577', 10.5, 3, 'Afastador expandex infantil cor branco', '\r', '1 und', 577, 11),
(2704, '7898561540591', 22, 3, 'Afastador flex tamanho gande', '\r', '1 und', 577, 11),
(2705, '7898561540614', 9.9, 5, 'Arco young adulto pastico autoclavável', '\r', '1 und', 793, 11),
(2706, '7898561540621', 9.99, 3, 'Tigela de borracha azul gande', '\r', '1 und', 893, 11),
(2707, '7898561540652', 8.99, 2, 'Tigela de borracha azul media', '\r', '1 und', 893, 11),
(2708, '7898561540683', 7.99, 5, 'Tigela de borracha azul pequena', '\r', '1 und', 893, 11),
(2709, '7898561540799', 59, 3, 'Moldeira plastica kit', '\r', '8 pares', 785, 11),
(2710, '7898561540904', 9.99, 22, 'Tigela de borracha rosa grande', '\r', '1 und', 893, 11),
(2711, '7898561540911', 8.99, 62, 'Tigela de borracha rosa media', '\r', '1 und', 893, 11),
(2712, '7898561540928', 7.99, 4, 'Tigela de borracha rosa pequena', '\r', '1 und', 893, 11),
(2713, '7898561540942', 2.3, 5, 'Espatula pastica azul', '\r', '1 und', 894, 11),
(2714, '7898561540973', 2.3, 5, 'Espatula pastica rosa', '\r', '1 und', 894, 11),
(2715, '7898561541062', 14, 64, 'Caixa para elástico com posicionador sortida', '\r', '10 und', 686, 11),
(2716, '7898561541185', 10.9, 1, 'Abridor de boca abritec cor azul', '\r', '2 und', 801, 11),
(2717, '7898561541192', 10.9, 2, 'Abridor de boca abritec cor rosa', '\r', '2 und', 801, 11),
(2718, '7898561541260', 38.9, 2, 'Mascara para tração reversa cinza', '\r', '1 und', 731, 11),
(2719, '7898561541277', 38.9, 3, 'Mascara para tração reversa rosa', '\r', '1 und', 731, 11),
(2720, '7898561541284', 38.9, 2, 'Mascara para tração reversa azul', '\r', '1 und', 731, 11),
(2721, '7898561541291', 4, 5, 'Adesivo para mascara facial cor azul', '\r', '2 und', 708, 11),
(2722, '7898561541369', 25, 4, 'Broqueiro em aluminio para 21 brocas fg', '\r', '1 und', 895, 11);
INSERT INTO `produto` (`id_produto`, `barcode`, `preco`, `estoque`, `especificacao`, `tipo`, `embalagem`, `id_subgrupo`, `id_marca`) VALUES
(2723, '7898561541376', 25, 4, 'Broqueiro em aluminio para 21 broca fg/ca', '\r', '1 und', 896, 11),
(2724, '7898561541383', 45, 2, 'Broqueiro em aluminio para 60 brocas fg', '\r', '1 und', 895, 11),
(2725, '7898561541420', 16.9, 13, 'Tamborel refil', '\r', '50 und', 897, 11),
(2726, '7898561541437', 17.9, 30, 'Tamborel de aluninio', '\r', '1 und', 810, 11),
(2727, '7898561541444', 9.9, 3, 'Dispositivo de mordida para posicionador radiografico', 'Especial\r', '3 und', 586, 11),
(2728, '7898561541482', 13.5, 4, 'Prendedor de babador jacaré corrente', '\r', '1 und', 843, 11),
(2729, '7898561541499', 13.9, 23, 'Embalagem para elastrico paciente', '\r', '50 und', 686, 11),
(2730, '7898561541512', 9.9, 4, 'Marcador de instrumento sextavado surtida', '\r', '60 und', 568, 11),
(2731, '7898561541536', 27.9, 1, 'Hidroxido de calcio foto hidrox cal cor dentina', '\r', '1 seringa de 2g', 669, 11),
(2732, '7898561541543', 27.9, 0, 'Hidroxido de calcio foto hidrox cal cor branco', '\r', '1 seringa de 2g', 669, 11),
(2733, '7898561541598', 24.9, 2, 'Restaurador provisório foto applic a3', '\r', '2 seringas 2 g cada', 898, 11),
(2734, '7898561541628', 17, 3, 'Broqueiro em aluminio para 15 brocas fg', '\r', '1 und', 895, 11),
(2735, '7898561541703', 12, 18, 'Tira de lixa aço 4mm', '\r', '12 und', 770, 11),
(2736, '7898561541710', 12, 103, 'Tira de lixa aço 6mm', '\r', '12 und', 770, 11),
(2737, '7898561541734', 23, 11, 'Bolsa termica quente e fria', '\r', '10 bolsas, 100g', 899, 11),
(2738, '7898561541758', 13.9, 24, 'Cimento de zinco pó', '\r', '28g', 900, 11),
(2739, '7898561541765', 13.9, 9, 'Cimento de zinco liquido', '\r', '10ml', 900, 11),
(2740, '7898561541772', 19.9, 36, 'Selante max seal branco', '\r', '2 g', 755, 11),
(2741, '7898561541789', 19.9, 3, 'Selante max seal matizado', '\r', '2 g', 755, 11),
(2742, '7898561541796', 24.9, 38, 'Adesivo universal bond 2.1', '\r', '5ml', 766, 11),
(2743, '7898561541826', 19.9, 23, 'Alginato algi gel', '\r', '410g', 597, 11),
(2744, '7898561542083', 39.9, 28, 'Ionomero cimentaçao de vidro auto ionglas', '\r', 'p?10g+L?quido8g', 901, 11),
(2745, '7898561542120', 31.4, 24, 'Ionomero restauraçao de vidro ionglass cor a2', '\r', 'p?10g+L?quido8g', 500, 11),
(2746, '7898561542137', 31.4, 31, 'Ionomero restauraçao de vidro ionglass cor a3', '\r', 'p?10g+L?quido8g', 500, 11),
(2747, '7898561542144', 34.9, 2, 'Pino de fibra de vidro fiber post n°0.5 sem broca', '\r', '5 und', 657, 11),
(2748, '7898561542151', 34.9, 4, 'Pino de fibra de vidro fiber post n°1 sem broca', '\r', '5 und', 657, 11),
(2749, '7898561542168', 34.9, 4, 'Pino de fibra de vidro fiber post n°2 sem broca', '\r', '5 und', 657, 11),
(2750, '7898561542175', 34.9, 11, 'Pino de fibra de vidro fiber post n°3 sem broca', '\r', '5 und', 657, 11),
(2751, '7898561542182', 28, 25, 'Cimento forrador de hidróxido de cálcio hydcal', '\r', '13g base +11g cat', 669, 11),
(2752, '7898561542229', 29, 12, 'Cimento cirúrgico com eugenol pó', '\r', '50 g', 534, 11),
(2753, '7898561542236', 29, 12, 'Cimento cirúrgico com eugenol líquido', '\r', '20 ml', 534, 11),
(2754, '7898561542359', 19.9, 5, 'Resina applic flow cor a1', '\r', '4 g', 661, 11),
(2755, '7898561542366', 19.9, 4, 'Resina applic flow cor a2', 'Especial\r', '4 g', 661, 11),
(2756, '7898561542373', 19.9, 3, 'Resina applic flow cor a3', '\r', '4 g', 661, 11),
(2757, '7898561542380', 19.9, 4, 'Resina applic flow cor a3.5', '\r', '4 g', 661, 11),
(2758, '7898561542397', 19.9, 5, 'Resina applic flow cor b2', '\r', '4 g', 661, 11),
(2759, '7898561542472', 19.5, 5, 'Resina applic cor a1e', '\r', '4 g', 502, 11),
(2760, '7898561542489', 19.5, 5, 'Resina applic cor a2e', '\r', '4 g', 502, 11),
(2761, '7898561542496', 19.5, 4, 'Resina applic cor a3e', '\r', '4 g', 502, 11),
(2762, '7898561542502', 19.5, 1, 'Resina applic cor a3.5e', '\r', '4 g', 502, 11),
(2763, '7898561542519', 19.5, 3, 'Resina applic cor b1e', '\r', '4 g', 502, 11),
(2764, '7898561542526', 19.5, 2, 'Resina applic cor b2e', '\r', '4 g', 502, 11),
(2765, '7898561542533', 19.5, 1, 'Resina applic cor c2e', '\r', '4 g', 502, 11),
(2766, '7898561542540', 19.5, 4, 'Resina applic cor a1d', '\r', '4 g', 502, 11),
(2767, '7898561542557', 19.5, 7, 'Resina applic cor a2d', '\r', '4 g', 502, 11),
(2768, '7898561542564', 19.5, 4, 'Resina applic cor a3d', '\r', '4 g', 502, 11),
(2769, '7898561542571', 19.5, 4, 'Resina applic cor a3.5d', '\r', '4 g', 502, 11),
(2770, '7898561542595', 19.5, 3, 'Resina applic cor b2d', '\r', '4 g', 502, 11),
(2771, '7898561542601', 19.5, 3, 'Resina applic cor incisal', '\r', '4 g', 902, 11),
(2772, '7898561542717', 16.9, 8, 'Acido fluorídrico 5%', '\r', '1 seringa 4 g', 749, 11),
(2773, '7898561542731', 38.9, 30, 'Adesivo para braquetes fix 4g + 1seringa acido 2.5g', '\r', '4g resina+2.5g acido', 504, 11),
(2774, '7898561542762', 19.9, 20, 'Alginato algi gel sabor tutti frutti', '\r', '454g', 903, 11),
(2775, '7898561546142', 24.9, 1, 'Cunha interdental de madeira colorida surtida', '\r', '100 und', 769, 11),
(2776, '7898561546166', 99.9, 6, 'Matriz universal mini kit', 'Espesial 2\r', '25 matrize+1grampo', 777, 11),
(2777, '7898561546203', 119.9, 2, 'Matriz universal refil sortido', 'Especial\r', '5 und', 777, 11),
(2778, '7898561546234', 19.5, 5, 'Resina applic cor a4e', '\r', '4 g', 502, 11),
(2779, '7898561546715', 19.5, 2, 'Resina applic cor b3e', '\r', '4 g', 502, 11),
(2780, '7898570920285', 80, 0, 'Clareador 16% power bleanching home', 'Especial\r', '7 seringa 4g cada', 752, 26),
(2781, '7898570920551', 80, 5, 'Clareador 10% power bleanching home', 'Especial\r', '7 seringa 4g cada', 752, 26),
(2782, '7898570922296', 79, 0, 'Clareador power bleaching office 37%', '\r', '1 seringa 3g', 792, 26),
(2783, '7898570922302', 205, 7, 'Clareador power bleaching office 37%', '\r', '3 seringa 3 g', 792, 26),
(2784, '7898570923439', 22, 0, 'Dessensibilizante pain less 5% consultroro', '\r', '1 seringa 2.5 ml', 765, 26),
(2785, '7898570924825', 18, 8, 'Placa soft 1mm redonda', '\r', '5 und', 791, 26),
(2786, '7898570924856', 18, 0, 'Placa soft 1mm quadrada', '\r', '5 und', 791, 26),
(2787, '7898570924894', 35, 1, 'Clareador 10% aroma açai power bleanching home', '\r', '7 seringa 4g cada', 752, 26),
(2788, '7898570924900', 35, 0, 'Clareador 10% aroma hortela power bleanching home', 'Espesial 3\r', '7 seringa 4g', 752, 26),
(2789, '7898570924917', 35, 0, 'Clareador 10% aroma laranja power bleanching home', 'Espesial 2\r', '7 seringa 4g cada', 752, 26),
(2790, '7898570924924', 35, 0, 'Clareador 16% aroma açai power bleanching home', '\r', '7 seringa 4g cada', 752, 26),
(2791, '7898570924931', 35, 0, 'Clareador 16% aroma hortela power bleanching home', 'Espesial 3\r', '7 seringas 4g', 752, 26),
(2792, '7898570924948', 35, 0, 'Clareador 16% aroma laranja power bleanching home', 'Espesial 2\r', '7 seringa 4g cada', 752, 26),
(2793, '7898570924955', 19, 5, 'Dessensibilizante pain less 1,5 % caseiro', '\r', '1 serimga 2.5 g', 765, 26),
(2794, '7898570926355', 70, 0, 'Clareador 22%  power bleanching home', 'Especial\r', '7 seringas 4 g cada', 752, 26),
(2795, '7898570926393', 35, 0, 'Clareador 22% aroma hortela power bleanching home', 'Espesial 3\r', '7 seringa 4g cada', 752, 26),
(2796, '7898570926423', 35, 0, 'Clareador 22% aroma laranja power bleanching home', 'Espesial 2\r', '7 seringa 4g cada', 752, 26),
(2797, '7898570926454', 35, 0, 'Clareador 22% aroma açai power bleanching home', '\r', '7 seringa 4g', 752, 26),
(2798, '7898570927031', 65, 0, 'Adesivo para braquetes ortho natures color change', '\r', '1 seringa', 504, 26),
(2799, '7898570927390', 45, 0, 'Adesivo universal power bond 2.1', '\r', '5 ml', 766, 26),
(2800, '7898570927406', 60, 3, 'Pino fibra de vidro power post n°0.5 sem broca', '\r', '5 und', 657, 26),
(2801, '7898570927413', 60, 7, 'Pino fibra de vidro power post n° 1 sem broca', '\r', '5 und', 657, 26),
(2802, '7898607580017', 175, 2, 'Ponta jiffy brush pointed', '\r', '3 und', 829, 25),
(2803, '7898607580024', 49, 6, 'Hidróxido de cálcio ultracal xs', '\r', '1.2 ml', 669, 25),
(2804, '7898607580123', 32, 0, 'Dessensibilizante ultraez 3%', '\r', '1 Seringa 1,2 ml', 765, 25),
(2805, '7898607580192', 61.33, 0, 'Clareador opalescence endo 35%', '\r', '1 seringa 1,2 ml', 656, 25),
(2806, '7898607580222', 55, 6, 'Fio retrator ultrapak #1', '\r', '244cm.', 753, 25),
(2807, '7898607580291', 55, 5, 'Fio retrator ultrapak #00', '\r', '244cm.', 753, 25),
(2808, '7898607580307', 55, 4, 'Fio retrator ultrapak #000', '\r', '244cm.', 753, 25),
(2809, '7898607580352', 31, 0, 'Barreira gengival foto opaldam verde', '\r', '1 serginga 2.5 g', 751, 25),
(2810, '7898607580512', 34, 1, 'Solução hemostática gel 20% viscostat', '\r', '1 seringa +5 pontas', 760, 25),
(2811, '7898607580666', 59, 3, 'Hidróxido de cálcio ultra blend plus dentina', '\r', '1.2 ml', 748, 25),
(2812, '7898607581069', 38, 27, 'Clareador opalescence 10%', '\r', '4 Seringas 1.2 ml', 752, 25),
(2813, '7898607581083', 38, 27, 'Clareador opalescence 15%', '\r', '4 Seringa 1,2 ml', 752, 25),
(2814, '7898607581106', 38, 26, 'Clareador opalescence 20%', '\r', '4 Seringa 1,2ml', 752, 25),
(2815, '7898607581113', 62, 2, 'Selante ultraseal xt', '\r', '1 seringa 1.2 ml', 755, 25),
(2816, '7898607581212', 106, 3, 'Pasta de polimento opalustre', '\r', '1.2 ml', 773, 25),
(2817, '7898607581281', 36, 7, 'Solução hemostática viscostat clear', '\r', '1 seringa 1,2ml', 760, 25),
(2818, '7898607581533', 187, 3, 'Ponta jiffy brush regular', '\r', '3 und', 829, 25),
(2819, '7898607581762', 98, 34, 'Clareador opalescence 10%', '\r', '12 Seringas 1,2 ml', 752, 25),
(2820, '7898607581779', 98, 27, 'Clareador opalescence 15%', '\r', '12 Seringa 1,2 ml', 752, 25),
(2821, '7898607581786', 98, 28, 'Clareador opalescence 20%', '\r', '12 Seringa 1,2 ml', 752, 25),
(2822, '7898607581793', 175, 5, 'Clareador opalescence go 10% menta', 'Especial\r', '10 pares', 752, 25),
(2823, '7898607581823', 120, 4, 'Adesivo universal bond peak', '\r', '4ml', 766, 25),
(2824, '7898607581847', 55, 2, 'Pasta de polimento diamond polish mint 0,5', '\r', '2 seringas de 1,2ml', 773, 25),
(2825, '7898607581854', 55, 1, 'Pasta de polimento diamond polish mint 1,0', '\r', '2 seringas de 1,2 ml', 773, 25),
(2826, '7898607581878', 38, 2, 'Edta file eze mini kit', '\r', '2 Seringas 1,2 ml', 889, 25),
(2827, '7898607581984', 106, 3, 'Selante foto para resinas permaseal', '\r', '4 seringas 1.2 ml', 755, 25),
(2828, '7898607582011', 69.99, 5, 'Resina forma cor a1e', '\r', '4 g', 502, 25),
(2829, '7898607582028', 69.99, 5, 'Resina forma cor a2e', '\r', '4 g', 502, 25),
(2830, '7898607582035', 69.99, 3, 'Resina forma cor a3e', '\r', '4 g', 502, 25),
(2831, '7898607582042', 69.99, 5, 'Resina forma cor a3.5e', '\r', '4 g', 502, 25),
(2832, '7898607582059', 69.99, 3, 'Resina forma cor a4e', '\r', '4 g', 502, 25),
(2833, '7898607582066', 69.99, 3, 'Resina forma cor b1e', '\r', '4 g', 502, 25),
(2834, '7898607582073', 69.99, 2, 'Resina forma cor b2e', '\r', '4 g', 502, 25),
(2835, '7898607582097', 69.99, 3, 'Resina forma cor c1e', '\r', '4 g', 502, 25),
(2836, '7898607582103', 69.99, 2, 'Resina forma cor c2e', '\r', '4 g', 502, 25),
(2837, '7898607582110', 69.99, 3, 'Resina forma cor incisal', '\r', '4 g', 502, 25),
(2838, '7898607582127', 69.99, 3, 'Resina forma cor translúcida', '\r', '4 g', 502, 25),
(2839, '7898607582141', 52, 1, 'Verniz enamelast fluoride varnish 5%', '\r', '2 Seringas de 1,2ml', 666, 25),
(2840, '7898607582189', 69.99, 5, 'Resina forma cor a1b', '\r', '4 g', 502, 25),
(2841, '7898607582196', 69.99, 5, 'Resina forma cor a2b', '\r', '4 g', 502, 25),
(2842, '7898607582202', 69.99, 4, 'Resina forma cor a3b', '\r', '4 g', 502, 25),
(2843, '7898607582219', 69.99, 6, 'Resina forma cor a3.5b', '\r', '4 g', 502, 25),
(2844, '7898607582226', 69.99, 3, 'Resina forma cor a4b', '\r', '4 g', 502, 25),
(2845, '7898607582233', 69.99, 3, 'Resina forma cor b1b', '\r', '4 g', 502, 25),
(2846, '7898607582240', 69.99, 3, 'Resina forma cor b2b', '\r', '4 g', 502, 25),
(2847, '7898607582257', 69.99, 3, 'Resina forma cor c1b', '\r', '4 g', 502, 25),
(2848, '7898607582264', 69.99, 3, 'Resina forma cor c2b', '\r', '4 g', 502, 25),
(2849, '7898607582271', 69.99, 5, 'Resina forma cor a2d', '\r', '4 g', 502, 25),
(2850, '7898607582288', 69.99, 5, 'Resina forma cor a3d', '\r', '4 g', 502, 25),
(2851, '7898607582301', 69.99, 5, 'Resina forma cor a1d', '\r', '4 g', 502, 25),
(2852, '7898607582479', 55.05, 1, 'Dessensibilizante ultraez kit (4 seringas 1.2g', '\r', '', 765, 25),
(2853, '7898607582677', 2750, 0, 'Sistema de guias para confecção de facetas uveneer', '\r', '16Guias sup+16inf', 502, 25),
(2854, '7898607582684', 310, 6, 'Resina forma kit', '\r', 'kit 5 serimgas', 502, 25),
(2855, '7898607583636', 50.5, 0, 'Acido fosforico 35%', '\r', '4 seringas 1.5ml', 667, 25),
(2856, '7898607583728', 195, 15, 'Clareador boost pf 40%  kit 2 paciente', '\r', '2 seringas+barera+de', 792, 25),
(2857, '7898616280076', 21.9, 0, 'Mascara cirúrgica descartável bichos', '\r', '20 und', 832, 41),
(2858, '7898616284067', 21, 0, 'Burrico ortho', '\r', '1 und', 783, 41),
(2859, '7898616286627', 21, 0, 'Zebrinha ortho', '\r', '1 und', 783, 41),
(2860, '7898616287457', 21.9, 0, 'Mascara cirúrgica descartável emoji', '\r', '1 und', 832, 41),
(2861, '7898616287570', 20, 2, 'Babador impermeavel infantil bailarina', '\r', '1 und', 904, 41),
(2862, '7898616287877', 21, 0, 'Gatito ortho', '\r', 'Pote 1kg', 783, 41),
(2863, '7898616287976', 21.9, 4, 'Mascara cirúrgica descartável ortho', '\r', '20 und', 832, 41),
(2864, '7898616288584', 24, 3, 'Babador baby unicornio', '\r', '1 und', 904, 41),
(2865, '7898620011000', 18, 8, 'Oleo spray', '\r', '200 ml', 905, 19),
(2866, '7898620011086', 7.99, 73, 'Mascara tipla com elástico cor verde', '\r', '50 und', 832, 19),
(2867, '7898620011093', 7.99, 77, 'Mascara tipla com elástico cor azul', '\r', '50 und', 832, 19),
(2868, '7898620011109', 7.99, 71, 'Mascara tipla com elástico cor rosa', '\r', '50 und', 832, 19),
(2869, '7898629260034', 7.2, 5, 'Borca carbide fg 1558', 'Espesial 2\r', '1 und', 825, 5),
(2870, '7898629260041', 7.2, 5, 'Borca carbide fg 1557', 'Espesial 2\r', '1 und', 825, 5),
(2871, '7898629260058', 7.2, 0, 'Broca carbide fg 4', 'Espesial 2\r', '1 und', 825, 5),
(2872, '7898629260089', 7.2, 0, 'Broca carbide fg 5', 'Espesial 2\r', '1 und', 825, 5),
(2873, '7898629260096', 7.2, 4, 'Broca carbide fg 701', 'Espesial 2\r', '1 und', 825, 5),
(2874, '7898629260133', 7.2, 5, 'Broca carbide fg 700', 'Espesial 2\r', '1 und', 825, 5),
(2875, '7898629260164', 7.2, 0, 'Borca carbide fg 3', 'Espesial 2\r', '1 und', 825, 5),
(2876, '7898629260218', 7.2, 5, 'Broca carbide fg 702', 'Espesial 2\r', '1 und', 825, 5),
(2877, '7898629260430', 7.2, 5, 'Broca carbide fg 558', 'Espesial 2\r', '1 und', 825, 5),
(2878, '7898629260515', 7.2, 5, 'Broca carbide fg 557', 'Espesial 2\r', '1 und', 825, 5),
(2879, '7898629260690', 12, 6, 'Broca carbide cirúrgica fg 702', 'Espesial 3\r', '1 und', 825, 5),
(2880, '7898629260713', 12, 3, 'Broca carbide cirúrgica fg 701', 'Espesial 3\r', '1 und', 825, 5),
(2881, '7898629260737', 12, 4, 'Broca carbide cirúrgica fg 4', 'Espesial 3\r', '1 und', 825, 5),
(2882, '7898629260744', 12, 5, 'Broca carbide cirúrgica fg 700', 'Espesial 3\r', '1 und', 825, 5),
(2883, '7898629260775', 12, 3, 'Broca carbide cirúrgica fg 5', 'Espesial 3\r', '1 und', 825, 5),
(2884, '7898629260782', 12, 4, 'Broca carbide cirúrgica fg 3', 'Espesial 3\r', '1 und', 825, 5),
(2885, '7898629260812', 12, 7, 'Broca carbide cirúrgica fg 558', 'Espesial 3\r', '1 und', 825, 5),
(2886, '7898629260829', 12, 5, 'Broca carbide cirúrgica fg 557', 'Espesial 3\r', '1 und', 825, 5),
(2887, '7898629260836', 12, 5, 'Broca carbide cirúrgica fg 1557', 'Espesial 3\r', '1 und', 825, 5),
(2888, '7898629260843', 12, 6, 'Broca carbide cirúrgica fg 1558', 'Espesial 3\r', '1 und', 825, 5),
(2889, '7898629261253', 9.8, 13, 'Broca carbide pm 702', '\r', '1 und', 825, 5),
(2890, '7898629261260', 9.8, 14, 'Broca carbide pm 703', '\r', '1 und', 825, 5),
(2891, '7898629261277', 9.8, 9, 'Broca carbide pm 8', '\r', '1 und', 825, 5),
(2892, '7898629261307', 9.8, 10, 'Broca carbide pm 6', '\r', '1 und', 825, 5),
(2893, '7898629261475', 19.6, 25, 'Broca carbide fg tr2t', 'Espesial 2\r', '1 und', 825, 5),
(2894, '7898629261543', 42, 30, 'Broca remoção fg218', '\r', '1 und', 743, 5),
(2895, '7898629261888', 24, 8, 'Borca carbide fg 28  zekrya', 'Especial\r', '1 und', 825, 5),
(2896, '7898629262137', 24, 2, 'Broca carbide fg zekrya 23', 'Especial\r', '1 und', 825, 5),
(2897, '7898629262458', 47.9, 1, 'Broca de alta rotação para remoção', '\r', '1 und', 743, 2),
(2898, '7898629262960', 10.3, 8, 'Ponta diamantada fg 1011', '\r', '1 und', 501, 5),
(2899, '7898629262984', 10.3, 9, 'Ponta diamantada fg 1014', '\r', '1 und', 501, 5),
(2900, '7898629263004', 10.3, 4, 'Ponta diamantada fg 1013', '\r', '1 und', 501, 5),
(2901, '7898629263011', 10.3, 5, 'Ponta diamantada fg 1015', '\r', '1 und', 501, 5),
(2902, '7898629263110', 10.3, 7, 'Ponta diamantada fg 1016', '\r', '', 906, 5),
(2903, '7898629263127', 10.3, 0, 'Ponta diamantada fg 2200ff', '\r', '1 und', 501, 5),
(2904, '7898629263134', 10.3, 1, 'Ponta diamantada fg 2200f', '\r', '1 und', 501, 5),
(2905, '7898629263172', 10.3, 10, 'Ponta diamantada fg 3118f', '\r', '1 und', 501, 5),
(2906, '7898629263189', 10.3, 3, 'Ponta diamantada fg 2135', '\r', '1 und', 501, 5),
(2907, '7898629263196', 10.3, 9, 'Ponta diamantada fg 3118ff', '\r', '1 und', 501, 5),
(2908, '7898629263288', 10.3, 2, 'Ponta diamantada fg 1014hl', '\r', '1 und', 501, 5),
(2909, '7898629263356', 10.3, 4, 'Ponta diamantada fg 3195f', '\r', '1 und', 501, 5),
(2910, '7898629263363', 10.3, 7, 'Ponta diamantada fg 3195ff', '\r', '1 und', 501, 5),
(2911, '7898629263462', 10.3, 3, 'Ponta diamantada fg 1016hl', '\r', '1 und', 501, 5),
(2912, '7898657860015', 15, 3, 'Resina yflow cor b1', '\r', '4 g', 661, 23),
(2913, '7898657860022', 15, 2, 'Resina yflow cor bleach', '\r', '4 g', 661, 23),
(2914, '7898657860039', 30, 2, 'Resina yflow sa cor a1', '\r', '4 g', 661, 23),
(2915, '7898657860046', 30, 2, 'Resina yflow sa cor a2', '\r', '4 g', 661, 23),
(2916, '7898657860053', 30, 2, 'Resina yflow sa cor a3', '\r', '4 g', 661, 23),
(2917, '7898657860374', 125, 1, 'Silicone de condensação reflex', '\r', 'D1kg+F120g+C50g', 907, 23),
(2918, '7898911795893', 65, 0, 'Fio nylon 4.0 (24 und agulha 1.5)', '\r', '24 und agulha 1.5', 908, 42),
(2919, '7898911795978', 65, 12, 'Fio nylon 5.0 (24 und agulha 1.5)', '\r', '24 und agulha 1.5', 908, 42),
(2920, '7898911796708', 55, 21, 'Fio seda 3.0  (24 und agulha 1.7)', '\r', '24 und agulha 1.7', 909, 42),
(2921, '7898911796777', 55, 3, 'Fio seda 4.0 (24 und agulha 1.7)', '\r', '24 und agulha 1.7', 909, 42),
(2922, '7898911796975', 65, 26, 'Fio nylon 3.0 (24 und agulha 1.5)', '\r', '24 und agulha 1.5', 908, 42),
(2923, '7898916637013', 6.8, 29, 'Sugador colorido', '\r', '40 und', 788, 19),
(2924, '7898916637099', 2.2, 198, 'Algodão em rolete n°2', '\r', '100 und', 910, 19),
(2925, '7898916637105', 7.99, 46, 'Mascara tipla com elástico cor branca', '\r', '50 und', 832, 19),
(2926, '7898916637150', 39.9, 9, 'Espelho clínico', '\r', '12 und', 868, 19),
(2927, '7898916637181', 15, 64, 'Babador branco', '\r', '100 und', 745, 19),
(2928, '7898916637716', 9.9, 66, 'Agua destilada 5 litros', '\r', '5 L', 911, 19),
(2929, '7898916688091', 17.5, 7, 'Gesso tipo 4 cor salmão dent-mix', '\r', '1 kg', 593, 38),
(2930, '7898916688114', 15, 7, 'Gesso ortodôntico branco', '\r', '2 kg', 912, 38),
(2931, '7898916688145', 7.5, 100, 'Gesso pedra tipo 3 branco', '\r', '1 kg', 913, 38),
(2932, '7898916688176', 8.5, 55, 'Gesso pedra tipo 3 amarelo', '\r', '1 kg', 913, 38),
(2933, '7898916688268', 6.5, 22, 'Gesso comum tipo 2 branco', '\r', '1 kg', 914, 38),
(2934, '7898916688329', 18, 8, 'Revestimento cristobalite pote', '\r', '1 kg', 915, 38),
(2935, '7898916689753', 15, 4, 'Sabonete cremoso anti-séptico erva doce', '\r', '500ml', 916, 43),
(2936, '7898916689791', 13, 3, 'Sabonete cremoso perolizado com extrato', '\r', '500ml', 916, 43),
(2937, '7898916689913', 10, 5, 'Desincrustante para autoclave clave clean', '\r', '50 g', 910, 38),
(2938, '7898916689920', 12.2, 3, 'Dissolvente de gesso solv', '\r', '250 ml', 917, 38),
(2939, '7898918167068', 8, 12, 'Solução de milton', '\r', '1 litro', 918, 38),
(2940, '7898918167129', 10, 22, 'Alcool gel 70% antisséptico', '\r', '500 ml', 919, 43),
(2941, '7898918167969', 27.6, 0, 'Detergente para instrumentos de aço inox', '\r', '', 920, 38),
(2942, '7898918168010', 10, 7, 'Álcool 70%', '\r', '1 Litro', 921, 38),
(2943, '7898918168027', 12, 12, 'Álcool 96%', '\r', '1 Litro', 921, 38),
(2944, '7898918168034', 14, 12, 'Álcool 99%', '\r', '1 Litero', 921, 38),
(2945, '7898918168232', 31, 6, 'Detergente enzimático 5 enzimas', '\r', '500 ml', 922, 38),
(2946, '7898918168249', 70, 8, 'Detergente enzimático 5 enzimas', '\r', '1 litro', 922, 38),
(2947, '7898920777118', 319, 0, 'Fio vicryl poliglactina 5.0 (36 und agulha 1.5)', '\r', '36 und agulha 1.5', 923, 42),
(2948, '7898920777125', 319, 0, 'Fio vicryl poliglactina 4.0 (36 und agulha 1.5)', '\r', '36 und agulha 1.5', 923, 42),
(2949, '7898930300092', 91, 1, 'Bolinha de espuma pele tim n°0', '\r', '3000 und', 924, 44),
(2950, '7898930300108', 100, 1, 'Bolinha de espuma pele tim n°1', '\r', '3000 und', 924, 44),
(2951, '7898930300115', 72, 1, 'Bolinha de espuma pele tim n°2', '\r', '1000 und', 924, 44),
(2952, '7898930300122', 65, 1, 'Bolinha de espuma pele tim n°3', '\r', '1000 und', 924, 44),
(2953, '7898930300139', 65, 0, 'Bolinha de espuma pele tim n°4', '\r', '500 und', 924, 44),
(2954, '7898930300306', 965, 1, 'Resina grandioso kit + escala de cores', '\r', 'Kit 5 seringas', 502, 44),
(2955, '7898930300702', 250, 0, 'Verniz de flúor bifluorid 12', '\r', 'Single Dose com 50', 666, 44),
(2956, '7898930300894', 350, 2, 'Adesivo futurabond dc', '\r', '4ml primer4ml adesiv', 766, 44),
(2957, '7898930301174', 99.9, 3, 'Pasta profilatica cleanjoy fina verde', '\r', '100 g', 673, 44),
(2958, '7898930301181', 99.9, 1, 'Pasta profilatica cleanjoy media amarela', '\r', '100 g', 673, 44),
(2959, '7898930301198', 99.9, 3, 'Pasta profilatica cleanjoy grossa vermel', '\r', '100 g', 673, 44),
(2960, '7898930301303', 215, 7, 'Ionomero vidro forrador ionoseal', '\r', '2 seringas 2,5g', 499, 44),
(2961, '7898930301327', 126.9, 1, 'Ionomero de vidro forrador ionoseal', '\r', '1 seringa 2,5g', 498, 44),
(2962, '7898930301396', 109, 1, 'Cimento provisório sem eugenol provicol', '\r', '25g Base+25g', 898, 44),
(2963, '7898930301570', 410, 1, 'Resina bisacrilica structur 2 sc cor b1', '\r', '75 g + 10 pontas', 600, 44),
(2964, '7898930301815', 772, 2, 'Reembasador ufi gel sc', '\r', 'Kit', 925, 44),
(2965, '7898930302041', 590, 3, 'Corante para resina final touch kit', '\r', '5 seringas de 1,5 g', 926, 44),
(2966, '7898930302096', 450, 3, 'Resina bisacrilica structur 2 sc a1+ brinde provicol', '\r', '75 g + 10 pontas', 600, 44),
(2967, '7898930302102', 450, 1, 'Resina bisacrilica structur 2 sc cor a2 + provicol', '\r', '75 g + 10 pontas', 600, 44),
(2968, '7898930302119', 450, 3, 'Resina bisacrilica structur 2 sc cor a3 + brinde un provicol', '\r', '75 g + 10 pontas', 600, 44),
(2969, '7898930302317', 199, 1, 'Verniz fluior profluorid varnish caramel', '\r', '10 ml', 666, 44),
(2970, '7898930302324', 199, 1, 'Verniz fluior profluorid varnish cereja', '\r', '10 ml', 666, 44),
(2971, '7898930302515', 179, 6, 'Ionomero meron jumbo pack', '\r', '35g po+ 15ml', 498, 44),
(2972, '7898930302522', 99, 7, 'Ionomero meron mini pack', '\r', '15g po + 7ml', 498, 44),
(2973, '7898930302539', 150, 4, 'Restaurador provisório foto clip f', '\r', '2 seringas 4g cada', 898, 44),
(2974, '7898930302676', 490, 1, 'Resina amaris gingiva kit + escala de cores', 'Especial\r', '3s 1,2g+4g base', 502, 44),
(2975, '7898930303161', 1890, 1, 'Pino de fibra de vidro rebilda post system', '\r', 'kit', 657, 44),
(2976, '7898930303208', 250, 3, 'Resina grandioso cor a1', '\r', '4 g', 502, 44),
(2977, '7898930303215', 250, 2, 'Resina grandioso cor a2', '\r', '4 g', 502, 44),
(2978, '7898930303369', 220, 1, 'Resina grandioso heavy flow cor a1', 'Especial\r', '2 seringas  2g cada', 661, 44),
(2979, '7898930303376', 220, 1, 'Resina grandioso heavy flow cor a2', '\r', '2 serimgas 2g cada', 661, 44),
(2980, '7898930303550', 220, 1, 'Resina grandioso flow cor a1', '\r', '2 serimgas 2g cada', 661, 44),
(2981, '7898930303567', 220, 2, 'Resina grandioso flow cor a2', '\r', '2 serimgas 2g cada', 661, 44),
(2982, '7898930303796', 137.3, 3, 'Pincel de aplicação endo tim', '\r', '50 und', 780, 44),
(2983, '7898930303994', 468, 1, 'Resina grandioso heavy flow  kit + escala de cores', 'Especial\r', 'Kit 5 serimgas', 661, 44),
(2984, '7898930304038', 510, 1, 'Resina bisacrilica structur 3 cor a2', '\r', '50mL + 10 pontas', 600, 44),
(2985, '7898930304236', 270, 2, 'Silicone de adição registrado clear', '\r', '50 ml', 927, 44),
(2986, '7898930304267', 362, 2, 'Silicone de adicao para registro de mordida registrado x-tra', '\r', '2 cartuchos de 50ml', 927, 44),
(2987, '7898930304519', 130, 2, 'Restaurador provisório clip flow', '\r', '2 seringas 1.8g cada', 898, 44),
(2988, '7898930304601', 199, 1, 'Resina admira fusion cor a1', 'Especial\r', '3 g', 502, 44),
(2989, '7898930304618', 199, 0, 'Resina admira fusion cor a2', '\r', '3 g', 928, 44),
(2990, '7898930304625', 199, 2, 'Resina admira fusion cor a3', 'Especial\r', '3 g', 502, 44),
(2991, '7898930304649', 199, 3, 'Resina admira fusion cor a.,5', 'Especial\r', '3 g', 502, 44),
(2992, '7898930304670', 199, 1, 'Resina admira fusion cor b1', 'Especial\r', '1 seringa 3 g', 502, 44),
(2993, '7898930305073', 1510, 0, 'Resina amaris kit', '\r', 'kit 10 seringas', 502, 44),
(2994, '7898930305158', 245, 1, 'Resina admira fusion flow cor a1', 'Especial\r', '2 seringas de 2g', 661, 44),
(2995, '7898930305165', 245, 1, 'Resina admira fusion flow cor a2', 'Especial\r', '2 seringas de 2g', 661, 44),
(2996, '7898930305202', 245, 2, 'Resina admira fusion flow cor b1', 'Especial\r', '2 seringas de 2g', 661, 44),
(2997, '7898930305233', 245, 4, 'Resina admira fusion flow cor i', 'Especial\r', '2 seringas de 2g', 661, 44),
(2998, '7898930305257', 245, 1, 'Resina admira fusion flow cor bl', 'Especial\r', '2 seringas de 2g', 661, 44),
(2999, '7898930305264', 245, 1, 'Resina admira fusion flow cor wo', 'Especial\r', '2 seringas de 2g', 661, 44),
(3000, '7898930305288', 328, 2, 'Silicone de adição para modelos die+heavy flow a2 de 1g+2 bllisters adesivo futurabond u', '\r', '2 cartucho de 50ml', 929, 44),
(3001, '7898930305745', 410, 2, 'Adesivo futurabond u + brinde resina admira fusion x-tra', '\r', '50 bl?sters', 766, 44),
(3002, '7898930305967', 425, 0, 'Adesivo para braquetes  brackfix', '\r', 'kit 50 und', 648, 44),
(3003, '7898937612860', 65, 19, 'Fio nylon sertix 4.0 (24 und agulha 1.5)', '\r', '24 und agulha 1.5', 908, 42),
(3004, '7898938244015', 35, 8, 'Teste de vitalidade endo ice spray', '\r', '200 ml', 930, 11),
(3005, '7898938244060', 32, 13, 'Oleo spray', '\r', '200mL', 905, 11),
(3006, '7898938244107', 19.9, 6, 'Oleo de laranja', '\r', '10 ml', 931, 11),
(3007, '7898938244114', 2.5, 7, 'Cartão para raio x com 6 furos', 'Espesial 2\r', '1 und', 586, 11),
(3008, '7898938244169', 19.9, 19, 'Oleo spray', '\r', '100 mL', 905, 11),
(3009, '7898938244206', 6.7, 16, 'Fluor gel neutro sabor menta', '\r', '100 ml', 671, 11),
(3010, '7898938244213', 6.7, 42, 'Fluor gel tutti frutti acidulado', '\r', '100 ml', 671, 11),
(3011, '7898938244220', 26, 11, 'Sugador cirúrgico descartável estéril', '\r', '20 und', 932, 11),
(3012, '7898938244268', 10, 7, 'Bicarbonato sabor natural airon', '\r', '100g', 544, 11),
(3013, '7898938244275', 13.9, 9, 'Bicarbonato sabor natural airon', '\r', '200g', 544, 11),
(3014, '7898938244299', 13.9, 4, 'Clorhexidina solucao 2%', '\r', '100ml', 764, 11),
(3015, '7898938244350', 9, 4, 'Evidenciador de placa visuplac', '\r', '10ml', 807, 11),
(3016, '7898938244367', 4, 35, 'Tira de poliéster airon 4 mm', '\r', '12 und', 933, 11),
(3017, '7898938244404', 24.9, 2, 'Hemostática solução hemopare', '\r', '10 ml', 934, 11),
(3018, '7898938244411', 9, 36, 'Pasta profilatica tutti frutti', '\r', '90 g', 673, 11),
(3019, '7898938244435', 9, 32, 'Pasta profilatica meta', '\r', '90 g', 673, 11),
(3020, '7898938244497', 74, 2, 'Posicionador de filme universal autolava', '\r', 'kit 4 pe?as', 586, 11),
(3021, '7898938244503', 2.5, 33, 'Banda matriz metálica 0,05x5mm', 'Espesial 3\r', '50cm', 777, 11),
(3022, '7898938244510', 2.5, 14, 'Banda matriz metálica 0,05x7mm', 'Espacial 4\r', '50cm', 777, 11),
(3023, '7898938244534', 2.99, 23, 'Papel carbono super carbon basic', '\r', '12 und', 798, 11),
(3024, '7898938244541', 7.99, 36, 'Acido fosforico 37%', '\r', '3 seringas de 2,5ml', 667, 11),
(3025, '7898938244596', 8.9, 0, 'Pedra pomes extra fina', '\r', '100g', 672, 11),
(3026, '7898938244619', 27.9, 5, 'Injetor para elastômero', '\r', '1 und', 744, 11),
(3027, '7898938244657', 12.9, 0, 'Regua de endo milimetrada aluminio', 'Especial\r', '1 und', 812, 11),
(3028, '7898938244664', 8.9, 4, 'Regua de endo milimetrada plástico', '\r', '1 und', 812, 11),
(3029, '7898938244671', 16.9, 24, 'Acido fluorídrico 10%', '\r', '1 seringa 4 g', 749, 11),
(3030, '7898938244695', 15, 14, 'Eugenol', '\r', '20 ml', 935, 11),
(3031, '7898938244701', 7.9, 14, 'Formacrecol', '\r', '10ml', 936, 11),
(3032, '7898938244718', 8.5, 9, 'Tricresol formalina', '\r', '10 ml', 937, 11),
(3033, '7898938244725', 9.49, 49, 'Cera protetora', '\r', '10 und', 729, 11),
(3034, '7898938244770', 14.9, 27, 'Caixa para aparelho móvel', '\r', '10 und', 796, 11),
(3035, '7898938244886', 10.9, 29, 'Obturador provisorio obtur', '\r', '25 g', 746, 11),
(3036, '7898938244893', 35, 0, 'Fio retrator retractor n°000', '\r', '250cm', 753, 11),
(3037, '7898938244909', 35, 5, 'Fio retrator retractor n°00', '\r', '250cm.', 753, 11),
(3038, '7898938244916', 35, 4, 'Fio retrator retractor n°0', '\r', '250cm.', 753, 11),
(3039, '7898938244947', 7, 27, 'Espátula para ionomero', '\r', '1 und', 938, 11),
(3040, '7898938423618', 8, 2, 'Dissolvente de alginato solv', '\r', '250 ml', 939, 38),
(3041, '7898938423649', 30, 5, 'Dissolvente de cera solv', '\r', '500 ml', 940, 38),
(3042, '7898938423656', 37, 16, 'Limpador aço inox clean', '\r', '1 litro', 941, 38),
(3043, '7898938423830', 9.9, 12, 'Detergente neutro deter asfer frasco', '\r', '1 litro', 942, 38),
(3044, '7898951448032', 21.9, 2, 'Mascara cirúrgica descartável lingua', '\r', '20 und', 832, 41),
(3045, '7898951448070', 21.9, 0, 'Mascara  cirúrgica descartável clássicas', '\r', '20 und', 832, 41),
(3046, '7898951448254', 22, 0, 'Babador infantil bidu', '\r', '1 und', 904, 41),
(3047, '7898952555029', 250, 3, 'Silicone de adição scan putty + scan regular', '\r', '600ml base+ca+50ml', 650, 23),
(3048, '7898952555036', 290, 3, 'Silicone de adição scan putty + scan light', '\r', '600ml Ba+Ca+50ml', 650, 23),
(3049, '7898952555050', 79, 3, 'Cimento provisório sem eugenol provisory', '\r', '50g Base+15g  Cat', 670, 11),
(3050, '7898952555074', 120, 2, 'Silicone de adição scan ultra light', '\r', '50 ml', 650, 23),
(3051, '7898952555081', 120, 2, 'Silicone de adição scan light', '\r', '50 ml', 650, 23),
(3052, '7898952555098', 120, 2, 'Silicone de adição scan regular', '\r', '50 ml', 650, 23),
(3053, '7898952555135', 125, 3, 'Silicone confecção modelos scan die isol', '\r', '50 ml', 943, 23),
(3054, '7898952555142', 120, 4, 'Silicone scan translux', '\r', 'Cartucho 50 ml', 943, 23),
(3055, '7898952555173', 49, 6, 'Silicone de condensação fluido reflex', '\r', '120 g', 907, 23),
(3056, '7898952555180', 35, 3, 'Catalisador universal reflex', '\r', '50g', 944, 23),
(3057, '7898952555197', 25, 3, 'Adesivo convencional  ybond mono', '\r', '5 ml', 766, 23),
(3058, '7898952555210', 20, 5, 'Silano', '\r', '5 ml', 750, 23),
(3059, '7898952555234', 230, 3, 'Resina bisacrílica yprov bisacryl cor a1', '\r', '50 ml + 6 pontas', 600, 23),
(3060, '7898952555241', 230, 1, 'Resina bisacrílica yprov bisacryl cor a2', '\r', '50 ml + 6 pontas', 600, 23),
(3061, '7898952555258', 230, 3, 'Resina bisacrílica yprov bisacryll cor a3', '\r', '50 ml + 6 pontas', 600, 23),
(3062, '7898952555272', 230, 2, 'Resina bisacrílica yprov bisacryl cor b1', '\r', '50 ml + 6 pontas', 600, 23),
(3063, '7898952555302', 230, 2, 'Resina bisacrílica yprov bisacryl cor bleach', '\r', '50ml + 6 pontas', 600, 23),
(3064, '7898952555395', 40, 5, 'Cimento para lentes veneer foto ycem', '\r', '1 seringa de 2,5g', 945, 23),
(3065, '7898952555593', 250, 1, 'Pistola dispensadora  universal', '\r', '1 und', 744, 23),
(3066, '7898952555630', 180, 4, 'Silicone registro de mordidas scan bite', '\r', '50ml + 6 pontas', 927, 23),
(3067, '7898952555678', 140, 1, 'Silicone de adição gengiva hard gingimax', '\r', '50 ml', 946, 23),
(3068, '7898952555685', 140, 2, 'Silicone de adição gengiva esthetic gingimax', '\r', '50 ml', 946, 23),
(3069, '7898952555692', 300, 4, 'Silicone de adição scan putty + scan light +scan regular', '\r', '600ml base+ca+100ml', 650, 23),
(3070, '7898952555784', 28, 6, 'Pontas  automistura scan automix amarelas', '\r', '12 und', 947, 23),
(3071, '7898952555791', 28, 4, 'Pontas automistura scan automix azul', '\r', '12 und', 947, 23),
(3072, '7898952555807', 38, 10, 'Pontas automistura scan automix amarelas+ intraoral', '\r', '12+12 und', 947, 23),
(3073, '7898952555869', 300, 1, 'Silicone de adição scan putty + scan light + scan ultralight', '\r', '600ml base+ca+100mlS', 650, 23),
(3074, '7898952555975', 15, 4, 'Resina yflow cor a1', '\r', '4 g', 661, 23),
(3075, '7898952555982', 15, 0, 'Resina yflow cor a2', '\r', '4 g', 661, 23),
(3076, '7898952555999', 15, 1, 'Resina yflow cor a3', '\r', '4 g', 661, 23),
(3077, '7898953463286', 35, 2, 'Ativador universal flexilabor', '\r', '45g', 948, 45),
(3078, '7898953463323', 90, 1, 'Silicone flexilabor f85 semi rigido azul + ativador', '\r', '900 g', 948, 45),
(3079, '7898953463576', 22, 0, 'Gesso tipo iv especial brnaco', '\r', 'Pote 1kg', 593, 45),
(3080, '7898963668428', 39, 13, 'Envelope para estetilizaçao', '\r', '9cm x26 cm 200 und', 594, 9),
(3081, '7899179715647', 50, 5, 'Condensador de guta finger spread 21mm n° 15-40', '\r', '6 und', 949, 46),
(3082, '7899179715791', 53, 4, 'Lentulo 25mm n° 25-40', '\r', '4 und', 950, 46),
(3083, '7899179715906', 43, 5, 'Lima flexile files 21mm n° 15-40', '\r', '6 und', 951, 46),
(3084, '7899179715975', 43, 4, 'Lima flexile files 25mm n° 15-40', '\r', '6 und', 951, 46),
(3085, '7899179716637', 31, 5, 'Lima k-flles kerr 25mm n° 15-40', '\r', '6 und', 781, 46),
(3086, '7899179716859', 30, 5, 'Lima k-flles kerr 25mm n° 45-80', '\r', '6 und', 781, 46),
(3087, '7899179732699', 60, 2, 'Resina resilab a1d', '\r', '4 g', 952, 47),
(3088, '7899179732705', 60, 1, 'Resina resilab a2d', '\r', '4 g', 952, 47),
(3089, '7899179732712', 60, 0, 'Resina resilab a3d', '\r', '4 g', 952, 47),
(3090, '7899179732729', 60, 2, 'Resina resilab a3.5d', '\r', '4 g', 952, 47),
(3091, '7899179732736', 60, 1, 'Resina resilab a4d', '\r', '4 g', 952, 47),
(3092, '7899179732743', 60, 1, 'Resina resilab b1d', '\r', '4 g', 952, 47),
(3093, '7899179732750', 60, 2, 'Resina resilab b2d', '\r', '4 g', 952, 47),
(3094, '7899179732781', 60, 1, 'Resina resilab c1d', '\r', '4 g', 952, 47),
(3095, '7899179732798', 60, 2, 'Resina resilab c2d', '\r', '4 g', 952, 47),
(3096, '7899179733054', 49.5, 5, 'Resina resilab liquida de modelar', '\r', '5ml', 952, 47),
(3097, '7899179733085', 56, 0, 'Algodäo rolete luna n°2', '\r', '500 und', 953, 48),
(3098, '7899179734945', 75, 2, 'Disco de aço 7/8\"', '\r', '12 und', 767, 49),
(3099, '7899179763112', 48, 2, 'Alicate 121 bico chato', '\r', '1 und', 954, 47),
(3100, '7899179768698', 48, 3, 'Alicate 139 angle', '\r', '1 und', 623, 47),
(3101, '7899179776785', 35, 0, 'Algodäo rolete master roll plus n°2', '\r', '500 und', 953, 47),
(3102, '7899179790866', 16, 20, 'Papel carbono accufilm ii vermelho e preto', '\r', '12 und', 798, 50),
(3103, '7899179791610', 190, 5, 'Lima rotatoria silk standard pack 25mm', '\r', '3 und', 955, 46),
(3104, '7899179798190', 110, 1, 'Espelho economy ss n°5', '\r', '1 und', 868, 47),
(3105, '7899328753476', 100, 0, 'Enxerto osseo ceramico genphos ha tcp', 'Espacial 4\r', '0,5cc', 956, 51),
(3106, '7899328753599', 135, 11, 'Osseo composto enxerto genmix', 'Espesial 2\r', '0.75cc', 956, 51),
(3107, '7899328753704', 85, 15, 'Osseo enxerto inorg esponjoso genox', '\r', '0.5g ou 0.5cc cm?', 956, 51),
(3108, '7899328753711', 145, 6, 'Osseo enxerto inorg esponjoso genox', '\r', '1g ou 1cc cm?', 956, 51),
(3109, '7899328753834', 170, 3, 'Membrana genderm', '\r', '30 mm x 30mm', 957, 51),
(3110, '7899328753841', 135, 2, 'Membrana genderm', '\r', '20 mm x 20 mm', 957, 51),
(3111, '7899328759751', 230, 0, 'Osseo enxerto em bloco orthogen', 'Especial\r', '05 x 15 x 15', 956, 51),
(3112, '7899328791225', 110, 1, 'Enxerto osseo ceramico genphos xp', 'Espesial 3\r', '0,5cc', 956, 51),
(3113, '7899439200357', 18, 3, 'Tubo damon cola simples autoligado 16', '\r', '1 und', 958, 52),
(3114, '7899439200371', 18, 3, 'Tubo damon cola simples autoligado 26', '\r', '1 und', 958, 52),
(3115, '7899439200395', 18, 3, 'Tubo damon cola simples autoligado 46', '\r', '1 und', 958, 52),
(3116, '7899439200418', 18, 3, 'Tubo damon cola simples autoligado 36', '\r', '1 und', 958, 52),
(3117, '7899439202337', 55, 2, 'Bite turbo molde', '\r', 'Kit Mini', 527, 52),
(3118, '7899439205734', 35, 1, 'Braquetes metalico padrão 1 vector', 'Especial\r', '1 caso', 517, 52),
(3119, '7899439211001', 255, 0, 'Braquetes metalico roth vector', 'Roth \r', '10 casos', 517, 52),
(3120, '7899439214439', 35, 0, 'Braquetes metalico roth vector', 'Roth \r', '1 caso', 517, 52),
(3121, '7899439238244', 35, 0, 'Sequência de arcos niti termoativados 35° contour easyclip', '\r', '10 und', 959, 52),
(3122, '7899439239098', 26.2, 0, 'Arco contour niti termo 0.14 formato damon', '\r', '10 und', 960, 52),
(3123, '7899439239142', 26.2, 4, 'Arco contour niti termo 0.16 formato damon', '\r', '10 und', 960, 52),
(3124, '7899439239197', 26.2, 0, 'Arco contour niti termo 0.18 formato damon', '\r', '10 und', 960, 52),
(3125, '7899439239241', 35.6, 2, 'Arco contour niti termo 0.14 x 0.25  formato damon', '\r', '10 und', 960, 52),
(3126, '7899439239302', 35.6, 3, 'Arco contour niti termo 0.16 x 0.25  formato damon', '\r', '10 und', 960, 52),
(3127, '7899439239371', 35.6, 1, 'Arco contour niti termo 0.18 x 0.25 formato damon', '\r', '10 und', 960, 52),
(3128, '7899439249530', 22, 6, 'Braquetes metalico roth biomax', 'Roth 2\r', '1 caso', 517, 52),
(3129, '7899439250277', 35.5, 5, 'Arco contour niti termo 0.19 x 0.25 formato damon', '\r', '10 und', 960, 52),
(3130, '7899439270626', 170, 9, 'Braquetes metalico damon standard', '\r', '1 caso', 518, 52),
(3131, '7899439271975', 170, 4, 'Braquetes metalico damon low torque', '\r', '1 caso', 518, 52),
(3132, '7899439273634', 170, 5, 'Braquetes metalico damon super torque', '\r', '1 caso', 518, 52),
(3133, '7908004400372', 95, 1, 'Jogo de alavanca potts colorido', 'Espesial 2\r', 'kit 3 un', 863, 16),
(3134, '7908004405544', 30, 10, 'Sonda 12 mm cor cinza', '\r', '1 und', 961, 16),
(3135, '7908004405582', 30, 10, 'Sonda 15 mm cor cinza', '\r', '1 und', 961, 16),
(3136, '7908004405858', 5, 26, 'Cabo para espelho clínico cor cinza', '\r', '1 und', 962, 16),
(3137, '7908004405933', 5, 14, 'Cabo para espelho clínico cor preto', '\r', '1 und', 962, 16),
(3138, '7908004405964', 5, 8, 'Cabo para espelho clínico cor amarelo', '\r', '1 und', 962, 16),
(3139, '7908004405971', 5, 5, 'Cabo para espelho clínico cor azul', '\r', '1 und', 962, 16),
(3140, '7908004405995', 5, 8, 'Cabo para espelho clínico cor rosa', '\r', '1 und', 962, 16),
(3141, '7908004406008', 5, 7, 'Cabo para espelho clínico cor roxo', '\r', '1 und', 962, 16),
(3142, '7908004406015', 5, 8, 'Cabo para espelho clínico cor verde', '\r', '1 und', 962, 16),
(3143, '7908004406022', 5, 10, 'Cabo para espelho clínico cor vermlho', '\r', '1 und', 962, 16),
(3144, '7908004407647', 16, 11, 'Colocador de elastique roxo lados iguais', '\r', '1 und', 681, 16),
(3145, '7908004407685', 16, 8, 'Colocador de elastique rosa lados diferente', '\r', '1 und', 681, 16),
(3146, '7908004407692', 16, 12, 'Colocador de elastique roxo lados diferente', '\r', '1 und', 681, 16),
(3147, '7908004407739', 16, 3, 'Sputnik dobrador de amarrilho azul', '\r', '1 und', 646, 16),
(3148, '7908004407746', 16, 6, 'Sputnik dobrador de amarrilho cinza', '\r', '1 und', 646, 16),
(3149, '7908004407753', 16, 3, 'Sputnik dobrador de amarrilho rosa', '\r', '1 und', 646, 16),
(3150, '7908004407760', 16, 6, 'Sputnik dobrador de amarrilho roxo', '\r', '1 und', 646, 16),
(3151, '7908004410746', 90, 0, 'Perfurador ainsworth', '\r', '1 und', 963, 16),
(3152, '7908004410814', 75, 1, 'Forceps adulto n°01', '001\r', '1 und', 964, 16),
(3153, '7908004410838', 75, 1, 'Forceps adulto n°150', '150\r', '1 und', 964, 16),
(3154, '7908004410845', 75, 1, 'Forceps adulto n°151', '151\r', '1 und', 964, 16),
(3155, '7908004410852', 75, 0, 'Forceps adulto n°16', 'Especial 5\r', '1 und', 964, 16),
(3156, '7908004410869', 75, 1, 'Forceps adulto n°17', 'Espacial 4\r', '1 und', 964, 16),
(3157, '7908004410876', 75, 0, 'Forceps adulto n°18 l', 'Espesial 3\r', '1 und', 964, 16),
(3158, '7908004410883', 75, 0, 'Forceps adulto n°18 r', 'Espesial 3\r', '1 und', 964, 16),
(3159, '7908004410913', 75, 2, 'Forceps adulto n°65', 'Espesial 2\r', '1 und', 964, 16),
(3160, '7908004410920', 75, 2, 'Forceps adulto n°68', 'Especial\r', '1 und', 964, 16),
(3161, '7908004410937', 75, 0, 'Forceps adulto n°69', '\r', '1 und', 964, 16),
(3162, '7908004411439', 150, 2, 'Saca coroa n°1', '\r', '1 und', 965, 16),
(3163, '7908004413082', 10.5, 10, 'Cabo de bisturi n\"3', '\r', 'Cabo de Bisturi', 966, 16),
(3164, '7908004414676', 13, 11, 'Pinça clinica comum 317', '\r', '1 und', 967, 16),
(3165, '7908148201569', 22, 0, 'Babador adulto beijos abracos & sorriso', '\r', '1 und', 904, 41),
(3166, '7908255800143', 11.9, 5, 'Gancho ponta bola reto', 'Especial\r', '10 und', 529, 2),
(3167, '7908255809559', 224, 0, 'Bráquetes autoligado metalico passivo high torque thomas .022\"', '\r', '1 caso', 518, 2),
(3168, '7908255809801', 209.9, 1, 'Alicate removedor braquete estetico curvo 346e', 'Especial\r', '1 und', 630, 2),
(3169, '793573255990', 25.2, 39, 'Luva pink latex extra pequena', '\r', '100 und', 968, 7),
(3170, '793573256010', 25.2, 49, 'Luva pink latex média', '\r', '100 und', 968, 7),
(3171, '793573256027', 25.2, 43, 'Luva pink latex pequena', '\r', '100 und', 968, 7),
(3172, '793573267603', 24, 54, 'Luva latex extra pequena', '\r', '100 und', 968, 7),
(3173, '793573958365', 24, 10, 'Luva latex pequena', '\r', '100 und', 968, 7),
(3174, '793573958372', 24, 17, 'Luva latex média', '\r', '100 und', 968, 7),
(3175, '793573958389', 24, 14, 'Luva latex grande', '\r', '100 und', 968, 7),
(3176, '8000000117021', 4.2, 15, 'Triunfo inferior 2d cor 60', '\r', '1 und', 493, 3),
(3177, '8000000117045', 4.2, 10, 'Triunfo inferior 266 cor 60', '\r', '1 und', 493, 3),
(3178, '8000000117069', 4.2, 11, 'Triunfo superior 3p cor 62', '\r', '1 und', 493, 3),
(3179, '8000000117083', 4.2, 20, 'Triunfo superior 32m cor 62', '\r', '1 und', 493, 3),
(3180, '8000000117090', 4.2, 18, 'Triunfo inferior 34l cor 62', '\r', '1 und', 493, 3),
(3181, '8000000117144', 4.2, 10, 'Triunfo inferior a25 cor 66', '\r', '1 und', 493, 3),
(3182, '8000000117151', 4.2, 6, 'Triunfo inferior 266 cor 66', '\r', '1 und', 493, 3),
(3183, '8000000117205', 4.2, 19, 'Triunfo superior 3d cor 69', '\r', '1 und', 493, 3),
(3184, '8000000117212', 4.2, 9, 'Triunfo superior 3p cor 69', '\r', '1 und', 493, 3),
(3185, '8000000117229', 4.2, 5, 'Triunfo superior 32l cor 69', '\r', '1 und', 493, 3),
(3186, '8000000267016', 45, 3, 'Resina termo pó incolor', '\r', '450 g', 507, 3),
(3187, '8000000270139', 15, 4, 'Resina acrílica bivalente cor 66', '\r', '25 g', 503, 3),
(3188, '8000000287281', 85, 3, 'Resina acrilica auto pó cristal', '\r', '1 kg', 582, 3),
(3189, '8000000292711', 8.5, 15, 'Bionix te3 cor 69', '\r', '1 und', 495, 3),
(3190, '8000000292735', 8.5, 16, 'Bionix r4b cor 69', '\r', '1 und', 495, 3),
(3191, '8000000292759', 8.5, 13, 'Bionix il7 cor 69', '\r', '1 und', 495, 3),
(3192, '8000000292766', 8.5, 16, 'Bionix ik 6 cor 60', '\r', '1 und', 495, 3),
(3193, '8000000292773', 8.5, 7, 'Bionix superior tm2 cor 62', '\r', '1 und', 495, 3),
(3194, '8000000292797', 8.5, 10, 'Bionix superior tm6 cor 62', '\r', '1 und', 495, 3),
(3195, '8000000292803', 8.5, 10, 'Bionix inferior tm2 cor 62', '\r', '1 und', 495, 3),
(3196, '8000000292827', 8.5, 7, 'Bionix inferior tm6 cor 62', '\r', '1 und', 495, 3),
(3197, '8000000292841', 8.5, 12, 'Bionix t14 cor 66', '\r', '1 und', 495, 3),
(3198, '8000123456789', 262.65, 0, 'Kit arcos niti superelasticos +porta fios', '\r', 'kit', 969, 8),
(3199, '8000123456790', 262.65, 0, 'Kit arcos niti termo +porta fios', '\r', 'Kit', 969, 8),
(3200, '8000123456791', 45, 16, 'Clareador clàriant office peróxido de hidrogênio 35% + brinde barrera gengival', 'Especial\r', '1 se 1,2g+barera3g', 792, 34),
(3201, '896324557', 41, 4, 'Barreira gengival foto opaldam verde', '\r', '2 seringas 2.5g', 751, 25),
(3202, '898958254', 33, 17, 'Lamina de bisturi de 15', '\r', '100 und', 545, 12),
(3203, '9000000117020', 4.2, 13, 'Triunfo superior 2d cor 60', '\r', '1 und', 493, 3),
(3204, '9000000117044', 4.2, 9, 'Triunfo superior 266 cor 60', '\r', '1 und', 493, 3),
(3205, '9000000117051', 4.2, 9, 'Triunfo superior 30l cor 60', '\r', '1 und', 493, 3),
(3206, '9000000117068', 4.2, 12, 'Triunfo superior 263 cor 62', '\r', '1 und', 493, 3),
(3207, '9000000117075', 4.2, 17, 'Triunfo superior 2p cor 62', '\r', '1 und', 493, 3),
(3208, '9000000117082', 4.2, 13, 'Triunfo inferior 30m cor 62', '\r', '1 und', 493, 3),
(3209, '9000000117143', 4.2, 9, 'Triunfo superior a25 cor 66', '\r', '1 und', 970, 3),
(3210, '9000000117150', 4.2, 11, 'Triunfo superior 266 cor 66', '\r', '1 und', 493, 3),
(3211, '9000000117204', 4.2, 15, 'Triunfo inferior 2d cor 69', '\r', '1 und', 493, 3),
(3212, '9000000117211', 4.2, 22, 'Triunfo superior 263 cor 69', '\r', '1 und', 493, 3),
(3213, '9000000117235', 4.2, 9, 'Triunfo superior 264 cor 62', '\r', '1 und', 493, 3),
(3214, '9000000255593', 14, 10, 'Cera 9 rosa', '\r', '225g', 505, 3),
(3215, '9000000266964', 16, 8, 'Cera 7 rosa', '\r', '225g', 505, 3),
(3216, '9000000270138', 15, 4, 'Resina acrílica bivalente cor 62', '\r', '25 g', 583, 3),
(3217, '9000000287280', 45, 4, 'Resina acrilica auto pó cristal', '\r', '450 g', 582, 3),
(3218, '9000000292673', 8.5, 15, 'Bionix te2 cor 66', '\r', '1 und', 495, 3),
(3219, '9000000292697', 8.5, 16, 'Bionix tf4 cor 66', '\r', '1 und', 495, 3),
(3220, '9000000292703', 8.5, 12, 'Bionix te4 cor 66', '\r', '1 und', 495, 3),
(3221, '9000000292727', 8.5, 17, 'Bionix t12 cor 66', '\r', '1 und', 495, 3),
(3222, '9000000292741', 8.5, 12, 'Bionix t17 cor 69', '\r', '1 und', 495, 3),
(3223, '9000000292765', 8.5, 10, 'Bionix i 10 cor 69', '\r', '1 und', 495, 3),
(3224, '9000000292772', 8.5, 5, 'Bionix superior tm2 cor 60', '\r', '1 und', 495, 3),
(3225, '9000000292789', 8.5, 11, 'Bionix superior tm4 cor 69', '\r', '1 und', 495, 3),
(3226, '9000000292796', 8.5, 15, 'Bionix superior tm6 cor 60', '\r', '1 und', 495, 3),
(3227, '9000000292802', 8.5, 5, 'Bionix inferior tm3 cor 60', '\r', '1 und', 495, 3),
(3228, '9000000292819', 8.5, 10, 'Bionix inferior tm4 cor 69', '\r', '1 und', 495, 3),
(3229, '9000000292826', 8.5, 15, 'Bionix inferior tm6 cor 60', '\r', '1 und', 495, 3),
(3230, '9000000292833', 8.5, 16, 'Bionix tl4 cor 62', '\r', '1 und', 495, 3),
(3231, '9000000292857', 8.5, 15, 'Bionix ik 12 cor 62', '\r', '1 und', 495, 3),
(3232, '9300000117076', 4.2, 15, 'Triunfo inferior 2p cor 62', '\r', '1 und', 493, 3),
(3233, '9900000117085', 4.2, 13, 'Triunfo superior 30l cor 62', '\r', '1 und', 493, 3),
(3234, '9991000387059', 7, 59, 'Sugador de saliva azul', '\r', '40 und', 788, 53),
(3235, '9991000387066', 7, 88, 'Sugador de saliva amarelo', '\r', '40 und', 788, 53),
(3236, '9991000387073', 7, 60, 'Sugador de saliva verde', '\r', '40 und', 788, 53),
(3237, '9991000387080', 7, 58, 'Sugador de saliva vermelho', '\r', '40 und', 788, 53),
(3238, '9991000387097', 7, 41, 'Sugador de saliva transparente', '\r', '40 und', 788, 53);

-- --------------------------------------------------------

--
-- Estrutura para tabela `slider`
--

CREATE TABLE `slider` (
  `id_slider` int(11) NOT NULL,
  `id_subgrupo` int(11) NOT NULL,
  `imagem` varchar(5000) DEFAULT NULL,
  `fundo` varchar(5000) DEFAULT NULL,
  `status` enum('1','0') NOT NULL
) ENGINE=InnoDB DEFAULT CHARSET=latin1;

-- --------------------------------------------------------

--
-- Estrutura para tabela `subgrupo`
--

CREATE TABLE `subgrupo` (
  `id_subgrupo` int(11) NOT NULL,
  `nome` varchar(200) NOT NULL,
  `id_grupo` int(11) NOT NULL
) ENGINE=InnoDB DEFAULT CHARSET=latin1;

--
-- Despejando dados para a tabela `subgrupo`
--

INSERT INTO `subgrupo` (`id_subgrupo`, `nome`, `id_grupo`) VALUES
(491, 'Ucla plastica ', 488),
(492, 'Ligadura temática ', 489),
(493, 'Triunfo', 490),
(494, 'Insolante para resina ', 491),
(495, 'Bionix ', 490),
(496, 'Ligadura modular', 489),
(497, 'Ligadura em corrente ', 489),
(498, 'Cimentação', 492),
(499, 'Forrador ', 492),
(500, 'Restauração', 492),
(501, 'Para alta rotaçâo', 493),
(502, 'Restaurações', 494),
(503, 'Resina acrílica p/ provisorio', 495),
(504, 'Resina', 496),
(505, 'Cera', 491),
(506, 'Resina acrilica auto liquido', 495),
(507, 'Resina acrilica termo pó', 495),
(508, 'Bionix ', 497),
(509, 'Sonda ', 488),
(510, 'Kit', 488),
(511, 'Intra oral', 489),
(512, 'Preminun', 498),
(513, 'Resina acrilica termo liquido', 495),
(514, 'Componente oring', 488),
(515, 'Ceramico ', 499),
(516, 'Orthogalaxy', 499),
(517, 'Metalico convencional', 500),
(518, 'Autoligado metalico', 500),
(519, 'Braquete metalico lingual', 500),
(520, 'Safiro', 499),
(521, 'Safiro ', 500),
(522, 'Ceramico ', 500),
(523, 'Autoligado ceramico ', 500),
(524, 'Simple roth', 501),
(525, 'Duplo roth', 501),
(526, 'Autoclave', 502),
(527, 'Guia de mordida', 503),
(528, 'Stop retangulares', 503),
(529, 'Gancho ponta bola ', 503),
(530, 'Fita para contençao lingual', 504),
(531, 'Botão para solda', 504),
(532, 'Botão para colagem', 504),
(533, 'Gancho longo', 503),
(534, 'Cirúrgico ', 505),
(535, 'Transfer ', 488),
(536, 'Ucla titanio', 488),
(537, 'Suporte embalagem', 506),
(538, 'Rolo ', 506),
(539, 'Sensor digital', 507),
(540, 'Filme', 507),
(541, 'Cofia', 488),
(542, 'Ucla base cromo', 488),
(543, 'Mini conico ', 488),
(544, 'Bicarbonato', 508),
(545, 'Laminas', 509),
(546, 'Tampa ', 488),
(547, 'Barra clip', 488),
(548, 'Raio x', 510),
(549, 'Alicate sem tampa ', 511),
(550, 'Arcos', 511),
(551, 'Bengalinha', 511),
(552, 'Alicate com tampa', 511),
(553, 'Corrente', 511),
(554, 'Alicate deitado', 511),
(555, 'Maleta para alicates', 511),
(556, 'Algodão rolete', 511),
(557, 'Algodão rolete', 512),
(558, 'Porta resina', 511),
(559, 'Ligadura modular', 511),
(560, 'Toucador ', 513),
(561, 'Babador', 511),
(562, 'Caixa de luvas', 511),
(563, 'Analogo', 488),
(564, 'Munhão hi e he', 488),
(565, 'Cicatrizador hi', 488),
(566, 'Cicatrizador he', 488),
(567, 'Cicatrizador cm', 488),
(568, 'Marcador de instrumento ', 514),
(569, 'Sonda', 514),
(570, 'Silicone ', 515),
(571, 'Analogo', 516),
(572, 'Munhão cone morse ', 488),
(573, 'Proteção radiológa', 507),
(574, 'Implante conico hi', 488),
(575, 'Implante cone morse', 488),
(576, 'Parafuso', 488),
(577, 'Afastador labial', 517),
(578, 'Para clariamento', 517),
(579, 'Para foto', 517),
(580, 'Com retrator ', 517),
(581, 'Resinoso', 505),
(582, 'Resina acrilica auto pó ', 495),
(583, 'Resina acrílica p/ provisorio', 518),
(584, ' acionamento ', 502),
(585, 'Seladora ', 502),
(586, 'Acessório para raio-x', 507),
(587, 'Cuba de ultrassom ', 502),
(588, 'Resina acrílica auto kit', 495),
(589, 'Cera', 519),
(590, 'Agulha gengival', 520),
(591, 'Kit esteril', 521),
(592, 'Negatoscópio ', 507),
(593, 'Tipo 4 ', 522),
(594, 'Envelope ', 506),
(595, 'Indicador quimico ', 506),
(596, 'Anestésico tópico', 523),
(597, 'Tipo 2', 524),
(598, 'Proteçao ', 502),
(599, 'Microcanulas', 520),
(600, 'Bisacrilica', 495),
(601, 'Maniquin', 525),
(602, 'Aço redondo', 526),
(603, 'Aço retangular', 526),
(604, 'Niti fechada ', 527),
(605, 'Niti superelástico redondo', 526),
(606, 'Niti superelástico retangular', 526),
(607, 'Niti termo redondo', 526),
(608, 'Niti termo retangular', 526),
(609, 'Curva reversa redondo', 526),
(610, 'Estetico redondo', 526),
(611, 'Estetico retangular', 526),
(612, 'Niti aberta', 527),
(613, 'Copper niti redondo', 526),
(614, 'Copper niti retangular', 526),
(615, 'Corte amarrilho for her', 528),
(616, 'Corte amarrilho', 528),
(617, 'Corte distal confort', 528),
(618, 'Corte fio grosso', 528),
(619, 'Alihnadores', 528),
(620, '109 de la rosa', 528),
(621, '110 how reto', 528),
(622, '111 how curvo', 528),
(623, '139 angle', 528),
(624, '158 formar amarrilho', 528),
(625, '168 dobrar em v', 528),
(626, 'Dobrador de arco de niti', 528),
(627, '200 tridente', 528),
(628, '120 weingart', 528),
(629, '325 universal', 528),
(630, 'Removedor de braquete curvo', 528),
(631, '347 removedor de banda', 528),
(632, '350 tweed omega loop ', 529),
(633, '400 w torque individual ', 528),
(634, '410 atkinson', 528),
(635, '442 c tweed ', 528),
(636, '001 nance', 528),
(637, '053 meia cana', 528),
(638, '074 young', 528),
(639, 'Removedor de braquete reto', 528),
(640, 'Gancho bola', 528),
(641, 'Porta agulha mathieu', 530),
(642, 'Pinça para braquetes', 531),
(643, 'Pinça para tubos', 531),
(644, 'Acalcador', 531),
(645, 'Posicionador ', 531),
(646, 'Dobrador de amarrilho', 531),
(647, 'Para bandas foto', 496),
(648, 'Resinas e adesivos', 496),
(649, 'Ionomero para bandas auto', 496),
(650, 'Adição', 532),
(651, 'Tira de lixa resina ', 533),
(652, 'Ponta de guta ', 534),
(653, 'Ponta de papel', 534),
(654, 'Para metal', 535),
(655, 'Resina protetora', 536),
(656, 'Clareador interno', 537),
(657, 'Fibra de vidro ', 538),
(658, 'Pastilhas parra limpeza', 536),
(659, 'Caixa concha ', 512),
(660, 'Nitrilo ', 498),
(661, 'Flow', 494),
(662, 'Esponja', 539),
(663, 'Cordada ', 540),
(664, 'Zinco ', 505),
(665, 'Endodontico', 541),
(666, 'Verniz de flúor', 508),
(667, 'Fosforico', 542),
(668, 'Com vaso', 523),
(669, 'Hidróxido auto', 505),
(670, 'Provisório ', 505),
(671, 'Flúor em gel', 508),
(672, 'Pedra pomes', 508),
(673, 'Pasta profilatica', 508),
(674, 'Condicionador Ácido ', 492),
(675, 'Restauração', 543),
(676, 'Extroral ', 526),
(677, 'Curva reversa retangular', 526),
(678, 'Solda prata rolo ', 531),
(679, 'Tracionador ', 544),
(680, 'Dobrador de expansor', 531),
(681, 'Colocador de elásticos', 531),
(682, 'Torre ortodôntica ', 531),
(683, 'Tensiômetro', 531),
(684, 'Aço aberta', 527),
(685, 'Aço fechada', 527),
(686, 'Embalagem para paciente', 511),
(687, 'Universal', 545),
(688, 'Caixa para bandas ', 512),
(689, 'Extra oral ', 489),
(690, 'Ligadura bengalinha', 489),
(691, 'Elástico separador ', 489),
(692, 'Expansor', 544),
(693, 'Expansor hyrax', 544),
(694, 'Rolo duro elástico inox ', 546),
(695, 'Fio amarrilho', 546),
(696, 'Vareta azul morealloy', 546),
(697, 'Vareta standard de aço ', 546),
(698, 'Duplo roth', 547),
(699, 'Triplo roth', 547),
(700, 'Vareta twist flex ', 546),
(701, 'Elástico rotador', 489),
(702, 'Barra palatina com loop mesial', 504),
(703, 'Simple roth', 547),
(704, 'Gurin sem gancho ', 503),
(705, 'Chave para gurin', 531),
(706, 'Gancho para tração ', 503),
(707, 'Light', 499),
(708, 'Diversos', 544),
(709, 'Gurin com gancho ', 503),
(710, 'Template ', 531),
(711, 'Destacador de tampa', 531),
(712, 'Dobrador de distal', 531),
(713, 'Policarbonato ', 500),
(714, 'Composite ', 499),
(715, 'Vareta tma', 546),
(716, 'Pinça plic', 531),
(717, 'Completa dentado', 548),
(718, 'Adesivo', 496),
(719, 'Max', 499),
(720, 'Gurin haste longa', 503),
(721, 'Fio meia cana ', 546),
(722, 'Protetor de fio ', 489),
(723, 'Caixa de aparelho ', 512),
(724, 'Tala ortodonitca ', 544),
(725, 'Stop redondos', 503),
(726, 'Miniparafuso', 549),
(727, 'Lingual', 547),
(728, 'Chaves', 549),
(729, 'Cera proteção', 536),
(730, 'Simple mbt', 501),
(731, 'Mascara para tração', 544),
(732, 'Pre-molar', 545),
(733, 'Mini esporão', 503),
(734, 'Autoligado ', 499),
(735, 'Tubo simples ', 545),
(736, 'Tubo duplo', 545),
(737, 'Tubo triplo', 545),
(738, 'Tubo triplo com tubo lingual', 545),
(739, 'Caixa multiuso', 512),
(740, 'Autoligado ', 550),
(741, 'Cursor mesializador', 549),
(742, 'Kit de arcos', 526),
(743, 'Polimento e remação', 531),
(744, 'Dispensador', 532),
(745, 'Descartavel', 551),
(746, 'Obturador provisorio', 505),
(747, 'Endodontico', 505),
(748, 'Hidróxido de cálcio foto', 505),
(749, 'Fluorídrico', 542),
(750, 'Silano', 552),
(751, 'Barreira gengival', 537),
(752, 'Caseiro', 537),
(753, 'Fio', 553),
(754, 'Evidenciador ', 554),
(755, 'Selante ', 508),
(756, 'Curativo', 555),
(757, 'Cariostático', 556),
(758, 'Solução', 395),
(759, 'Solução', 557),
(760, 'Gel', 557),
(761, 'Endodôntico', 558),
(762, 'Solvente', 534),
(763, 'Gel', 559),
(764, 'Solução', 559),
(765, 'Dessensibilizante', 537),
(766, 'Universal', 535),
(767, 'Discos diversos', 533),
(768, 'Disco de lixa', 533),
(769, 'Cunha de madeira ', 560),
(770, 'Tira de lixa aço', 533),
(771, 'Cunha elástica', 560),
(772, 'Matriz de poliéster', 561),
(773, 'Pasta de polimento', 533),
(774, 'Pincel', 562),
(775, 'Instrumentais para diversos', 562),
(776, 'Pó e liquido', 563),
(777, 'Matriz metalica', 561),
(778, 'Coroa de poliéster', 564),
(779, 'Matriz cervical', 561),
(780, 'Aplicador descartável', 565),
(781, 'K', 566),
(782, 'H', 566),
(783, 'Materila para consultório', 567),
(784, 'Broca largo ', 568),
(785, 'Kit', 548),
(786, 'Moldeiras parciais', 548),
(787, 'Moldeira descartavel ', 548),
(788, 'Saliva', 569),
(789, 'Para fundição', 538),
(790, 'Endodontico', 569),
(791, 'Soft', 570),
(792, 'Consultorio', 537),
(793, 'Arco', 571),
(794, 'Isolamento', 571),
(795, 'Fibra de vidro', 494),
(796, 'Caixa de aparelho ', 511),
(797, 'Arcada ', 572),
(798, 'Reto', 572),
(799, 'Materila para consultório', 573),
(800, 'Brindes para pacientes', 573),
(801, 'Abridor de boca', 517),
(802, 'Molderira para fluor ', 548),
(803, 'Brindes para pacientes', 567),
(804, 'Espacador ', 566),
(805, 'Stop de silicone ', 566),
(806, 'Broca gates ', 568),
(807, 'Evidenciador de placa', 556),
(808, 'Metalico ', 538),
(809, 'Metalico ', 574),
(810, 'Tamborel de apoio ', 575),
(811, 'Ponta de aspiração', 576),
(812, 'Regua ', 577),
(813, 'Algodao hidrofilo ', 506),
(814, 'Cordada ', 578),
(815, 'Articulador', 502),
(816, 'Fotoplimerizador', 502),
(817, 'Plastificadora ', 579),
(818, 'Cristal ', 570),
(819, 'Lupa', 502),
(820, 'Inox dentad kit', 548),
(821, 'Hipoclorito', 265),
(822, 'Para alta rotaçâo', 580),
(823, 'Taça de borracha', 508),
(824, 'Mandril ca', 581),
(825, 'Broca carbide ', 568),
(826, 'Colmeia diamantada ', 533),
(827, 'Kit polimento', 533),
(828, 'Kit polimento', 582),
(829, 'Escovas', 508),
(830, 'Cavitador e ultrassom', 502),
(831, 'Avental', 521),
(832, 'Mascara tipla com elástico ', 521),
(833, 'Touca ', 521),
(834, 'Espatula para gesso ', 583),
(835, 'Typodont metal', 531),
(836, 'Base', 584),
(837, 'De latäo', 585),
(838, 'Maçarico blaster', 586),
(839, 'Zolacdor pastico ', 587),
(840, 'Fio de latáo ', 531),
(841, 'Lecron', 514),
(842, 'Porta algodao ', 511),
(843, 'Prendedor jacaré corrente', 514),
(844, 'Camara escura', 507),
(845, 'Eliminadora de bolhas ', 586),
(846, 'Jateamento e desgaste', 586),
(847, 'Oxido aluminio ', 588),
(848, 'Vibrador de gesso', 502),
(849, 'Solda ponto', 531),
(850, 'Prensa', 586),
(851, 'Carpule', 589),
(852, 'Corte distal master', 528),
(853, 'Corte amarrilho master', 528),
(854, 'Cimento', 590),
(855, '114 jonson conformador d banda', 528),
(856, '350 tweed omega loop ', 528),
(857, 'Corte amarrilho premiun', 528),
(858, 'Corte distal gold', 528),
(859, 'Jaraback', 528),
(860, 'Tesoura ', 530),
(861, 'Pinça auxiliar ', 530),
(862, 'Pinça palmer', 530),
(863, 'Alavanca ', 591),
(864, 'Para resina', 590),
(865, ' metalico', 592),
(866, ' para foto', 513),
(867, 'Pinça mosquito', 530),
(868, 'Clínico ', 513),
(869, 'Descolador ', 514),
(870, 'Removedor de braquete ceramico', 528),
(871, 'Bandeja plastica', 593),
(872, 'Braided', 526),
(873, 'Advanced', 499),
(874, 'Corte distal ', 528),
(875, 'Reposição metalico', 499),
(876, 'Simples conversivel ', 501),
(877, 'Motor para implante', 594),
(878, 'Micro motor ', 502),
(879, 'Contra Ângulo', 502),
(880, 'Contra Ângulo para implante', 595),
(881, 'Motor para implante', 502),
(882, 'Peça cirurgica', 502),
(883, 'Peça reta ', 502),
(884, 'Acadêmico ', 596),
(885, 'Caneta alta rotaçâo', 502),
(886, 'Seringa triplice', 502),
(887, 'Articulador', 595),
(888, 'Jato para bicarbonato', 502),
(889, 'Edta ', 558),
(890, 'Idoformio ', 558),
(891, 'Paramono', 558),
(892, 'Evidenciador ', 556),
(893, 'Tigela de borracha ', 597),
(894, 'Espatula para alginato', 598),
(895, 'Fg', 599),
(896, ' fg/ca', 599),
(897, 'Refil ', 575),
(898, 'Restaurador provisório', 505),
(899, 'Bolsa termica', 600),
(900, 'Cimento de zinco ', 505),
(901, 'Cimentação', 601),
(902, 'Restaurações', 602),
(903, 'Tipo 2', 603),
(904, 'Plastico', 551),
(905, 'Oleo spray ', 502),
(906, 'Ponta diamantada', 568),
(907, 'Condensação ', 532),
(908, 'Nylon', 604),
(909, 'Seda', 604),
(910, 'Desincrustante', 506),
(911, 'Agua destilada ', 506),
(912, 'Ortodôntico', 522),
(913, 'Tipo 3', 522),
(914, 'Tipo 2', 522),
(915, 'Baixa fusão', 605),
(916, 'Sabonete ', 506),
(917, 'De gesso', 606),
(918, 'Solução de milton', 265),
(919, 'Álcool gel', 506),
(920, 'Detergente para instrumentos ', 506),
(921, 'Álcool solução', 506),
(922, 'Detergente enzimático', 506),
(923, 'Vicryl ', 604),
(924, 'Bolinha de espuma', 565),
(925, 'Em gel', 607),
(926, 'Corante para resina', 494),
(927, 'Registro de mordida', 532),
(928, 'Admira fusion ', 494),
(929, 'Modelos ', 532),
(930, 'Teste de vitalidade ', 558),
(931, 'Oleo de laranja ', 558),
(932, 'Cirúrgico descartável ', 569),
(933, 'Tira de poliéster ', 533),
(934, 'Solução', 539),
(935, 'Eugenol ', 558),
(936, 'Formacrecol ', 608),
(937, 'Teicresol', 558),
(938, 'Espátula para ionomero', 492),
(939, 'De alginato', 606),
(940, 'De cera', 606),
(941, 'Limpador aço inox', 506),
(942, 'Detergente neutro', 506),
(943, 'Para cópia dental ', 532),
(944, 'Ativador ', 532),
(945, 'Cimento para lentes', 505),
(946, 'Gengiva ', 532),
(947, 'Pontas automistura ', 532),
(948, 'Laboratorio', 532),
(949, 'Condensador ', 566),
(950, 'Broca lentulo mecanisado', 566),
(951, 'Flexile', 566),
(952, 'Resina composta p/ laboratório', 495),
(953, 'Algodão em rolete ', 506),
(954, '121 bico chato', 528),
(955, 'Lima rotatória', 566),
(956, 'Osso', 609),
(957, 'Membrana', 609),
(958, 'Simples damon', 501),
(959, 'Sequência ', 526),
(960, 'Contour niti', 526),
(961, 'Sonda', 577),
(962, 'Cabo para espelho', 610),
(963, 'Instrumentais para diversos', 611),
(964, 'Forceps adulto ', 591),
(965, 'Saca coroa', 514),
(966, 'Cabo de bisturi', 610),
(967, 'Pinça clinica', 530),
(968, 'Latex ', 498),
(969, 'Kit niti + arco', 612),
(970, 'Triunfo', 497);

-- --------------------------------------------------------

--
-- Estrutura para tabela `usuario`
--

CREATE TABLE `usuario` (
  `id_user` bigint(20) UNSIGNED NOT NULL,
  `nome` varchar(200) NOT NULL,
  `login` varchar(200) NOT NULL,
  `senha` varchar(200) NOT NULL,
  `email` varchar(200) NOT NULL,
  `dtupdate` datetime DEFAULT NULL
) ENGINE=InnoDB DEFAULT CHARSET=utf8;

--
-- Despejando dados para a tabela `usuario`
--

INSERT INTO `usuario` (`id_user`, `nome`, `login`, `senha`, `email`, `dtupdate`) VALUES
(2, 'dental', 'dental', 'cde512dfb6937975382bb78607a1b2ec', 'dental@gmail.com', '2019-04-27 15:00:00');

--
-- Índices de tabelas apagadas
--

--
-- Índices de tabela `carrinho`
--
ALTER TABLE `carrinho`
  ADD PRIMARY KEY (`id_carrinho`);

--
-- Índices de tabela `categoria`
--
ALTER TABLE `categoria`
  ADD PRIMARY KEY (`id_categoria`);

--
-- Índices de tabela `destaque`
--
ALTER TABLE `destaque`
  ADD PRIMARY KEY (`id_destaque`);

--
-- Índices de tabela `estilo`
--
ALTER TABLE `estilo`
  ADD PRIMARY KEY (`id_estilo`);

--
-- Índices de tabela `foto`
--
ALTER TABLE `foto`
  ADD PRIMARY KEY (`id_foto`);

--
-- Índices de tabela `grupo`
--
ALTER TABLE `grupo`
  ADD PRIMARY KEY (`id_grupo`),
  ADD KEY `id_categoria` (`id_categoria`);

--
-- Índices de tabela `item`
--
ALTER TABLE `item`
  ADD PRIMARY KEY (`id_item`),
  ADD KEY `id_subgrupo` (`id_subgrupo`),
  ADD KEY `id_marca` (`id_marca`);

--
-- Índices de tabela `itemcarrinho`
--
ALTER TABLE `itemcarrinho`
  ADD PRIMARY KEY (`id_itemcarrinho`),
  ADD KEY `id_produto` (`id_produto`),
  ADD KEY `id_carrinho` (`id_carrinho`);

--
-- Índices de tabela `marca`
--
ALTER TABLE `marca`
  ADD PRIMARY KEY (`id_marca`);

--
-- Índices de tabela `mensagem`
--
ALTER TABLE `mensagem`
  ADD PRIMARY KEY (`id_mensagem`);

--
-- Índices de tabela `pedido`
--
ALTER TABLE `pedido`
  ADD PRIMARY KEY (`id_pedido`),
  ADD KEY `id_carrinho` (`id_carrinho`);

--
-- Índices de tabela `produto`
--
ALTER TABLE `produto`
  ADD PRIMARY KEY (`id_produto`),
  ADD KEY `id_subgrupo` (`id_subgrupo`),
  ADD KEY `id_marca` (`id_marca`);

--
-- Índices de tabela `slider`
--
ALTER TABLE `slider`
  ADD PRIMARY KEY (`id_slider`),
  ADD KEY `id_subgrupo` (`id_subgrupo`);

--
-- Índices de tabela `subgrupo`
--
ALTER TABLE `subgrupo`
  ADD PRIMARY KEY (`id_subgrupo`),
  ADD KEY `id_grupo` (`id_grupo`);

--
-- Índices de tabela `usuario`
--
ALTER TABLE `usuario`
  ADD PRIMARY KEY (`id_user`);

--
-- AUTO_INCREMENT de tabelas apagadas
--

--
-- AUTO_INCREMENT de tabela `carrinho`
--
ALTER TABLE `carrinho`
  MODIFY `id_carrinho` int(11) NOT NULL AUTO_INCREMENT;

--
-- AUTO_INCREMENT de tabela `categoria`
--
ALTER TABLE `categoria`
  MODIFY `id_categoria` int(11) NOT NULL AUTO_INCREMENT, AUTO_INCREMENT=14;

--
-- AUTO_INCREMENT de tabela `destaque`
--
ALTER TABLE `destaque`
  MODIFY `id_destaque` int(11) NOT NULL AUTO_INCREMENT;

--
-- AUTO_INCREMENT de tabela `estilo`
--
ALTER TABLE `estilo`
  MODIFY `id_estilo` int(11) NOT NULL AUTO_INCREMENT, AUTO_INCREMENT=5;

--
-- AUTO_INCREMENT de tabela `foto`
--
ALTER TABLE `foto`
  MODIFY `id_foto` int(11) NOT NULL AUTO_INCREMENT, AUTO_INCREMENT=20;

--
-- AUTO_INCREMENT de tabela `grupo`
--
ALTER TABLE `grupo`
  MODIFY `id_grupo` int(11) NOT NULL AUTO_INCREMENT, AUTO_INCREMENT=613;

--
-- AUTO_INCREMENT de tabela `item`
--
ALTER TABLE `item`
  MODIFY `id_item` int(11) NOT NULL AUTO_INCREMENT, AUTO_INCREMENT=1023;

--
-- AUTO_INCREMENT de tabela `itemcarrinho`
--
ALTER TABLE `itemcarrinho`
  MODIFY `id_itemcarrinho` int(11) NOT NULL AUTO_INCREMENT;

--
-- AUTO_INCREMENT de tabela `marca`
--
ALTER TABLE `marca`
  MODIFY `id_marca` int(11) NOT NULL AUTO_INCREMENT, AUTO_INCREMENT=55;

--
-- AUTO_INCREMENT de tabela `mensagem`
--
ALTER TABLE `mensagem`
  MODIFY `id_mensagem` int(11) NOT NULL AUTO_INCREMENT;

--
-- AUTO_INCREMENT de tabela `pedido`
--
ALTER TABLE `pedido`
  MODIFY `id_pedido` int(11) NOT NULL AUTO_INCREMENT;

--
-- AUTO_INCREMENT de tabela `produto`
--
ALTER TABLE `produto`
  MODIFY `id_produto` int(11) NOT NULL AUTO_INCREMENT, AUTO_INCREMENT=3239;

--
-- AUTO_INCREMENT de tabela `slider`
--
ALTER TABLE `slider`
  MODIFY `id_slider` int(11) NOT NULL AUTO_INCREMENT;

--
-- AUTO_INCREMENT de tabela `subgrupo`
--
ALTER TABLE `subgrupo`
  MODIFY `id_subgrupo` int(11) NOT NULL AUTO_INCREMENT, AUTO_INCREMENT=971;

--
-- AUTO_INCREMENT de tabela `usuario`
--
ALTER TABLE `usuario`
  MODIFY `id_user` bigint(20) UNSIGNED NOT NULL AUTO_INCREMENT, AUTO_INCREMENT=3;

--
-- Restrições para dumps de tabelas
--

--
-- Restrições para tabelas `grupo`
--
ALTER TABLE `grupo`
  ADD CONSTRAINT `id_categoria` FOREIGN KEY (`id_categoria`) REFERENCES `categoria` (`id_categoria`);

--
-- Restrições para tabelas `itemcarrinho`
--
ALTER TABLE `itemcarrinho`
  ADD CONSTRAINT `id_produto` FOREIGN KEY (`id_produto`) REFERENCES `produto` (`id_produto`),
  ADD CONSTRAINT `itemcarrinho_ibfk_1` FOREIGN KEY (`id_carrinho`) REFERENCES `carrinho` (`id_carrinho`);

--
-- Restrições para tabelas `pedido`
--
ALTER TABLE `pedido`
  ADD CONSTRAINT `id_carrinho` FOREIGN KEY (`id_carrinho`) REFERENCES `carrinho` (`id_carrinho`);

--
-- Restrições para tabelas `produto`
--
ALTER TABLE `produto`
  ADD CONSTRAINT `id_subgrupo` FOREIGN KEY (`id_subgrupo`) REFERENCES `subgrupo` (`id_subgrupo`);

--
-- Restrições para tabelas `slider`
--
ALTER TABLE `slider`
  ADD CONSTRAINT `slider_ibfk_1` FOREIGN KEY (`id_subgrupo`) REFERENCES `subgrupo` (`id_subgrupo`);
COMMIT;

/*!40101 SET CHARACTER_SET_CLIENT=@OLD_CHARACTER_SET_CLIENT */;
/*!40101 SET CHARACTER_SET_RESULTS=@OLD_CHARACTER_SET_RESULTS */;
/*!40101 SET COLLATION_CONNECTION=@OLD_COLLATION_CONNECTION */;
